Organization Name,Networks Shared With Me,Networks I'm Sharing
Coles County IL SO ,"Coles County IL SO,Ashmore IL PD ",
Village of Lynwood IL PD,Village of Lynwood IL PD,"Dunwoody GA PD,Dunwoody GA Parks"
WI Department of Justice,,"Dunwoody GA PD,Dunwoody GA Parks"
Calumet Park IL PD,,"Dunwoody GA PD,Dunwoody GA Parks"
Coal Valley IL PD ,,"Dunwoody GA PD Flex,Dunwoody GA PD,Dunwoody GA Parks"
Peru IN PD,,"Dunwoody GA PD,Dunwoody GA Parks"
Champaign IL PD,,"Dunwoody GA PD,Dunwoody GA Parks"
Rossville IL PD,,"Dunwoody GA PD,Dunwoody GA Parks"
Graves County KY SO,,"Dunwoody GA PD,Dunwoody GA Parks"
Front Royal VA PD,,"Dunwoody GA PD,Dunwoody GA Parks"
Carter County TN SO,,Dunwoody GA PD
Allen County IN SO,,"Dunwoody GA PD,Dunwoody GA Parks"
Southern Illinois University IL PD ,,"Dunwoody GA PD,Dunwoody GA Parks"
Wilmington OH PD,,"Dunwoody GA PD,Dunwoody GA Parks"
Cedar Bluff VA PD,,"Dunwoody GA PD,Dunwoody GA Parks"
OH - Sabina PD ,,"Dunwoody GA PD,Dunwoody GA Parks"
Energy IL PD,,"Dunwoody GA PD,Dunwoody GA Parks"
Vienna IL PD,,Dunwoody GA Parks
Silver Lake PD IN,,Dunwoody GA Parks
Benton IL PD ,,Dunwoody GA Parks
Ross Township OH PD,,Dunwoody GA Parks
Helena AL PD,Helena AL PD,"Dunwoody GA PD,Dunwoody GA Parks"
Franklin IN PD,"Franklin IN PD (Flex),Franklin IN PD","Dunwoody GA PD,Dunwoody GA Parks"
Lyons GA PD,Lyons GA PD,"Dunwoody GA PD,Dunwoody GA Parks"
Escambia County FL SO,Escambia County FL SO ,"Dunwoody GA PD Flex,Dunwoody GA PD,Dunwoody GA Parks"
Gadsden County FL SO,"Gadsden County FL SO ,Gadsden County FL SO (Flex)","Dunwoody GA PD,Dunwoody GA Parks"
Ancient City Capital,"2018 IAVF PRAIRIE VIEW LLC (IL),The Cove at NOLA (LA),Greenbrier Apartments (WV),Beacon Pointe (MS),Eban Village (TX),AHPC Hub Tallahassee LLC (Ocala Rd) (FL),HHF - McDaniels Street (GA),Patriot Grove,Patriot Plaza (FL),AHPC PROSPER FAIRWAYS APARTMENTS LLC (SC) ,AHPC Inverness Lakes 2021 LLC (AL),AHPC Orchard Park 2021 LLC (SC) ,FOUNTAIN CITY APARTMENTS LLC (GA),AHPC Cordova Regency (FL) ,MILLENNIA JAX 2021 LLC (FL),The Rubix (Patriot Suites) (NV),Sunset on the Bayou (AL),AHPC SOCIAL TALLAHASSEE LLC (FL),PSG Vesta Derby Oaks LLC (KY),Autumn Trace Apts (MS),AHPC Verandas at Rocky Ridge 2021 LLC (AL),Bern-Mas (LA),Gardenia Grove (MS),AHPC Terraces at Fieldstone Apartments LLC (GA),PSG Pine Forest Park (TX),Brookwood Apartments (LA),Granada Square (MS),Kingston Point (LA),AHPC PARKS AT RIVERCREST LLC (SC),Social 1600 (FL),ALPINE APARTMENT HOMES LLC (GA),2018 IAVF TIMBER OAKS LLC (IL),AHPC Vista Towers 2021 LLC (SC),AHPC Plantations at Pine Lake (FL),Regency Woods (MS),AHPC Lakeview at Cottage Hill 2021 LLC (AL),Iberia South (LA),AHPC TROPICAL RIDGE APARTMENTS LLC,Patriot Grove (MS),Bandywood (MS),Village Hills Apartments (WV),Crestview at Cordova (FL) ",
Ben Hill County GA SO,Ben Hill County SO (GA),"Dunwoody GA PD,Dunwoody GA Parks"
Jones County SO - GA,"Jones County GA SO,Jones County GA SO Flex","Dunwoody GA PD,Dunwoody GA Parks"
Henry County GA PD,"Henry County GA - Wing LVI (Redspeed),Henry County GA PD,Henry County GA PD - Wing,Henry County GA PD - Raven,Henry County GA PD - Condor","Dunwoody GA PD Flex,Dunwoody GA PD,Dunwoody GA Parks,Dunwoody GA PD - Car Crash Pilot"
St. Louis County MO PD,Village of Wilbur Park MO - SLCPD,"Dunwoody GA PD,Dunwoody GA Parks"
Adairsville GA PD,Adairsville GA PD,"Dunwoody GA PD Flex,Dunwoody GA PD,Dunwoody GA Parks,Dunwoody GA PD Trailer - Flock Demo,Dunwoody GA PD - Car Crash Pilot"
Murray County GA SO,Murray County GA SO,"Dunwoody GA PD,Dunwoody GA Parks"
Lilburn GA PD,"Lilburn GA PD - Redspeed,Lilburn CID,Lilburn GA PD","Dunwoody GA PD Flex,Dunwoody GA PD,Dunwoody GA Parks,Dunwoody GA PD Trailer - Flock Demo,Dunwoody GA PD - Car Crash Pilot"
Brookhaven GA PD,"Brookhaven GA PD (Condor),Brookhaven GA PD (Falcon),Brookhaven Parks (GA),Brookhaven GA Parks (Condors)","Dunwoody GA PD Flex,Dunwoody GA PD,Dunwoody GA Parks,Dunwoody GA PD Trailer - Flock Demo,Dunwoody GA PD Wing Live,Dunwoody GA PD - Car Crash Pilot,Dunwoody GA PD - DFR,Dunwoody PD Wing Gateway Demo V2"
South Sioux City NE PD ,South Sioux City NE PD ,
McHenry County Conservation District IL PD,McHenry County IL SO,
Roswell GA PD,"Roswell GA Wing ,Roswell GA PD,Roswell GA PD - (RedSpeed)","Dunwoody GA PD Flex,Dunwoody GA PD,Dunwoody GA Parks,Dunwoody GA PD Trailer - Flock Demo,Dunwoody GA PD - Car Crash Pilot"
Fulton County Schools PD (GA),"Fulton County Schools PD (GA) - Wing LVI,Fulton County Schools GA South Campuses,Fulton County Schools GA North Campuses","Dunwoody GA PD,Dunwoody GA Parks"
Thomasville GA PD,"Thomasville GA PD,Thomasville GA PD Raven ","Dunwoody GA PD,Dunwoody GA Parks"
Woodbury GA PD,Woodbury GA PD,"Dunwoody GA PD,Dunwoody GA Parks,Dunwoody GA PD Wing Live"
Lincoln AL PD,"Lincoln AL PD (Flex),Lincoln AL PD","Dunwoody GA PD,Dunwoody GA Parks"
Ulysses KS PD,Ulysses KS PD,
Four Oaks (GA),Four Oaks (GA),
Sugar Hill GA PD,"Sugar Hill GA PD (Flex),Sugar Hill GA PD","Dunwoody GA PD Flex,Dunwoody GA PD,Dunwoody GA Parks,Dunwoody GA PD - Car Crash Pilot"
Dyersburg TN PD,Dyersburg TN PD,"Dunwoody GA PD,Dunwoody GA Parks"
Montezuma GA PD,Montezuma GA PD,"Dunwoody GA PD Flex,Dunwoody GA PD,Dunwoody GA Parks,Dunwoody GA PD Raven"
Upson County GA SO,Upson County GA SO,"Dunwoody GA PD,Dunwoody GA Parks"
Perry GA PD,"Perry GA PD - Redspeed,Perry GA PD,Perry GA PD (Flex)","Dunwoody GA PD Flex,Dunwoody GA PD,Dunwoody GA Parks,Dunwoody GA PD - Solar Video"
Lavonia GA PD,Lavonia GA PD,"Dunwoody GA PD,Dunwoody GA Parks"
Jonesboro GA PD,"Jonesboro GA PD,Jonesboro GA PD - Redspeed","Dunwoody GA PD Flex,Dunwoody GA PD,Dunwoody GA Parks,Dunwoody GA PD Trailer - Flock Demo,Dunwoody GA PD - Car Crash Pilot,Dunwoody GA PD DFR"
Calhoun County AL SO,Calhoun County AL SO,"Dunwoody GA PD Flex,Dunwoody GA PD,Dunwoody GA Parks,Dunwoody GA PD (Condor) ,Dunwoody GA PD Raven"
Pickens County GA SO,"Pickens County GA SO - Redspeed,Pickens County GA SO,Pickens County GA SO (FLEX) ","Dunwoody GA PD,Dunwoody GA Parks"
Fort Worth TX PD ,"Fort Worth TX PD Wing LPR Cameras (Q1700),Fort Worth TX PD - Milestone Live PTZ,Fort Worth TX PD - PID 7 Heritage,Fort Worth TX PD PID #11 Stockyards,Fort Worth TX PD - Las Vegas Trail,Sun Valley PID,East Lancaster PID,Fort Worth TX PD,Fort Worth TX PD - Wing LVT,Fort Worth Code Compliance","Dunwoody GA PD,Dunwoody GA Parks"
Sauk Village IL PD,Sauk Village IL PD ,"Dunwoody GA PD Flex,Dunwoody GA PD,Dunwoody GA Parks,Dunwoody GA PD (Condor) "
Milton GA PD,"Milton GA PD,Milton GA PD (Flex)","Dunwoody GA PD Flex,Dunwoody GA PD,Dunwoody GA Parks,Dunwoody GA PD Trailer - Flock Demo,Dunwoody GA PD Wing Live,Dunwoody GA PD - Car Crash Pilot,Dunwoody GA PD DFR"
Tyrone GA PD,Tyrone GA PD,"Dunwoody GA PD Flex,Dunwoody GA PD,Dunwoody GA Parks,Dunwoody GA PD - Car Crash Pilot"
Ocilla GA PD,Ocilla GA PD,"Dunwoody GA PD,Dunwoody GA Parks,Dunwoody GA PD - Car Crash Pilot"
Chamblee GA PD,"Chamblee GA PD (Condor),Chamblee GA PD,Chamblee GA PD - Redspeed,Chamblee GA PD - Wing","Dunwoody GA PD Flex,Dunwoody GA PD,Dunwoody GA Parks,Dunwoody GA PD (Condor) ,Dunwoody GA PD Trailer - Flock Demo,Dunwoody GA PD - DFR,Dunwoody PD Wing Gateway Demo V2,Dunwoody GA PD Trailer 1"
Brighton AL PD,Brighton AL PD,
Snellville GA PD,"Snellville GA PD,Snellville GA PD (RedSpeed)","Dunwoody GA PD Flex,Dunwoody GA PD,Dunwoody GA Parks,Dunwoody GA PD - Car Crash Pilot"
Dream Finders Home (GA),"Stonewall Station (GA),Fern Dale (GA),Harris Creek (GA),Creekbend Overlook (GA)",
St. Johns County FL SO,"St. Johns County FL SO (LR),St. Johns County FL SO","Dunwoody GA PD,Dunwoody GA Parks"
Suwanee GA PD,"Suwanee GA PD - Wing,Suwanee GA PD","Dunwoody GA PD Flex,Dunwoody GA PD,Dunwoody GA Parks,Dunwoody GA PD (Condor) ,Dunwoody GA PD - Car Crash Pilot"
Woodstock GA PD,"Woodstock GA PD,Woodstock GA PD - Wing (RedSpeed)","Dunwoody GA PD Flex,Dunwoody GA PD,Dunwoody GA Parks,Dunwoody GA PD (Condor) "
Titusville FL PD,Titusville FL PD,"Dunwoody GA PD,Dunwoody GA Parks"
Wells County IN SO,Wells County IN SO,"Dunwoody GA PD,Dunwoody GA Parks"
Dyer County TN SO,Dyer County TN SO ,"Dunwoody GA PD,Dunwoody GA Parks"
Evans County GA SO,Evans County GA SO,"Dunwoody GA PD,Dunwoody GA Parks"
Glencoe AL PD,Glencoe AL PD,"Dunwoody GA PD,Dunwoody GA Parks"
Licking County OH SO,Licking County OH SO,"Dunwoody GA PD,Dunwoody GA Parks"
Baker County GA SO,"Baker County GA SO,Baker County GA SO (CONDOR)","Dunwoody GA PD,Dunwoody GA Parks"
Simpsonville SC PD,Simpsonville SC PD,"Dunwoody GA PD,Dunwoody GA Parks"
Anderson IN PD,"Anderson IN PD,Anderson IN PD (Raven)","Dunwoody GA PD,Dunwoody GA Parks"
Emory University Campus PD GA,"Emory University Campus PD GA,Emory University Campus PD GA (Condor)","Dunwoody GA PD Flex,Dunwoody GA PD,Dunwoody GA Parks"
Locust Grove GA PD,Locust Grove GA PD,"Dunwoody GA PD Flex,Dunwoody GA PD,Dunwoody GA Parks"
Robeson County NC SO,Robeson County NC SO,"Dunwoody GA PD,Dunwoody GA Parks"
Greenville SC PD,"GVL Mobile,Greenville SC PD","Dunwoody GA PD,Dunwoody GA Parks"
Wilkinson County GA SO,Wilkinson County GA SO,"Dunwoody GA PD,Dunwoody GA Parks"
Stone Mountain GA PD,Stone Mountain GA PD,"Dunwoody GA PD Flex,Dunwoody GA PD,Dunwoody GA Parks,Dunwoody GA PD - Car Crash Pilot"
Gwinnett County GA SO,"Gwinnett County Sheriff's Office (GA),Gwinnett County SO - NPF LPR Study (GA)","Dunwoody GA PD Flex,Dunwoody GA PD,Dunwoody GA Parks"
Kennesaw State University GA PD,"Kennesaw State University,Kennesaw State University Raven","Dunwoody GA PD Flex,Dunwoody GA PD,Dunwoody GA Parks,Dunwoody GA PD Trailer - Flock Demo,Dunwoody GA PD - Car Crash Pilot"
Lauderdale County TN SO,Lauderdale County TN SO,"Dunwoody GA PD,Dunwoody GA Parks"
Sevier County TN SO,Sevier County TN SO,"Dunwoody GA PD,Dunwoody GA Parks"
Greenville GA PD,Greenville GA PD,"Dunwoody GA PD,Dunwoody GA Parks"
Gluckstadt MS PD,Gluckstadt MS PD,"Dunwoody GA PD,Dunwoody GA Parks"
Adrian MI PD,Adrian MI PD,"Dunwoody GA PD,Dunwoody GA Parks"
Walton County GA SO,"Walton County GA SO,Walton County GA SO (Flex)","Dunwoody GA PD Flex,Dunwoody GA PD,Dunwoody GA Parks,Dunwoody GA PD - Car Crash Pilot"
Boynton Beach FL PD,Boynton Beach FL PD,"Dunwoody GA PD,Dunwoody GA Parks"
Oconee County GA SO,Oconee County GA SO,"Dunwoody GA PD Flex,Dunwoody GA PD,Dunwoody GA Parks,Dunwoody GA PD DFR"
Riverdale GA PD,"Riverdale GA PD,Riverdale GA PD (Flex)","Dunwoody GA PD Flex,Dunwoody GA PD,Dunwoody GA Parks,Dunwoody GA PD - Car Crash Pilot,Dunwoody PD Wing Gateway Demo V2,Dunwoody GA PD Trailer 1"
Bartow County GA SO,Bartow County GA SO,"Dunwoody GA PD Flex,Dunwoody GA PD,Dunwoody GA Parks,Dunwoody GA PD - Car Crash Pilot"
Gwinnett County GA PD,"Gwinnett County GA PD (LR),Gwinnett County GA PD,Gwinnett County GA PD - RedSpeed,Gwinnett County GA PD RedSpd 2","Dunwoody GA PD Flex,Dunwoody GA PD,Dunwoody GA Parks,Dunwoody GA PD Trailer - Flock Demo,Dunwoody GA PD - Car Crash Pilot"
Carrollton GA PD,"Carrollton GA PD Raven,Carrollton GA PD,Carrollton GA PD Live View/PTZ,Carrollton GA PD - Wing Live,Carrollton PD (GA) Flex","Dunwoody GA PD Flex,Dunwoody GA PD,Dunwoody GA Parks,Dunwoody GA PD (Condor) ,Dunwoody GA PD Raven,Dunwoody GA PD - Car Crash Pilot"
Camden SC PD,Camden SC PD,"Dunwoody GA PD,Dunwoody GA Parks"
Mahoning Twp PA PD,Mahoning Twp PA PD,"Dunwoody GA PD,Dunwoody GA Parks"
Hamilton County IN SO,"Hamilton County IN SO (Flex),Hamilton County IN SO (Condors),Hamilton County IN SO (Community Cameras),Hamilton County IN SO (Trailers)","Dunwoody GA PD,Dunwoody GA Parks"
Sumter County GA SO ,"Sumter County GA School District ,Sumter County GA SO","Dunwoody GA PD,Dunwoody GA Parks"
Dallas GA PD,Dallas GA PD,"Dunwoody GA PD Flex,Dunwoody GA PD,Dunwoody GA Parks"
Senoia GA PD,Senoia GA PD,"Dunwoody GA PD Flex,Dunwoody GA PD,Dunwoody GA Parks,Dunwoody GA PD (Condor) ,Dunwoody GA PD Trailer - Flock Demo,Dunwoody GA PD - Solar Video,Dunwoody GA PD - Car Crash Pilot"
Hoopeston IL PD ,Hoopeston IL PD ,"Dunwoody GA PD,Dunwoody GA Parks"
Clayton County GA PD,Clayton County GA PD,"Dunwoody GA PD Flex,Dunwoody GA PD,Dunwoody GA Parks,Dunwoody GA PD - Car Crash Pilot"
Sarasota FL PD,Sarasota FL PD,"Dunwoody GA PD Flex,Dunwoody GA PD,Dunwoody GA Parks,Dunwoody GA PD Wing Live"
Barrow County GA SO,"Barrow County GA SO (Falcon),Barrow County GA SO - Wing Suite,Barrow County SO GA (Flex),Barrow County GA SO (Condor)","Dunwoody GA PD Flex,Dunwoody GA PD,Dunwoody GA Parks,Dunwoody GA PD - Car Crash Pilot"
Maryland Heights MO PD,"Maryland Heights Visitor Center (MO),Maryland Heights MO PD","Dunwoody GA PD,Dunwoody GA Parks"
Millen GA Public Safety Dept ,Millen GA Public Safety Dept ,
O'Fallon MO PD,"O'Fallon MO PD (Flex),O'Fallon MO PD","Dunwoody GA PD,Dunwoody GA Parks"
Jasper GA PD,Jasper GA PD,"Dunwoody GA PD Flex,Dunwoody GA PD,Dunwoody GA Parks"
Tifton GA PD,Tifton Police Department ,"Dunwoody GA PD,Dunwoody GA Parks"
Lancaster County SC SO ,"Lancaster County SC SO (Flex),Lancaster County SC SO","Dunwoody GA PD,Dunwoody GA Parks"
Collier County FL SO,Collier County FL SO,
Maryville TN PD,Maryville TN PD,Dunwoody GA PD
Navajo County AZ SO,Navajo County AZ SO,
AL - Sylacauga PD,Sylacauga PD (AL),"Dunwoody GA PD,Dunwoody GA Parks"
Peotone IL PD ,Peotone IL PD ,
Hillsborough County FL SO,"Hillsborough County FL SO (Flex),Hillsborough County FL SO,Hillsborough County Pierce Garage IB ","Dunwoody GA PD,Dunwoody GA Parks"
Floyd County GA PD,"Floyd County GA PD - RedSpeed,Floyd County GA PD,Floyd County GA PD (Flex)","Dunwoody GA PD Flex,Dunwoody GA PD,Dunwoody GA Parks,Dunwoody GA PD - Solar Video,Dunwoody GA PD DFR"
Cobb County GA PD,"Cobb County GA PD,Cobb County Parks & Rec","Dunwoody GA PD Flex,Dunwoody GA PD,Dunwoody GA Parks"
Jasper County IN SO,Jasper County IN SO,
Crisp County GA SO,"GA-Crisp County SO Wing,Crisp County GA SO","Dunwoody GA PD,Dunwoody GA Parks"
Town of Hildebran (NC),Town of Hildebran (NC),
Eatonton GA PD,"Eatonton GA PD,Eatonton GA PD Condor","Dunwoody GA PD,Dunwoody GA Parks,Dunwoody GA PD - Car Crash Pilot"
Alachua FL PD,Alachua FL PD (FLEX),
Tybee Island GA PD,"Tybee Island GA PD (Flex),Tybee Island GA PD","Dunwoody GA PD,Dunwoody GA Parks"
Sale City GA PD ,"Sale City GA PD (Flex) ,Sale City GA PD","Dunwoody GA PD Flex,Dunwoody GA PD,Dunwoody GA Parks"
Heights of Carver Hills (GA),Heights of Carver Hills,
Long County GA SO,Long County GA SO,"Dunwoody GA PD,Dunwoody GA Parks"
Mattoon IL PD,Mattoon IL PD,"Dunwoody GA PD,Dunwoody GA Parks"
Warner Robins GA PD,"Warner Robins PD (GA) - Flex,Warner Robins GA PD,Warner Robins GA PD - Wing (Redspeed)","Dunwoody GA PD Flex,Dunwoody GA PD,Dunwoody GA Parks,Dunwoody GA PD - Car Crash Pilot,Dunwoody GA PD DFR,Dunwoody GA PD Trailer 1"
Gainesville GA PD,"Gainesville GA PD,Gainesville PD (GA) Flex","Dunwoody GA PD Flex,Dunwoody GA PD,Dunwoody GA Parks,Dunwoody GA PD - Car Crash Pilot"
Muscle Shoals AL PD,"Muscle Shoals AL Walmart,Muscle Shoals AL PD","Dunwoody GA PD,Dunwoody GA Parks"
Reinhardt University GA PD ,Reinhardt University GA PD ,"Dunwoody GA PD,Dunwoody GA Parks"
Southside AL PD,Southside AL PD,"Dunwoody GA PD,Dunwoody GA Parks"
Laurens County GA SO,Laurens County GA SO,"Dunwoody GA PD,Dunwoody GA Parks"
McDonough GA PD,"McDonough GA PD - RedSpeed,McDonough GA PD","Dunwoody GA PD,Dunwoody GA Parks"
Pelham AL PD,Pelham AL PD,"Dunwoody GA PD Flex,Dunwoody GA PD,Dunwoody GA Parks"
Alden Point (GA),Alden Point (GA),
Effingham County GA SO,Effingham County SO (GA),"Dunwoody GA PD,Dunwoody GA Parks,Dunwoody GA PD DFR"
Jackson County GA SO,Jackson County GA SO,"Dunwoody GA PD Flex,Dunwoody GA PD,Dunwoody GA Parks,Dunwoody GA PD Trailer - Flock Demo,Dunwoody GA PD - Car Crash Pilot,Dunwoody GA PD - DFR"
Baytown TX PD,Baytown TX PD ,
Covington GA PD,"Covington GA PD,Covington Housing Authority ","Dunwoody GA PD Flex,Dunwoody GA PD,Dunwoody GA Parks,Dunwoody GA PD Trailer - Flock Demo,Dunwoody GA PD - Car Crash Pilot,Dunwoody GA PD - DFR"
Clayton GA PD,Clayton GA PD,"Dunwoody GA PD,Dunwoody GA Parks"
Georgia Bureau of Investigation (GBI),Georgia Bureau of Investigation,"Dunwoody GA PD Flex,Dunwoody GA PD,Dunwoody GA Parks"
University of North Georgia PD (GA),"University of North Georgia ,University of North Georgia PD Flex","Dunwoody GA PD Flex,Dunwoody GA PD,Dunwoody GA Parks"
Calhoun GA PD,Calhoun GA PD,"Dunwoody GA PD,Dunwoody GA Parks"
Washington MO PD,Washington MO PD,
Orange Beach AL PD,Orange Beach AL PD,"Dunwoody GA PD,Dunwoody GA Parks"
Peachtree Corners GA Marshal's Office,Peachtree Corners GA,"Dunwoody GA PD Flex,Dunwoody GA PD,Dunwoody GA Parks"
OH - Hamilton PD,Hamilton OH PD,"Dunwoody GA PD,Dunwoody GA Parks"
Lexington SC PD,Lexington SC PD,"Dunwoody GA PD,Dunwoody GA Parks"
Houston County GA SO,Houston County GA SO,"Dunwoody GA PD Flex,Dunwoody GA PD,Dunwoody GA Parks"
Norcross GA PD,"Norcross GA PD - Redspeed,Norcross GA PD","Dunwoody GA PD Flex,Dunwoody GA PD,Dunwoody GA Parks,Dunwoody GA PD (Condor) ,Dunwoody GA PD Raven"
Fulshear TX PD,Fulshear TX PD,
Lake City GA PD,"Lake City GA PD,Lake City GA PD (Wing) ","Dunwoody GA PD Flex,Dunwoody GA PD,Dunwoody GA Parks,Dunwoody GA PD - Car Crash Pilot"
Garrard County KY SO,Garrard County KY SO,"Dunwoody GA PD,Dunwoody GA Parks"
Fairfield Township OH PD,Fairfield Township OH PD,"Dunwoody GA PD,Dunwoody GA Parks"
Alabama Department of Corrections,"Alabama Department of Corrections,Alabama Dept of Corrections (Flex)","Dunwoody GA PD,Dunwoody GA Parks"
Richland County SC SO,Richland County SC SO,"Dunwoody GA PD,Dunwoody GA Parks"
Lamar County GA SO,"Lamar County SO GA Flex,Lamar County SO GA","Dunwoody GA PD,Dunwoody GA Parks"
Butler Township OH PD,Butler Township OH PD,"Dunwoody GA PD,Dunwoody GA Parks"
Maysville GA PD,Maysville GA PD,"Dunwoody GA PD Flex,Dunwoody GA PD,Dunwoody GA Parks"
Montgomery County TN SO,Montgomery County TN (Flex),"Dunwoody GA PD,Dunwoody GA Parks"
Scottsboro AL PD,Scottsboro AL PD,"Dunwoody GA PD Flex,Dunwoody GA PD,Dunwoody GA Parks"
Doraville GA PD,"Doraville GA PD (Raven),Doraville GA PD,Doraville GA PD (Condor)","Dunwoody GA PD Flex,Dunwoody GA PD,Dunwoody GA Parks,Dunwoody GA PD Trailer - Flock Demo,Dunwoody GA PD - Car Crash Pilot"
Athens-Clarke County GA PD,"Athens Clarke County GA PD,Athens-Clarke County GA Department of Solid Waste ","Dunwoody GA PD Flex,Dunwoody GA PD,Dunwoody GA Parks,Dunwoody GA PD (Condor) ,Dunwoody GA PD Raven"
Charleston IL PD,Charleston IL PD,"Dunwoody GA PD,Dunwoody GA Parks"
Monroe GA PD,Monroe GA PD,"Dunwoody GA PD Flex,Dunwoody GA PD,Dunwoody GA Parks,Dunwoody PD Wing Gateway Demo V2"
AL - Jacksonville State University Campus PD,Jacksonville State University Campus PD (AL),"Dunwoody GA PD,Dunwoody GA Parks"
Georgia Dept. of Corrections Intelligence Unit (GA),"Georgia Department of Corrections (Flex),GA - Georgia Department of Corrections - Alscan","Dunwoody GA PD Flex,Dunwoody GA PD,Dunwoody GA Parks,Dunwoody GA PD Trailer - Flock Demo,Dunwoody GA PD - Car Crash Pilot"
Lithonia GA PD,Lithonia GA PD,"Dunwoody GA PD,Dunwoody GA Parks"
Georgia Southwestern State University Campus PD ,Georgia Southwestern State University Campus PD ,"Dunwoody GA PD,Dunwoody GA Parks"
Hazelwood MO PD,"Hazelwood MO PD (Flex),Hazelwood MO PD","Dunwoody GA PD,Dunwoody GA Parks"
Bullitt County KY SO,Bullitt County KY SO,
Angier NC PD,Angier NC PD,"Dunwoody GA PD,Dunwoody GA Parks"
Remerton GA PD,Remerton GA PD,"Dunwoody GA PD,Dunwoody GA Parks"
Columbus GA PD,"Columbus PD Falcon Flex (GA),Columbus GA PD","Dunwoody GA PD,Dunwoody GA Parks"
Aria North (GA),Aria North (GA),
Hiawassee GA PD,Hiawassee GA PD,"Dunwoody GA PD,Dunwoody GA Parks,Dunwoody GA PD - Car Crash Pilot"
Fannin County GA SO,"Fannin County GA SO (FLEX) ,Fannin County GA SO","Dunwoody GA PD,Dunwoody GA Parks"
Cedartown GA PD,"Cedartown GA PD Condor,Cedartown GA PD,Cedartown GA PD - Redspeed","Dunwoody GA PD,Dunwoody GA Parks"
Cookeville TN PD,Cookeville TN PD,"Dunwoody GA PD,Dunwoody GA Parks,Dunwoody PD Wing Gateway Demo V2"
Thornton CO PD,Thornton CO PD,"Dunwoody GA PD,Dunwoody GA Parks,Dunwoody GA PD - Wireless Video Cameras"
Washington County SO - GA ,Washington County GA SO,"Dunwoody GA PD,Dunwoody GA Parks"
Lumpkin County SO GA,Lumpkin County SO (GA),"Dunwoody GA PD Flex,Dunwoody GA PD,Dunwoody GA Parks,Dunwoody PD Wing Gateway Demo V2"
Hokes Bluff AL PD,Hokes Bluff AL PD,
Morgan County GA SO,"Morgan County GA SO,Morgan County GA - Wing LVI,Morgan County Board of Commissioners (GA) Flex,Morgan County Board of Commissioners (GA)","Dunwoody GA PD,Dunwoody GA Parks"
Hogansville GA PD,Hogansville GA PD,"Dunwoody GA PD,Dunwoody GA Parks"
Dearborn County IN SO,Dearborn County IN SO,"Dunwoody GA PD,Dunwoody GA Parks"
Lafayette TN PD,Lafayette TN PD,"Dunwoody GA PD,Dunwoody GA Parks"
Atlanta GA PD,"Atlanta GA PD,Atlanta GA PD (LR) ,Atlanta GA PD Airport Division,Atlanta GA PD (Flex),Atlanta GA PD - Genetec","Dunwoody GA PD Flex,Dunwoody GA PD,Dunwoody GA Parks,Dunwoody GA PD Wing Live,Dunwoody GA PD - Car Crash Pilot,Dunwoody GA PD - Wireless Video Cameras"
Center Point AL PD,Center Point AL,
Hall County GA SO,"Hall County GA SO - Wing LVI,Hall County GA SO,Hall CO GA SO - Wing LVI","Dunwoody GA PD Flex,Dunwoody GA PD,Dunwoody GA Parks,Dunwoody GA PD (Condor) ,Dunwoody GA PD - Car Crash Pilot"
Augusta University GA PD ,"Augusta University GA PD ,Augusta University GA PD (FLEX)","Dunwoody GA PD,Dunwoody GA Parks"
Transylvania County NC SO,Transylvania County NC SO,"Dunwoody GA PD,Dunwoody GA Parks"
Georgia Tech GA PD,Georgia Tech GA PD,"Dunwoody GA PD Flex,Dunwoody GA PD,Dunwoody GA Parks,Dunwoody PD Wing Gateway Demo V2"
DeKalb County GA PD,"DeKalb County PD Parks - LPR,Gresham Park Rec Center - Avigilon,DeKalb County GA PD (GSD),Dekalb County GA PD - LPR","Dunwoody GA PD Flex,Dunwoody GA PD,Dunwoody GA Parks,Dunwoody GA PD (Condor) ,Dunwoody GA PD - Car Crash Pilot"
Hart County GA SO,Hart County GA SO,"Dunwoody GA PD,Dunwoody GA Parks"
Madison GA PD,"Madison GA PD (Flex),Madison GA PD","Dunwoody GA PD,Dunwoody GA Parks"
Clayton County GA SO,Clayton County GA SO,"Dunwoody GA PD Flex,Dunwoody GA PD,Dunwoody GA Parks,Dunwoody GA PD - Raven (PCID),Dunwoody GA PD - Car Crash Pilot,Dunwoody GA PD - Wireless Video Cameras"
Vidalia GA PD,"Vidalia GA PD,Vidalia GA PD (Redspeed)","Dunwoody GA PD,Dunwoody GA Parks"
Smyrna GA PD,Smyrna GA PD,"Dunwoody GA PD Flex,Dunwoody GA PD,Dunwoody GA Parks,Dunwoody GA PD - Car Crash Pilot"
Hamilton GA,Hamilton GA - Redspeed,"Dunwoody GA PD,Dunwoody GA Parks"
Columbia County GA SO,Columbia County GA SO,"Dunwoody GA PD,Dunwoody GA Parks"
Pulaski County GA SO ,Pulaski County GA SO ,"Dunwoody GA PD,Dunwoody GA Parks"
West Point GA PD,West Point PD (GA),"Dunwoody GA PD,Dunwoody GA Parks"
Bellwood HOA (GA),"Bellwood HOA (GA),Bellewood HOA GA - Live video",
Bryan County GA SO,Bryan County GA SO,"Dunwoody GA PD,Dunwoody GA Parks"
Oakwood GA PD,Oakwood GA PD,"Dunwoody GA PD Flex,Dunwoody GA PD,Dunwoody GA Parks,Dunwoody GA PD Trailer - Flock Demo,Dunwoody GA PD - Car Crash Pilot"
Lawrenceville GA PD,"Lawrenceville GA PD,Lawrenceville GA PD - Raven,Lawrenceville GA PD (Flex)","Dunwoody GA PD Flex,Dunwoody GA PD,Dunwoody GA Parks"
Malvern AR PD,Malvern AR PD ,
Gaston County NC PD,Gaston County NC PD,"Dunwoody GA PD,Dunwoody GA Parks"
College Park GA PD,"College Park GA PD - Falcon,College Park PD - Flex","Dunwoody GA PD Flex,Dunwoody GA PD,Dunwoody GA Parks,Dunwoody GA PD (Condor) ,Dunwoody GA PD - Car Crash Pilot"
Waycross GA PD,Waycross GA PD,"Dunwoody GA PD,Dunwoody GA Parks"
Albany GA PD,"Albany GA PD Raven,Albany GA PD - Wing LVI (Redspeed),Albany GA PD,Albany GA PD Condor","Dunwoody GA PD Flex,Dunwoody GA PD,Dunwoody GA Parks,Dunwoody GA PD - Car Crash Pilot,Dunwoody GA PD DFR"
Blue Ridge GA PD,"Blue Ridge GA PD,Blue Ridge GA PD (Flex)","Dunwoody GA PD,Dunwoody GA Parks"
Gray GA PD ,Gray GA PD ,"Dunwoody GA PD,Dunwoody GA Parks"
Cullman County AL SO,Cullman County SO (AL),"Dunwoody GA PD,Dunwoody GA Parks"
Statesboro GA PD,"Statesboro GA PD (Raven),Statesboro GA PD (Flex),Statesboro GA PD","Dunwoody GA PD,Dunwoody GA Parks"
Justice IL PD,Justice IL PD,"Dunwoody GA PD,Dunwoody GA Parks"
Huntsville AL PD,Huntsville AL PD,"Dunwoody GA PD Flex,Dunwoody GA PD,Dunwoody GA Parks"
Wichita Falls TX PD ,Wichita Falls TX PD ,"Dunwoody GA PD,Dunwoody GA Parks"
Ball Creek Home Owners Association (GA),Ball Creek Home Owners Association (GA),
Turner County GA SO,"Turner County GA SO (FLEX) ,Turner County GA SO","Dunwoody GA PD,Dunwoody GA Parks"
Baldwin County GA SO,"Baldwin County GA SO (Flex),Baldwin County GA SO,Baldwin County GA SO - RedSpeed","Dunwoody GA PD,Dunwoody GA Parks"
Peach County GA SO ,"Peach County GA SO (FLEX) ,Peach County GA SO ","Dunwoody GA PD Flex,Dunwoody GA PD,Dunwoody GA Parks,Dunwoody GA PD DFR"
Springfield TN PD ,Springfield TN PD ,"Dunwoody GA PD,Dunwoody GA Parks"
Burke County GA SO,Burke County GA SO,"Dunwoody GA PD,Dunwoody GA Parks"
Savannah International Airport GA PD,Savannah International Airport GA PD,"Dunwoody GA PD,Dunwoody GA Parks"
The Woodlands HOA (GA),The Woodlands HOA (GA),
Harris County GA SO,"Harris County GA SO,Harris County GA SO Falcon Flex","Dunwoody GA PD Flex,Dunwoody GA PD,Dunwoody GA Parks,Dunwoody GA PD DFR"
Gardendale AL PD,Gardendale AL PD,"Dunwoody GA PD,Dunwoody GA Parks"
Putnam County GA SO,Putnam County GA SO,"Dunwoody GA PD,Dunwoody GA Parks"
Fulton County GA SO,Fulton County GA SO (Deactivated),"Dunwoody GA PD,Dunwoody GA Parks"
Ludowici GA PD,"City of Ludowici,Ludowici GA PD Condor","Dunwoody GA PD,Dunwoody GA Parks"
Oxford GA PD,Oxford GA PD,"Dunwoody GA PD Flex,Dunwoody GA PD,Dunwoody GA Parks"
Garden City GA PD,Garden City GA PD,"Dunwoody GA PD,Dunwoody GA Parks"
Montevallo AL PD,Montevallo AL PD,"Dunwoody GA PD,Dunwoody GA Parks"
Fairburn GA PD,Fairburn GA PD,"Dunwoody GA PD Flex,Dunwoody GA PD,Dunwoody GA Parks"
Southaven MS PD,Southaven MS PD,"Dunwoody GA PD,Dunwoody GA Parks"
Fish and Wildlife Commission FL PD,"FL - Florida Fish & Wildlife Wing,Fish and Wildlife Commission FL PD","Dunwoody GA PD,Dunwoody GA Parks"
Montgomery County OH SO,Montgomery County OH SO,
Oxford Chase,Oxford Chase,
Dalton GA PD,Dalton GA PD,"Dunwoody GA PD,Dunwoody GA Parks,Dunwoody GA PD DFR"
Decatur County GA SO,Decatur County GA SO,"Dunwoody GA PD,Dunwoody GA Parks"
East Point GA PD,"East Point GA PD,East Point GA PD (Raven)","Dunwoody GA PD Flex,Dunwoody GA PD,Dunwoody GA Parks"
Butts County GA SO,Butts County GA SO,"Dunwoody GA PD Flex,Dunwoody GA PD,Dunwoody GA Parks,Dunwoody GA PD - Car Crash Pilot"
Liberty County GA SO,Liberty County GA SO ,"Dunwoody GA PD,Dunwoody GA Parks"
Savannah PD - GA ,"Savannah GA PD,Savannah Code Compliance,Savannah GA PD (Flex)","Dunwoody GA PD,Dunwoody GA Parks"
Cobb County GA SO,Cobb County GA SO,"Dunwoody GA PD Flex,Dunwoody GA PD,Dunwoody GA Parks"
Chatham County GA PD,Chatham County GA PD,"Dunwoody GA PD,Dunwoody GA Parks"
Ellijay GA PD,Ellijay GA PD,"Dunwoody GA PD,Dunwoody GA Parks"
Leeds AL PD,Leeds AL PD,"Dunwoody GA PD,Dunwoody GA Parks"
Fairfield (GA),Fairfield (GA),
Hamblen County TN SO,Hamblen County TN SO,"Dunwoody GA PD,Dunwoody GA Parks"
Hancock County IN SO,Hancock County IN SO,"Dunwoody GA PD,Dunwoody GA Parks"
Thomson GA PD,Thomson GA PD,"Dunwoody GA PD,Dunwoody GA Parks"
Shelby County IN SO,Shelby County IN SO,
Dahlonega GA PD,Dahlonega GA PD,"Dunwoody GA PD Flex,Dunwoody GA PD,Dunwoody GA Parks"
Chatham-Savannah Counter Narcotics Team,CNT Flex,"Dunwoody GA PD,Dunwoody GA Parks"
Griffin GA PD,"Griffin GA PD - Falcon,Griffin GA PD - Flex","Dunwoody GA PD Flex,Dunwoody GA PD,Dunwoody GA Parks,Dunwoody GA PD Trailer - Flock Demo,Dunwoody GA PD - Car Crash Pilot"
Fayette County GA SO,Fayette County GA SO,"Dunwoody GA PD Flex,Dunwoody GA PD,Dunwoody GA Parks,Dunwoody GA PD - Car Crash Pilot"
Georgia Southern University PD (GA),Georgia Southern University PD (GA),"Dunwoody GA PD Flex,Dunwoody GA PD,Dunwoody GA Parks,Dunwoody GA PD Raven"
Forsyth County GA SO,"Forsyth County GA SO (Flex),Forsyth County GA SO","Dunwoody GA PD Flex,Dunwoody GA PD,Dunwoody GA Parks,Dunwoody GA PD (Condor) ,Dunwoody GA PD Raven,Dunwoody GA PD - Car Crash Pilot,Dunwoody GA PD Trailer 1"
Brantley County GA SO,Brantley County GA SO,"Dunwoody GA PD,Dunwoody GA Parks"
Emerson GA PD,Emerson GA PD,"Dunwoody GA PD Flex,Dunwoody GA PD,Dunwoody GA Parks"
Winder GA PD,"Winder GA PD,Winder GA PD (FLEX) ","Dunwoody GA PD Flex,Dunwoody GA PD,Dunwoody GA Parks,Dunwoody GA PD Raven"
Sterling Heights MI PD,Sterling Heights MI PD,"Dunwoody GA PD Flex,Dunwoody GA PD,Dunwoody GA Parks"
Georgia Gwinnett College PD,Georgia Gwinnett College PD,"Dunwoody GA PD,Dunwoody GA Parks"
Habersham County GA SO,Habersham County GA SO,"Dunwoody GA PD,Dunwoody GA Parks"
Savannah State University PD ,Savannah State University ,"Dunwoody GA PD,Dunwoody GA Parks"
Davidson NC PD,"Town of Davidson NC - Wing Live,Davidson NC PD","Dunwoody GA PD,Dunwoody GA Parks"
Meriwether County GA SO,"Meriwether County GA SO (FLEX) ,Meriwether County GA SO","Dunwoody GA PD Flex,Dunwoody GA PD,Dunwoody GA Parks,Dunwoody GA PD - Car Crash Pilot"
Morehouse College GA PD,Morehouse College GA PD,"Dunwoody GA PD Flex,Dunwoody GA PD,Dunwoody GA Parks,Dunwoody GA PD - Car Crash Pilot"
Ware County GA SO ,Ware County GA SO ,"Dunwoody GA PD,Dunwoody GA Parks"
Lafayette County MS SO,"Lafayette County MS SO (Flex),Lafayette County MS SO","Dunwoody GA PD,Dunwoody GA Parks"
New Castle County DE PD,New Castle County DE PD,"Dunwoody GA PD,Dunwoody GA Parks"
Dodge County GA SO,Dodge County GA SO,"Dunwoody GA PD,Dunwoody GA Parks"
Powder Springs GA PD,Powder Springs GA PD,"Dunwoody GA PD Flex,Dunwoody GA PD,Dunwoody GA Parks,Dunwoody GA PD Trailer - Flock Demo,Dunwoody GA PD - Car Crash Pilot,Dunwoody GA PD DFR"
Dougherty County GA PD ,"Dougherty County GA PD (Condors),Dougherty County GA PD ","Dunwoody GA PD Flex,Dunwoody GA PD,Dunwoody GA Parks"
Middle Georgia State University Campus PD,Middle Georgia State University Campus PD,"Dunwoody GA PD,Dunwoody GA Parks"
Surry County NC SO,"Surry County SO (NC),Surry County SO (NC) (Flex)","Dunwoody GA PD,Dunwoody GA Parks"
Carmel IN PD,"Carmel IN PD - Wing LPR,Carmel IN PD","Dunwoody GA PD Flex,Dunwoody GA PD,Dunwoody GA Parks"
Flock City PD - Law Enforcement Demo,Flock Safety Condor Training,Dunwoody GA PD Trailer - Flock Demo
Pierce County GA SO,Pierce County GA SO,"Dunwoody GA PD,Dunwoody GA Parks"
Pittsfield IL PD ,Pittsfield IL PD ,"Dunwoody GA PD,Dunwoody GA Parks"
Clayton NC PD ,"Clayton NC PD (Flex),Clayton NC PD","Dunwoody GA PD,Dunwoody GA Parks"
Loganville GA PD,Loganville GA PD,"Dunwoody GA PD Flex,Dunwoody GA PD,Dunwoody GA Parks,Dunwoody GA PD - Car Crash Pilot"
LaGrange GA PD,LaGrange GA PD,"Dunwoody GA PD,Dunwoody GA Parks,Dunwoody GA PD DFR"
Decatur GA PD,Decatur GA PD,"Dunwoody GA PD Flex,Dunwoody GA PD,Dunwoody GA Parks,Dunwoody GA PD - Car Crash Pilot"
Houston TX PD,"Houston PD (TX),Houston PD (TX) – Southwest MgmtD,Houston PD (TX) – Gulfton MgmtD","Dunwoody GA PD Flex,Dunwoody GA PD,Dunwoody GA Parks"
Russellville AL PD,Russellville AL PD,"Dunwoody GA PD,Dunwoody GA Parks"
Austell GA PD,Austell GA PD,"Dunwoody GA PD Flex,Dunwoody GA PD,Dunwoody GA Parks,Dunwoody GA PD - Car Crash Pilot"
Rock Hill SC PD,Rock Hill SC PD,"Dunwoody GA PD,Dunwoody GA Parks"
Rabun County GA SO,Rabun County GA SO ,"Dunwoody GA PD,Dunwoody GA Parks"
Carroll County GA SO,Carroll County GA SO,"Dunwoody GA PD Flex,Dunwoody GA PD,Dunwoody GA Parks,Dunwoody GA PD Trailer - Flock Demo,Dunwoody GA PD - Car Crash Pilot,Dunwoody GA PD DFR,Dunwoody PD Wing Gateway Demo V2"
Canton GA PD,Canton GA PD,"Dunwoody GA PD Flex,Dunwoody GA PD,Dunwoody GA Parks,Dunwoody GA PD - Car Crash Pilot,Dunwoody PD Wing Gateway Demo V2"
Sandy Springs GA PD,"Sandy Springs GA PD,Sandy Springs GA PD Flex","Dunwoody GA PD Flex,Dunwoody GA PD,Dunwoody GA Parks,Dunwoody GA PD (Condor) ,Dunwoody GA PD - Car Crash Pilot"
Forest Park OH PD,Forest Park OH PD,"Dunwoody GA PD Flex,Dunwoody GA PD,Dunwoody GA Parks,Dunwoody PD Wing Gateway Demo V2"
Walker County GA SO,"Fort Worth HOA Demo,Walker County GA SO","Dunwoody GA PD,Dunwoody GA Parks"
Avondale Estates GA PD,Avondale Estates GA PD,"Dunwoody GA PD Flex,Dunwoody GA PD,Dunwoody GA Parks,Dunwoody GA PD - Car Crash Pilot"
Reynolds GA PD,Reynolds GA PD,"Dunwoody GA PD,Dunwoody GA Parks"
Monon IN PD,Monon IN PD,"Dunwoody GA PD,Dunwoody GA Parks"
Pittsboro IN PD,Pittsboro IN PD,"Dunwoody GA PD,Dunwoody GA Parks,Dunwoody GA PD Wing Live"
Oak Ridge TN PD ,Oak Ridge TN PD,"Dunwoody GA PD,Dunwoody GA Parks,Dunwoody GA PD Wing Live"
Newton County GA SO,"Newton County GA SO Flex,Newton County GA SO","Dunwoody GA PD Flex,Dunwoody GA PD,Dunwoody GA Parks,Dunwoody GA PD Trailer - Flock Demo,Dunwoody GA PD - Car Crash Pilot,Dunwoody GA PD DFR"
Alpharetta GA PD,"Alpharetta GA PD,Alpharetta GA PD - RedSpeed","Dunwoody GA PD Flex,Dunwoody GA PD,Dunwoody GA Parks,Dunwoody GA PD Trailer - Flock Demo,Dunwoody GA PD - Car Crash Pilot,Dunwoody GA PD DFR"
Clearwater FL PD,Clearwater FL PD,"Dunwoody GA PD,Dunwoody GA Parks"
Lynn Haven FL PD,Lynn Haven FL PD,
Calera AL PD,Calera AL PD,"Dunwoody GA PD,Dunwoody GA Parks"
University of West Georgia GA PD,University of West Georgia (GA),"Dunwoody GA PD,Dunwoody GA Parks,Dunwoody GA PD - Car Crash Pilot"
Franklin GA PD,Franklin GA PD,"Dunwoody GA PD,Dunwoody GA Parks"
Marietta GA PD,"Marietta GA PD - Flex,Marietta GA PD - Falcon","Dunwoody GA PD Flex,Dunwoody GA PD,Dunwoody GA Parks"
Mountain City TN PD,Mountain City TN PD,"Dunwoody GA PD,Dunwoody GA Parks"
Forest Park GA PD,Forest Park GA PD,"Dunwoody GA PD Flex,Dunwoody GA PD,Dunwoody GA Parks"
Tarpon Springs FL PD,Tarpon Springs FL PD,"Dunwoody GA PD Flex,Dunwoody GA PD,Dunwoody GA Parks"
Port Fourchon Harbor LA PD,Port Fourchon Harbor LA PD,"Dunwoody GA PD,Dunwoody GA Parks"
Union County GA SO,Union County GA SO,"Dunwoody GA PD,Dunwoody GA Parks"
Irondale AL PD,Irondale AL PD,"Dunwoody GA PD,Dunwoody GA Parks"
Department of Natural Resources - GA,Georgia Department of Natural Resources (Falcon Flex),"Dunwoody GA PD Flex,Dunwoody GA PD,Dunwoody GA Parks,Dunwoody GA PD Trailer - Flock Demo,Dunwoody GA PD Raven,Dunwoody GA PD - Car Crash Pilot,Dunwoody GA PD DFR,Dunwoody GA PD Trailer 1"
Moody AL PD,Moody AL PD,"Dunwoody GA PD,Dunwoody GA Parks"
Spalding County GA SO,Spalding County GA SO,"Dunwoody GA PD Flex,Dunwoody GA PD,Dunwoody GA Parks,Dunwoody GA PD Trailer - Flock Demo,Dunwoody GA PD - Car Crash Pilot,Dunwoody GA PD DFR"
Fort Wayne IN PD ,Fort Wayne PD (IN),"Dunwoody GA PD,Dunwoody GA Parks"
Sweetwater TN PD,Sweetwater TN PD,
Grantville GA PD,Grantville GA PD,"Dunwoody GA PD,Dunwoody GA Parks"
Town of Moreland GA,Town of Moreland GA,
Tuscaloosa County AL SO,Tuscaloosa County AL SO,"Dunwoody GA PD Flex,Dunwoody GA PD,Dunwoody GA Parks"
Iroquois IL SO ,Iroquois IL SO,
Temple GA PD,Temple GA PD ,"Dunwoody GA PD Flex,Dunwoody GA PD,Dunwoody GA Parks"
Dawson GA PD,Dawson GA PD ,"Dunwoody GA PD,Dunwoody GA Parks"
Orlando FL PD,Orlando FL PD ,"Dunwoody GA PD Flex,Dunwoody GA PD,Dunwoody GA Parks"
Bloomfield NM PD,Bloomfield NM PD,Dunwoody GA PD
McDuffie County GA SO,McDuffie County GA SO,"Dunwoody GA PD,Dunwoody GA Parks"
Homerville GA PD,Homerville GA PD,"Dunwoody GA PD,Dunwoody GA Parks"
Monroe County GA SO,Monroe County GA SO,"Dunwoody GA PD Flex,Dunwoody GA PD,Dunwoody GA Parks,Dunwoody GA PD - Car Crash Pilot"
Matteson IL PD,Matteson IL PD,
Byron GA PD ,Byron GA PD ,"Dunwoody GA PD Flex,Dunwoody GA PD,Dunwoody GA Parks,Dunwoody GA PD - DFR"
Phenix City AL PD,Phenix City AL PD,"Dunwoody GA PD,Dunwoody GA Parks,Dunwoody GA PD (Condor) "
Heritage At Dunwoody (GA),Heritage At Dunwoody (GA),
Fort Mill SC PD,Fort Mill SC PD,"Dunwoody GA PD,Dunwoody GA Parks"
Colquitt County GA SO,"Colquitt County GA SO (Flex),Colquitt County GA SO","Dunwoody GA PD Flex,Dunwoody GA PD,Dunwoody GA Parks,Dunwoody PD Wing Gateway Demo V2"
Coweta County GA SO,Coweta County GA SO,"Dunwoody GA PD Flex,Dunwoody GA PD,Dunwoody GA Parks"
Rome GA PD,"Rome GA PD - Redspeed,Rome GA PD","Dunwoody GA PD,Dunwoody GA Parks,Dunwoody GA PD DFR"
Belpre OH PD,Belpre OH PD,
Hillside IL PD,Hillside IL PD,
Missouri Department of Public Safety,Missouri Department of Public Safety,
Morrow GA PD ,"City of Morrow (GA),Morrow GA PD - Redspeed","Dunwoody GA PD Flex,Dunwoody GA PD,Dunwoody GA Parks,Dunwoody GA PD - Solar Video,Dunwoody GA PD - Raven (PCID),Dunwoody GA PD - Car Crash Pilot"
Douglas County GA SO,Douglas County GA SO,"Dunwoody GA PD Flex,Dunwoody GA PD,Dunwoody GA Parks,Dunwoody GA PD Wing Live"
Richmond County GA SO,Richmond County GA SO,"Dunwoody GA PD,Dunwoody GA Parks"
Jefferson County KY SO,Jefferson County KY SO,"Dunwoody GA PD,Dunwoody GA Parks"
Henderson KY PD,Henderson KY PD,"Dunwoody GA PD,Dunwoody GA Parks"
Rockdale County GA SO,Rockdale County GA SO,"Dunwoody GA PD Flex,Dunwoody GA PD,Dunwoody GA Parks,Dunwoody GA PD - Car Crash Pilot"
Banks County GA SO,"Banks County GA SO (Flex),Banks County GA SO","Dunwoody GA PD,Dunwoody GA Parks"
Blairsville GA PD,Blairsville GA PD,"Dunwoody GA PD,Dunwoody GA Parks"
Ridgeland MS PD,Ridgeland MS PD,"Dunwoody GA PD,Dunwoody GA Parks"
Cambridge City IN PD,Cambridge City IN PD,"Dunwoody GA PD,Dunwoody GA Parks"
West Chester OH PD,West Chester OH PD,"Dunwoody GA PD Flex,Dunwoody GA PD,Dunwoody GA Parks"
"Public Service Authority, Santee Cooper Law Enforcement Division (SC)","Public Service Authority, Santee Cooper Law Enforcement Division (SC)",
Trussville AL PD,Trussville AL PD,"Dunwoody GA PD,Dunwoody GA Parks"
Franklin Springs GA PD ,Franklin Springs GA PD ,"Dunwoody GA PD,Dunwoody GA Parks"
Newnan GA PD,Newnan GA PD,"Dunwoody GA PD Flex,Dunwoody GA PD,Dunwoody GA Parks,Dunwoody GA PD (Condor) ,Dunwoody GA PD Trailer - Flock Demo,Dunwoody GA PD - Car Crash Pilot,Dunwoody GA PD DFR"
Paulding County GA SO,Paulding County GA SO,"Dunwoody GA PD Flex,Dunwoody GA PD,Dunwoody GA Parks,Dunwoody GA PD Wing Live,Dunwoody GA PD - Car Crash Pilot"
Bibb County SO GA,Bibb County GA SO ,"Dunwoody GA PD Flex,Dunwoody GA PD,Dunwoody GA Parks"
Hiram GA PD,Hiram GA PD,"Dunwoody GA PD Flex,Dunwoody GA PD,Dunwoody GA Parks,Dunwoody GA PD - Raven (PCID)"
Bloomingdale GA PD,Bloomingdale GA PD,"Dunwoody GA PD,Dunwoody GA Parks"
Franklin County GA SO,Franklin County GA SO,"Dunwoody GA PD,Dunwoody GA Parks"
Mountain Brook AL PD,Mountain Brook AL PD,"Dunwoody GA PD,Dunwoody GA Parks"
Robinson IL PD,Robinson IL PD,"Dunwoody GA PD,Dunwoody GA Parks"
Sylvania GA PD,Sylvania GA PD,"Dunwoody GA PD,Dunwoody GA Parks"
Florence County SC SO,Florence County SC Sheriff's Office,"Dunwoody GA PD,Dunwoody GA Parks"
Dickson TN PD,Dickson TN PD,"Dunwoody GA PD,Dunwoody GA Parks"
Irwin County GA SO,Irwin County GA SO,"Dunwoody GA PD,Dunwoody GA Parks"
Spartanburg SC PD,"Spartanburg SC PD,Spartanburg SC PD (Flex)","Dunwoody GA PD,Dunwoody GA Parks"
Lexington TN PD,Lexington TN PD,"Dunwoody GA PD,Dunwoody GA Parks"
Bartlett TN PD,Bartlett TN PD,"Dunwoody GA PD,Dunwoody GA Parks"
University of Georgia GA PD,University of Georgia GA PD ,"Dunwoody GA PD,Dunwoody GA Parks"
Johns Creek GA PD,Johns Creek GA PD,"Dunwoody GA PD Flex,Dunwoody GA PD,Dunwoody GA Parks,Dunwoody GA PD Trailer - Flock Demo,Dunwoody GA PD - Car Crash Pilot"
Florissant MO PD,Florissant MO PD,"Dunwoody GA PD,Dunwoody GA Parks"
Sumner County TN SO,Sumner County TN SO,"Dunwoody GA PD,Dunwoody GA Parks"
Shelbyville IN PD ,"Shelbyville IN PD (Flex),Shelbyville IN PD ","Dunwoody GA PD,Dunwoody GA Parks"
South Fulton GA PD,South Fulton GA PD,"Dunwoody GA PD Flex,Dunwoody GA PD,Dunwoody GA Parks,Dunwoody GA PD - Car Crash Pilot"
Coolidge GA PD,"Coolidge GA PD,Coolidge GA PD (Condor)",
McIntyre GA PD,"McIntyre GA PD (Condor),McIntyre GA PD","Dunwoody GA PD,Dunwoody GA Parks"
Madison County GA SO,Madison County GA SO,"Dunwoody GA PD,Dunwoody GA Parks"
Flowery Branch GA PD,Flowery Branch GA PD,"Dunwoody GA PD Flex,Dunwoody GA PD,Dunwoody GA Parks,Dunwoody GA PD Trailer - Flock Demo,Dunwoody GA PD - Car Crash Pilot,Dunwoody GA PD DFR"
Avon IN PD,Avon IN PD,"Dunwoody GA PD Flex,Dunwoody GA PD,Dunwoody GA Parks"
Russell County AL SO,Russell County AL SO,"Dunwoody GA PD,Dunwoody GA Parks"
Arrive Perimeter ,Arrive Perimeter ,
Grovetown GA PD,Grovetown Dept of Public Safety GA,"Dunwoody GA PD,Dunwoody GA Parks"
Conyers GA PD,Conyers GA PD,"Dunwoody GA PD Flex,Dunwoody GA PD,Dunwoody GA Parks,Dunwoody GA PD Trailer - Flock Demo"
Sparta GA PD,Sparta GA PD,"Dunwoody GA PD,Dunwoody GA Parks"
Fulton County GA PD,Fulton County GA PD,"Dunwoody GA PD,Dunwoody GA Parks,Dunwoody GA PD (Condor) "
Fairfax OH PD,"Fairfax OH PD,Fairfax OH PD (Live View)","Dunwoody GA PD,Dunwoody GA Parks"
Pocahontas AR PD,Pocahontas AR PD,
Cartersville GA PD,Cartersville GA PD,"Dunwoody GA PD Flex,Dunwoody GA PD,Dunwoody GA Parks,Dunwoody GA PD Trailer - Flock Demo,Dunwoody GA PD - Solar Video,Dunwoody GA PD - Car Crash Pilot,Dunwoody GA PD DFR,Dunwoody PD Wing Gateway Demo V2"
Akron OH PD,Akron OH PD,
Peachtree City GA PD,Peachtree City GA PD,"Dunwoody GA PD Flex,Dunwoody GA PD,Dunwoody GA Parks,Dunwoody GA PD (Condor) ,Dunwoody GA PD Trailer - Flock Demo,Dunwoody GA PD Raven,Dunwoody GA PD - DFR"
Springdale OH PD,Springdale OH PD,"Dunwoody GA PD,Dunwoody GA Parks"
Jefferson County MO SO,Jefferson County MO SO,"Dunwoody GA PD Flex,Dunwoody GA PD,Dunwoody GA Parks"
Cherokee County GA SO,Cherokee County GA SO,"Dunwoody GA PD Flex,Dunwoody GA PD,Dunwoody GA Parks,Dunwoody GA PD (Condor) ,Dunwoody GA PD Trailer - Flock Demo,Dunwoody GA PD - Car Crash Pilot"
River Oaks - Sandy Springs,River Oaks - Sandy Springs,
Bulloch County GA SO,Bulloch County GA SO ,"Dunwoody GA PD,Dunwoody GA Parks"
Brooklet GA PD,Brooklet GA PD,"Dunwoody GA PD,Dunwoody GA Parks"
Watauga County NC SO,Watauga County NC SO,"Dunwoody GA PD,Dunwoody GA Parks"
Kennesaw GA PD,Kennesaw GA PD,"Dunwoody GA PD Flex,Dunwoody GA PD,Dunwoody GA Parks,Dunwoody GA PD Trailer - Flock Demo,Dunwoody GA PD Wing Live,Dunwoody GA PD - Car Crash Pilot"
McCaysville GA PD,McCaysville GA PD,"Dunwoody GA PD,Dunwoody GA Parks"
Ashford Condominiums (GA),Ashford Condominiums (GA),
Carroll County OH SO,Carroll County OH SO,"Dunwoody GA PD,Dunwoody GA Parks"
Hapeville GA PD,Hapeville GA PD,"Dunwoody GA PD Flex,Dunwoody GA PD,Dunwoody GA Parks,Dunwoody GA PD Trailer 1"
Henderson County NC SO ,Henderson County NC SO,"Dunwoody GA PD,Dunwoody GA Parks"
Cheatham County TN SO,Cheatham County TN SO,"Dunwoody GA PD,Dunwoody GA Parks"
Jefferson County AR SO ,Jefferson County AR SO (Flex Cams) ,
Milledgeville GA PD,Milledgeville GA PD,"Dunwoody GA PD,Dunwoody GA Parks,Dunwoody GA PD - Car Crash Pilot"
Tift County GA SO,Tift County GA SO,"Dunwoody GA PD,Dunwoody GA Parks"
Whitfield County GA SO,Whitfield County GA SO,"Dunwoody GA PD,Dunwoody GA Parks"
Shelby County TN SO,"Lakeland TN,Shelby County TN SO","Dunwoody GA PD Flex,Dunwoody GA PD,Dunwoody GA Parks"
Orange County FL SO,Orange County FL SO,
Fort Oglethorpe GA PD,Fort Oglethorpe GA PD,"Dunwoody GA PD,Dunwoody GA Parks"
Winfield AL PD,Winfield AL PD,
Georgia State University GA PD,Georgia State University GA PD,"Dunwoody GA PD,Dunwoody GA Parks"
Morrow OH PD,Morrow OH PD,"Dunwoody GA PD,Dunwoody GA Parks"
Port Wentworth GA PD,Port Wentworth GA,"Dunwoody GA PD,Dunwoody GA Parks"
Alabaster AL PD,Alabaster AL PD,"Dunwoody GA PD,Dunwoody GA Parks"
Dekalb County SO (GA),DeKalb County SO (GA),"Dunwoody GA PD,Dunwoody GA Parks"
Marion Health PD (IN),Marion Health PD (IN),"Dunwoody GA PD,Dunwoody GA Parks,Dunwoody PD Wing Gateway Demo V2"
Pike County GA SO,Pike County GA SO,"Dunwoody GA PD,Dunwoody GA Parks"
Cumberland Metro IN PD,Cumberland Metro IN PD,"Dunwoody GA PD,Dunwoody GA Parks"
Easley SC PD,Easley SC PD,"Dunwoody GA PD,Dunwoody GA Parks"
Houston County GA District Attorney's Office,"Houston County, Georgia","Dunwoody GA PD,Dunwoody GA Parks"
Darlington County SC SO,Darlington County SC SO,"Dunwoody GA PD,Dunwoody GA Parks"
Chatham County GA SO,Chatham County GA SO,"Dunwoody GA PD,Dunwoody GA Parks"
Turin GA PD,Town of Turin (GA),"Dunwoody GA PD,Dunwoody GA Parks"
Lexington NC PD ,Lexington NC PD ,"Dunwoody GA PD,Dunwoody GA Parks"
Crawfordsville IN PD,Crawfordsville IN PD,"Dunwoody GA PD,Dunwoody GA Parks"
Oakhurst Walk,Oakhurst Walk,
Duluth GA PD,"Duluth GA PD,Duluth GA PD - RedSpeed","Dunwoody GA PD Flex,Dunwoody GA PD,Dunwoody GA Parks,Dunwoody GA PD - Car Crash Pilot"
Buford City Schools GA,"Buford, GA - City Schools","Dunwoody GA PD,Dunwoody GA Parks"
Seminole County GA SO,Seminole County GA SO,"Dunwoody GA PD,Dunwoody GA Parks"
Muscogee County GA SO,Muscogee County GA SO,"Dunwoody GA PD,Dunwoody GA Parks"
Florence AL PD,Florence AL PD,"Dunwoody GA PD,Dunwoody GA Parks"
Forrest County MS SO,Forrest County MS SO,"Dunwoody GA PD,Dunwoody GA Parks"
Spartanburg County SC SO,Spartanburg County SC SO (Flex),"Dunwoody GA PD,Dunwoody GA Parks"
Clarkston GA PD,Clarkston GA PD,"Dunwoody GA PD Flex,Dunwoody GA PD,Dunwoody GA Parks,Dunwoody GA PD (Condor) "
Madison (GA),Madison (GA),
Wynterhall,Wynterhall,
Chadbourn NC PD,Chadbourn NC PD,"Dunwoody GA PD,Dunwoody GA Parks"
Howard County IN SO,IN - Howard County SO,"Dunwoody GA PD,Dunwoody GA Parks"
Boxwood Place (GA),Boxwood Place (GA),
Chatsworth GA PD,Chatsworth GA PD,"Dunwoody GA PD,Dunwoody GA Parks"
Rincon GA PD,Rincon GA PD,"Dunwoody GA PD,Dunwoody GA Parks"
Douglasville GA PD,Douglasville GA PD,"Dunwoody GA PD Flex,Dunwoody GA PD,Dunwoody GA Parks,Dunwoody GA PD - Car Crash Pilot"
Fitzgerald GA PD,Fitzgerald GA PD - Falcon,"Dunwoody GA PD,Dunwoody GA Parks,Dunwoody GA PD Wing Live"
Dillard GA PD,Dillard GA PD,"Dunwoody GA PD,Dunwoody GA Parks"
Brooke Farm ,Brooke Farm ,
Blount County TN SO,Blount County TN SO,"Dunwoody GA PD,Dunwoody GA Parks"
Ashford Chase,Ashford Chase,
Dublin OH PD,Dublin OH PD (FLEX),"Dunwoody GA PD,Dunwoody GA Parks"
Villa Rica GA PD,Villa Rica GA PD,"Dunwoody GA PD Flex,Dunwoody GA PD,Dunwoody GA Parks,Dunwoody GA PD - Car Crash Pilot"
Oglethorpe County GA SO,Oglethorpe County GA SO,"Dunwoody GA PD,Dunwoody GA Parks"
Homewood AL PD,Homewood AL PD*,"Dunwoody GA PD,Dunwoody GA Parks"
Macon County AL SO,Macon County SO AL,"Dunwoody GA PD,Dunwoody GA Parks"
Acworth GA PD,Acworth GA PD,"Dunwoody GA PD Flex,Dunwoody GA PD,Dunwoody GA Parks,Dunwoody GA PD Trailer - Flock Demo,Dunwoody GA PD - Car Crash Pilot,Dunwoody GA PD DFR"
Pooler GA PD,Pooler GA PD,"Dunwoody GA PD,Dunwoody GA Parks"
Waterman Village (FL),Waterman Village (FL),
Mount Vernon Plantation (GA),Mount Vernon Plantation (GA),
Oxford AL PD,Oxford AL PD,"Dunwoody GA PD Flex,Dunwoody GA PD,Dunwoody GA Parks,Dunwoody GA PD (Condor) "
Oaks of Dunwoody,Oaks of Dunwoody,
Lake Mary FL PD,Lake Mary FL PD,"Dunwoody GA PD,Dunwoody GA Parks"
Belmont NC PD,Belmont NC PD,"Dunwoody GA PD,Dunwoody GA Parks"
Wadley GA PD,"Wadley GA PD (Condor),Wadley GA PD",
Auburn AL PD,Auburn AL PD,"Dunwoody GA PD,Dunwoody GA Parks"
Sikeston MO DPS,Sikeston MO PD,"Dunwoody GA PD,Dunwoody GA Parks,Dunwoody GA PD Wing Live"
Ahoskie NC PD,Ahoskie NC PD,"Dunwoody GA PD,Dunwoody GA Parks"
Carolina Beach NC PD ,Carolina Beach NC PD,"Dunwoody GA PD,Dunwoody GA Parks"
Northport AL PD,Northport AL PD,"Dunwoody GA PD,Dunwoody GA Parks"
Fulton MS PD,Fulton MS PD,Dunwoody GA Parks
Richmond Hill GA PD,Richmond Hill GA PD,"Dunwoody GA PD Flex,Dunwoody GA PD,Dunwoody GA Parks,Dunwoody GA PD Raven"
Lafourche Parish LA SO,Lafourche Parish LA SO,
Fayetteville GA PD,Fayetteville GA PD,"Dunwoody GA PD Flex,Dunwoody GA PD,Dunwoody GA Parks"
Danielsville GA PD,Danielsville GA PD,"Dunwoody GA PD,Dunwoody GA Parks"
Jackson GA PD,Jackson GA PD,"Dunwoody GA PD Flex,Dunwoody GA PD,Dunwoody GA Parks,Dunwoody GA PD - Car Crash Pilot"
Maggie Valley NC PD,Maggie Valley NC PD,"Dunwoody GA PD,Dunwoody GA Parks"
Metter GA PD,Metter GA PD,"Dunwoody GA PD,Dunwoody GA Parks"
Mitchell County GA SO,Mitchell County GA SO,"Dunwoody GA PD,Dunwoody GA Parks,Dunwoody GA PD - Car Crash Pilot,Dunwoody GA PD DFR"
Wembley Hall,Wembley Hall,
Rockmart GA PD,Rockmart GA PD,"Dunwoody GA PD Flex,Dunwoody GA PD,Dunwoody GA Parks,Dunwoody GA PD - Car Crash Pilot"
Douglas GA PD,Douglas GA PD,"Dunwoody GA PD,Dunwoody GA Parks"
Jefferson GA PD,Jefferson GA PD,"Dunwoody GA PD Flex,Dunwoody GA PD,Dunwoody GA Parks,Dunwoody GA PD Trailer - Flock Demo,Dunwoody GA PD - Car Crash Pilot,Dunwoody GA PD DFR"
Stratford Manor,Stratford Manor,
McIntosh County GA SO  ,McIntosh County GA SO ,"Dunwoody GA PD,Dunwoody GA Parks,Dunwoody GA PD Trailer 1"
Charleston SC PD,Charleston SC PD,"Dunwoody GA PD,Dunwoody GA Parks"
Lake Park GA PD,Lake Park GA PD,"Dunwoody GA PD,Dunwoody GA Parks"
Tippecanoe County IN SO,Tippecanoe County IN SO,"Dunwoody GA PD,Dunwoody GA Parks"
Wrens GA PD,Wrens GA PD - RedSpeed,"Dunwoody GA PD,Dunwoody GA Parks"
Dunwoody Walk (GA),Dunwoody Walk (GA),
Trumann AR PD,Trumann AR PD,
Marion IN PD,Marion IN PD,"Dunwoody GA PD,Dunwoody GA Parks"
Georgetown County SC SO,Georgetown County SC SO,"Dunwoody GA PD,Dunwoody GA Parks"
Buncombe County NC SO,Buncombe County NC SO,"Dunwoody GA PD,Dunwoody GA Parks"
Walton County FL SO,Walton County FL SO,"Dunwoody GA PD,Dunwoody GA Parks"
Franklin County AL SO,Franklin County AL SO (Flex),"Dunwoody GA PD,Dunwoody GA Parks"
Union City GA PD,Union City GA PD,"Dunwoody GA PD Flex,Dunwoody GA PD,Dunwoody GA Parks,Dunwoody GA PD Trailer - Flock Demo,Dunwoody GA PD - Car Crash Pilot"
Clarksville IN PD,Clarksville PD IN,"Dunwoody GA PD Flex,Dunwoody GA PD,Dunwoody GA Parks"
Vincennes IN PD,Vincennes IN PD,"Dunwoody GA PD,Dunwoody GA Parks"
Hampton GA PD,Hampton GA PD,"Dunwoody GA PD,Dunwoody GA Parks"
Vestavia Hills AL PD,Vestavia Hills AL PD,"Dunwoody GA PD,Dunwoody GA Parks"
Elizabethtown KY PD,Elizabethtown KY PD,"Dunwoody GA PD Flex,Dunwoody GA PD,Dunwoody GA Parks"
Palatka FL PD,Palatka FL PD,
Alcoa TN PD,Alcoa TN PD,"Dunwoody GA PD,Dunwoody GA Parks"
West Georgia Technical College (GA),West Georgia Technical College (GA),"Dunwoody GA PD,Dunwoody GA Parks"
Sullivan County IN SO,Sullivan County IN SO,"Dunwoody GA PD,Dunwoody GA Parks"
Eufaula AL PD,Eufaula AL PD,"Dunwoody GA PD,Dunwoody GA Parks"
Marta PD GA,,"Dunwoody GA PD Flex,Dunwoody GA PD,Dunwoody GA Parks,Dunwoody GA PD (Condor) ,Dunwoody GA PD Trailer - Flock Demo"
Office of Commissioner of Insurance and Safety Fire (GA),,"Dunwoody GA PD Flex,Dunwoody GA PD,Dunwoody GA Parks,Dunwoody GA PD Trailer - Flock Demo,Dunwoody GA PD - Car Crash Pilot,Dunwoody GA PD DFR"
Webster County GA SO,,"Dunwoody GA PD,Dunwoody GA Parks,Dunwoody GA PD - Car Crash Pilot"
Cook County GA SO,,"Dunwoody GA PD,Dunwoody GA Parks,Dunwoody GA PD - Car Crash Pilot"
Swainsboro GA PD,,"Dunwoody GA PD,Dunwoody GA Parks,Dunwoody GA PD - Car Crash Pilot"
Cumming GA PD,,"Dunwoody GA PD Flex,Dunwoody GA PD,Dunwoody GA Parks,Dunwoody GA PD - Car Crash Pilot,Dunwoody PD Wing Gateway Demo V2"
Taylor County GA SO ,,"Dunwoody GA PD,Dunwoody GA Parks,Dunwoody GA PD - Car Crash Pilot"
Bleckley County GA SO,,"Dunwoody GA PD,Dunwoody GA Parks,Dunwoody GA PD - Car Crash Pilot,Dunwoody GA PD DFR"
Hoschton GA PD,,"Dunwoody GA PD Flex,Dunwoody GA PD,Dunwoody GA Parks,Dunwoody GA PD - Car Crash Pilot"
Haralson County GA SO,,"Dunwoody GA PD Flex,Dunwoody GA PD,Dunwoody GA Parks,Dunwoody GA PD - Car Crash Pilot"
Dublin GA PD,,"Dunwoody GA PD Flex,Dunwoody GA PD,Dunwoody GA Parks,Dunwoody GA PD - Car Crash Pilot"
Cherokee County GA DA,,"Dunwoody GA PD Flex,Dunwoody GA PD,Dunwoody GA Parks,Dunwoody GA PD - Car Crash Pilot"
Port St. Lucie FL PD,,"Dunwoody GA PD Flex,Dunwoody GA PD,Dunwoody GA Parks"
Bremen GA PD,,"Dunwoody GA PD Flex,Dunwoody GA PD,Dunwoody GA Parks"
Monroe County TN SO,,"Dunwoody GA PD Flex,Dunwoody GA PD,Dunwoody GA Parks"
Nassau County FL SO,,"Dunwoody GA PD,Dunwoody GA Parks"
Homer Village NY PD,,"Dunwoody GA PD,Dunwoody GA Parks"
Orangeburg Department of Public Safety SC,,"Dunwoody GA PD,Dunwoody GA Parks"
Blountsville AL PD,,"Dunwoody GA PD,Dunwoody GA Parks"
Jackson MO PD,,"Dunwoody GA PD,Dunwoody GA Parks"
Pitt County NC SO,,"Dunwoody GA PD,Dunwoody GA Parks"
Spencer County IN SO,,"Dunwoody GA PD,Dunwoody GA Parks"
Bedford VA PD,,"Dunwoody GA PD,Dunwoody GA Parks"
Round Rock TX PD,,"Dunwoody GA PD,Dunwoody GA Parks"
OH - Middletown PD ,,"Dunwoody GA PD,Dunwoody GA Parks"
Alabama Department of Revenue,,"Dunwoody GA PD,Dunwoody GA Parks"
Perry County MO SO,,"Dunwoody GA PD,Dunwoody GA Parks"
Middleburg Heights OH PD,,"Dunwoody GA PD,Dunwoody GA Parks"
Caldwell County NC SO,,"Dunwoody GA PD,Dunwoody GA Parks"
Kleberg TX County Attorney's Task Force,,"Dunwoody GA PD,Dunwoody GA Parks"
Lavon TX PD ,,"Dunwoody GA PD,Dunwoody GA Parks"
Madison County NC SO,,"Dunwoody GA PD,Dunwoody GA Parks"
Auglaize County OH SO,,"Dunwoody GA PD,Dunwoody GA Parks"
Burke County NC SO,,"Dunwoody GA PD,Dunwoody GA Parks"
Fairfield PD - OH ,,"Dunwoody GA PD,Dunwoody GA Parks"
Warren County OH SO,,"Dunwoody GA PD,Dunwoody GA Parks"
MOCIC ,,"Dunwoody GA PD,Dunwoody GA Parks"
Suwannee County FL SO,,"Dunwoody GA PD,Dunwoody GA Parks"
Chatham IL PD,,"Dunwoody GA PD,Dunwoody GA Parks"
Gulf Breeze FL PD,,"Dunwoody GA PD,Dunwoody GA Parks"
Clinton CT PD,,"Dunwoody GA PD,Dunwoody GA Parks"
White House TN PD,,"Dunwoody GA PD,Dunwoody GA Parks"
Santa Rosa County FL SO,,"Dunwoody GA PD,Dunwoody GA Parks"
Auburn WA PD,,"Dunwoody GA PD,Dunwoody GA Parks"
Pontotoc MS PD,,"Dunwoody GA PD,Dunwoody GA Parks,Dunwoody GA PD Wing Live"
Glendale OH PD,,"Dunwoody GA PD,Dunwoody GA Parks"
Summit IL PD,,"Dunwoody GA PD,Dunwoody GA Parks"
Germantown TN PD,,"Dunwoody GA PD Flex,Dunwoody GA PD,Dunwoody GA Parks"
TN ROCIC,,"Dunwoody GA PD,Dunwoody GA Parks,Dunwoody GA PD Wing Live"
Stockbridge GA PD,,"Dunwoody GA PD Flex,Dunwoody GA PD,Dunwoody GA Parks,Dunwoody GA PD Wing Live,Dunwoody GA PD - Car Crash Pilot,Dunwoody PD Wing Gateway Demo V2"
Holbrook MA PD,,"Dunwoody GA PD,Dunwoody GA Parks"
Medicine Lodge KS PD,,"Dunwoody GA PD,Dunwoody GA Parks"
Hackleburg AL PD,,"Dunwoody GA PD Flex,Dunwoody GA PD,Dunwoody GA Parks"
Hendersonville TN PD,,"Dunwoody GA PD,Dunwoody GA Parks"
Milam County TX SO,,"Dunwoody GA PD,Dunwoody GA Parks"
Gallatin TN PD,,"Dunwoody GA PD,Dunwoody GA Parks"
Mount Pleasant SC PD,,"Dunwoody GA PD,Dunwoody GA Parks"
Crossville TN PD,,"Dunwoody GA PD,Dunwoody GA Parks"
Vernon Parish LA SO,,"Dunwoody GA PD,Dunwoody GA Parks"
White Pine TN PD,,"Dunwoody GA PD,Dunwoody GA Parks,Dunwoody GA PD Wing Live"
Washoe County NV SO,,"Dunwoody GA PD,Dunwoody GA Parks"
Union County MS SO,,"Dunwoody GA PD,Dunwoody GA Parks"
St. Peters MO PD,,"Dunwoody GA PD,Dunwoody GA Parks"
Orting WA PD,,"Dunwoody GA PD,Dunwoody GA Parks"
Cleveland County NC SO ,,"Dunwoody GA PD,Dunwoody GA Parks"
Caruthersville MO PD,,"Dunwoody GA PD,Dunwoody GA Parks"
Danville IN PD,,"Dunwoody GA PD,Dunwoody GA Parks"
Bessemer AL PD,,"Dunwoody GA PD,Dunwoody GA Parks"
Omega GA PD ,,"Dunwoody GA PD,Dunwoody GA Parks"
Baker County FL SO,,"Dunwoody GA PD,Dunwoody GA Parks"
Georgia Attorney General's Office  - GA,,"Dunwoody GA PD Flex,Dunwoody GA PD,Dunwoody GA Parks"
West Des Moines IA PD,,Dunwoody GA PD
Pickens County SC SO,,"Dunwoody GA PD,Dunwoody GA Parks"
Greenville County SC SO,,"Dunwoody GA PD,Dunwoody GA Parks"
Valdosta State University GA PD,,"Dunwoody GA PD,Dunwoody GA Parks"
Show Low AZ PD,,"Dunwoody GA PD,Dunwoody GA Parks"
Paris TX PD,,"Dunwoody GA PD,Dunwoody GA Parks"
Anna TX PD,,"Dunwoody GA PD,Dunwoody GA Parks"
Hamilton County FL SO,,"Dunwoody GA PD,Dunwoody GA Parks"
Old Westbury Village NY PD,,"Dunwoody GA PD,Dunwoody GA Parks"
Rockingham NC PD,,"Dunwoody GA PD,Dunwoody GA Parks"
Oneonta AL PD,,"Dunwoody GA PD,Dunwoody GA Parks"
OH - Butler County SO,,"Dunwoody GA PD Flex,Dunwoody GA PD,Dunwoody GA Parks,Dunwoody GA PD Wing Live"
Virginia Department of Wildlife Resources (DWR),,"Dunwoody GA PD,Dunwoody GA Parks"
Greenville MS PD,,"Dunwoody GA PD,Dunwoody GA Parks"
Custer County CO SO,,"Dunwoody GA PD,Dunwoody GA Parks"
Palm Beach FL PD,,"Dunwoody GA PD,Dunwoody GA Parks"
Eureka MO PD,,"Dunwoody GA PD,Dunwoody GA Parks"
Highland Heights KY PD,,"Dunwoody GA PD,Dunwoody GA Parks"
Cabot AR PD,,"Dunwoody GA PD,Dunwoody GA Parks,Dunwoody PD Wing Gateway Demo V2"
Johnson County IN SO,,"Dunwoody GA PD,Dunwoody GA Parks"
Shelby County KY SO,,"Dunwoody GA PD,Dunwoody GA Parks"
La Paz County AZ SO,,"Dunwoody GA PD,Dunwoody GA Parks"
Lakewood WA PD,,"Dunwoody GA PD,Dunwoody GA Parks"
Anoka County MN SO,,"Dunwoody GA PD,Dunwoody GA Parks"
Cherokee County AL SO,,"Dunwoody GA PD,Dunwoody GA Parks"
Independence KY PD,,"Dunwoody GA PD,Dunwoody GA Parks"
St. John Parish LA SO,,"Dunwoody GA PD Flex,Dunwoody GA PD,Dunwoody GA Parks"
Columbus NC PD,,"Dunwoody GA PD,Dunwoody GA Parks"
Wayne County TN SO,,"Dunwoody GA PD,Dunwoody GA Parks"
Bethel Park PA PD,,"Dunwoody GA PD,Dunwoody GA Parks"
Milan TN PD,,"Dunwoody GA PD,Dunwoody GA Parks"
Trousdale County TN SO,,"Dunwoody GA PD,Dunwoody GA Parks"
Alabama Law Enforcement Agency (ALEA),,"Dunwoody GA PD Flex,Dunwoody GA PD,Dunwoody GA Parks"
Lenoir City TN PD,,"Dunwoody GA PD,Dunwoody GA Parks"
Clintwood VA PD,,"Dunwoody GA PD,Dunwoody GA Parks"
Jefferson County SO IN,,"Dunwoody GA PD,Dunwoody GA Parks"
Thomasville AL PD,,"Dunwoody GA PD,Dunwoody GA Parks"
Lithopolis OH PD,,"Dunwoody GA PD,Dunwoody GA Parks"
Lowndes County GA SO,,"Dunwoody GA PD,Dunwoody GA Parks"
Buchanan County MO SO,,"Dunwoody GA PD,Dunwoody GA Parks"
Washington County IN SO,,"Dunwoody GA PD,Dunwoody GA Parks"
Huntersville PD NC,,"Dunwoody GA PD,Dunwoody GA Parks"
Holly Hill FL PD,,"Dunwoody GA PD,Dunwoody GA Parks"
Roanoke VA PD,,"Dunwoody GA PD,Dunwoody GA Parks"
Gastonia NC PD,,"Dunwoody GA PD,Dunwoody GA Parks"
Kingsport TN PD,,"Dunwoody GA PD,Dunwoody GA Parks"
Montgomery County VA SO,,"Dunwoody GA PD,Dunwoody GA Parks"
Nelson County KY SO,,"Dunwoody GA PD,Dunwoody GA Parks"
Southern Pines NC PD,,"Dunwoody GA PD,Dunwoody GA Parks"
South Barrington IL PD,,"Dunwoody GA PD,Dunwoody GA Parks"
Luray VA PD,,"Dunwoody GA PD,Dunwoody GA Parks"
Marion County WV SO,,"Dunwoody GA PD,Dunwoody GA Parks"
Kingston Springs TN PD,,"Dunwoody GA PD,Dunwoody GA Parks"
Mount Holly NC PD,,"Dunwoody GA PD,Dunwoody GA Parks"
Breckinridge County KY SO,,"Dunwoody GA PD,Dunwoody GA Parks"
OH- Springfield Township PD (Hamilton Co) ,,"Dunwoody GA PD,Dunwoody GA Parks"
Vermillion County IN SO,,"Dunwoody GA PD,Dunwoody GA Parks"
Marion IL PD,,"Dunwoody GA PD,Dunwoody GA Parks"
Rowan County NC SO,,"Dunwoody GA PD,Dunwoody GA Parks"
Stone County MS SO,,"Dunwoody GA PD,Dunwoody GA Parks"
Brownsburg IN PD,,"Dunwoody GA PD,Dunwoody GA Parks"
OH - Williamsburg PD,,"Dunwoody GA PD,Dunwoody GA Parks"
Sullivan County TN SO,,"Dunwoody GA PD,Dunwoody GA Parks"
Blue Ash OH PD,,"Dunwoody GA PD,Dunwoody GA Parks"
Pembroke Pines FL PD,,"Dunwoody GA PD,Dunwoody GA Parks"
Poughkeepsie City NY PD,,"Dunwoody GA PD,Dunwoody GA Parks"
Smithfield NC PD,,"Dunwoody GA PD,Dunwoody GA Parks"
Talbot County GA SO,,"Dunwoody GA PD,Dunwoody GA Parks"
Atlantic Beach FL PD,,"Dunwoody GA PD,Dunwoody GA Parks"
Kendall County TX SO,,"Dunwoody GA PD,Dunwoody GA Parks"
Live Oak FL PD,,"Dunwoody GA PD,Dunwoody GA Parks"
Hope Mills NC PD ,,"Dunwoody GA PD,Dunwoody GA Parks"
Fairmount IN PD,,"Dunwoody GA PD,Dunwoody GA Parks"
Springfield FL PD,,"Dunwoody GA PD,Dunwoody GA Parks"
Loudon TN PD,,"Dunwoody GA PD Flex,Dunwoody GA PD,Dunwoody GA Parks,Dunwoody PD Wing Gateway Demo V2"
Nicholasville KY PD,,"Dunwoody GA PD,Dunwoody GA Parks"
Woodhaven MI PD,,"Dunwoody GA PD,Dunwoody GA Parks"
Greensboro GA PD ,,"Dunwoody GA PD,Dunwoody GA Parks"
Arnold MO PD,,"Dunwoody GA PD,Dunwoody GA Parks"
Byram MS PD,,"Dunwoody GA PD,Dunwoody GA Parks"
Vance County NC SO,,"Dunwoody GA PD,Dunwoody GA Parks"
Dillon SC PD,,"Dunwoody GA PD,Dunwoody GA Parks"
Tooele City PD UT,,"Dunwoody GA PD Flex,Dunwoody GA PD,Dunwoody GA Parks"
Albion MI DPS,,"Dunwoody GA PD,Dunwoody GA Parks"
Huntington County IN SO,,"Dunwoody GA PD,Dunwoody GA Parks"
Franklin County IL SO,,"Dunwoody GA PD,Dunwoody GA Parks"
Juab County UT SO,,"Dunwoody GA PD,Dunwoody GA Parks"
Fletcher NC PD,,"Dunwoody GA PD,Dunwoody GA Parks"
Louisville Metro KY PD,,"Dunwoody GA PD,Dunwoody GA Parks"
Sherwood AR PD,,"Dunwoody GA PD,Dunwoody GA Parks"
Woodlawn OH PD,,"Dunwoody GA PD,Dunwoody GA Parks"
Defuniak Springs FL PD,,"Dunwoody GA PD,Dunwoody GA Parks"
Dent County MO SO,,"Dunwoody GA PD,Dunwoody GA Parks"
Carrollton OH PD,,"Dunwoody GA PD,Dunwoody GA Parks"
Selma NC PD,,"Dunwoody GA PD,Dunwoody GA Parks"
Puyallup WA PD,,"Dunwoody GA PD,Dunwoody GA Parks"
Ohio State Fire Marshal,,"Dunwoody GA PD,Dunwoody GA Parks"
Dale County AL SO,,"Dunwoody GA PD,Dunwoody GA Parks"
Adairville KY PD,,"Dunwoody GA PD,Dunwoody GA Parks"
Hardin County OH SO,,"Dunwoody GA PD,Dunwoody GA Parks"
Okaloosa County FL SO,,"Dunwoody GA PD,Dunwoody GA Parks"
West Lafayette IN PD,,"Dunwoody GA PD,Dunwoody GA Parks"
LaFayette County FL SO,,"Dunwoody GA PD,Dunwoody GA Parks"
Camilla GA PD ,,"Dunwoody GA PD,Dunwoody GA Parks"
Columbia County FL SO,,"Dunwoody GA PD,Dunwoody GA Parks"
Guilford County NC SO,,"Dunwoody GA PD,Dunwoody GA Parks"
Lincoln County SO NE,,"Dunwoody GA PD,Dunwoody GA Parks"
Broward County FL SO,,"Dunwoody GA PD,Dunwoody GA Parks"
Tampa FL PD,,"Dunwoody GA PD,Dunwoody GA Parks"
Polk County GA PD,,"Dunwoody GA PD,Dunwoody GA Parks"
Crawford County IL SO ,,"Dunwoody GA PD,Dunwoody GA Parks"
Pike County IL SO ,,"Dunwoody GA PD,Dunwoody GA Parks"
Gwinnett County School PD,,"Dunwoody GA PD Flex,Dunwoody GA PD,Dunwoody GA Parks"
Knox County IL SO,,"Dunwoody GA PD,Dunwoody GA Parks"
Catawba County NC SO,,"Dunwoody GA PD,Dunwoody GA Parks"
Butner NC PD,,"Dunwoody GA PD,Dunwoody GA Parks"
Town of Bean Station PD  TN,,"Dunwoody GA PD,Dunwoody GA Parks"
Surfside Beach SC PD,,"Dunwoody GA PD,Dunwoody GA Parks"
Towns County GA SO ,,"Dunwoody GA PD,Dunwoody GA Parks"
Struthers OH PD,,"Dunwoody GA PD,Dunwoody GA Parks"
Prince William County VA PD,,"Dunwoody GA PD,Dunwoody GA Parks"
Jacksonville Beach FL PD,,"Dunwoody GA PD,Dunwoody GA Parks"
Creedmoor NC PD,,"Dunwoody GA PD,Dunwoody GA Parks"
North Ridgeville OH PD,,"Dunwoody GA PD,Dunwoody GA Parks"
Abbeville SC PD,,"Dunwoody GA PD,Dunwoody GA Parks"
Zionsville IN PD,,"Dunwoody GA PD,Dunwoody GA Parks"
East Tennessee State University TN Campus PD ,,"Dunwoody GA PD,Dunwoody GA Parks"
Herrin IL PD,,"Dunwoody GA PD,Dunwoody GA Parks"
Erwin NC PD,,"Dunwoody GA PD,Dunwoody GA Parks"
Wedowee AL PD,,"Dunwoody GA PD,Dunwoody GA Parks"
Opelika AL PD,,"Dunwoody GA PD Flex,Dunwoody GA PD,Dunwoody GA Parks,Dunwoody GA PD (Condor) ,Dunwoody GA PD Raven"
Ellaville GA PD,,"Dunwoody GA PD,Dunwoody GA Parks,Dunwoody GA PD - Car Crash Pilot"
Franklin County OH SO,,"Dunwoody GA PD,Dunwoody GA Parks"
Niagara Falls City NY PD,,"Dunwoody GA PD,Dunwoody GA Parks"
Wyandotte MI PD,,"Dunwoody GA PD,Dunwoody GA Parks"
Elmhurst IL PD,,"Dunwoody GA PD,Dunwoody GA Parks"
Sylvester GA PD,,"Dunwoody GA PD,Dunwoody GA Parks"
Logan County KY SO ,,"Dunwoody GA PD,Dunwoody GA Parks"
Braselton GA PD,,"Dunwoody GA PD Flex,Dunwoody GA PD,Dunwoody GA Parks,Dunwoody GA PD - Car Crash Pilot"
South Carolina Law Enforcement Division - SLED,,"Dunwoody GA PD,Dunwoody GA Parks"
Lake Geneva WI PD,,"Dunwoody GA PD,Dunwoody GA Parks"
Warrenton NC PD ,,"Dunwoody GA PD,Dunwoody GA Parks"
Mansfield OH PD,,"Dunwoody GA PD,Dunwoody GA Parks"
St. Charles City MO PD,,"Dunwoody GA PD,Dunwoody GA Parks"
Kill Devil Hills NC PD,,"Dunwoody GA PD Flex,Dunwoody GA PD,Dunwoody GA Parks,Dunwoody PD Wing Gateway Demo V2,Dunwoody GA PD Trailer 1"
Sumter County SC SO,,"Dunwoody GA PD,Dunwoody GA Parks"
Mint Hill NC PD,,"Dunwoody GA PD,Dunwoody GA Parks"
[Federal] Wright Patterson OH Air Force Base,,"Dunwoody GA PD,Dunwoody GA Parks"
Indian Hills KY PD,,"Dunwoody GA PD,Dunwoody GA Parks"
[Federal] US Postal Inspection Service,,"Dunwoody GA PD Flex,Dunwoody GA PD,Dunwoody GA Parks"
Wilkes County NC SO,,"Dunwoody GA PD,Dunwoody GA Parks"
Idaho State Police ID,,"Dunwoody GA PD,Dunwoody GA Parks"
Wapakoneta OH PD,,"Dunwoody GA PD,Dunwoody GA Parks"
Bradford County FL SO,,"Dunwoody GA PD,Dunwoody GA Parks"
New Knoxville OH PD,,"Dunwoody GA PD,Dunwoody GA Parks"
NYS Crime Analysis Center Network,,"Dunwoody GA PD,Dunwoody GA Parks"
Crainville IL PD ,,"Dunwoody GA PD,Dunwoody GA Parks"
Pea Ridge AR PD,,"Dunwoody GA PD,Dunwoody GA Parks"
Casa Grande AZ PD,,"Dunwoody GA PD,Dunwoody GA Parks"
Fuquay-Varina NC PD,,"Dunwoody GA PD,Dunwoody GA Parks"
Fishkill Town NY PD,,"Dunwoody GA PD,Dunwoody GA Parks"
Whitewater WI PD,,"Dunwoody GA PD,Dunwoody GA Parks"
Waynesville NC PD,,"Dunwoody GA PD,Dunwoody GA Parks"
Robstown TX PD,,"Dunwoody GA PD,Dunwoody GA Parks"
Florida Department of Law Enforcement (FDLE),,"Dunwoody GA PD,Dunwoody GA Parks"
Westfield IN PD,,"Dunwoody GA PD,Dunwoody GA Parks"
Russellville KY PD,,"Dunwoody GA PD,Dunwoody GA Parks"
MS - Raymond PD,,"Dunwoody GA PD,Dunwoody GA Parks"
Del City OK PD,,"Dunwoody GA PD,Dunwoody GA Parks"
Moundville AL PD,,"Dunwoody GA PD,Dunwoody GA Parks"
Missouri Department of Conservation,,"Dunwoody GA PD,Dunwoody GA Parks"
Moraine OH PD,,Dunwoody GA PD
Henry County VA SO,,"Dunwoody GA PD,Dunwoody GA Parks"
Sheridan AR PD,,"Dunwoody GA PD,Dunwoody GA Parks"
Gilmer County GA SO,,"Dunwoody GA PD,Dunwoody GA Parks,Dunwoody GA PD - Car Crash Pilot,Dunwoody GA PD DFR"
Brent AL PD,,"Dunwoody GA PD,Dunwoody GA Parks"
Marianna FL PD,,"Dunwoody GA PD,Dunwoody GA Parks"
Washington County OH SO,,"Dunwoody GA PD,Dunwoody GA Parks"
Orleans Levee District PD,,"Dunwoody GA PD,Dunwoody GA Parks"
Pinecrest FL PD,,"Dunwoody GA PD,Dunwoody GA Parks"
Hazleton PA PD,,"Dunwoody GA PD,Dunwoody GA Parks"
Eminence KY PD,,"Dunwoody GA PD,Dunwoody GA Parks"
Smyth County VA SO,,"Dunwoody GA PD,Dunwoody GA Parks"
Indiana State Police IN PD,,"Dunwoody GA PD,Dunwoody GA Parks"
Zephyrhills FL PD,,"Dunwoody GA PD,Dunwoody GA Parks"
Calhoun County SC SO,,"Dunwoody GA PD,Dunwoody GA Parks"
Alvin TX PD,,"Dunwoody GA PD,Dunwoody GA Parks"
Onondaga County NY SO ,,"Dunwoody GA PD,Dunwoody GA Parks"
Sun Valley PD ID ,,"Dunwoody GA PD,Dunwoody GA Parks"
Scott County MS SO,,"Dunwoody GA PD,Dunwoody GA Parks"
Hopkinsville KY PD,,Dunwoody GA Parks
Dunn NC PD,,"Dunwoody GA PD,Dunwoody GA Parks,Dunwoody GA PD Wing Live"
Waxhaw NC PD,,"Dunwoody GA PD,Dunwoody GA Parks"
Gainesville FL PD,,"Dunwoody GA PD,Dunwoody GA Parks"
Metro East Auto Theft (IL),,"Dunwoody GA PD,Dunwoody GA Parks"
Colleton County SO (SC),,"Dunwoody GA PD,Dunwoody GA Parks"
Henry County IN SO,,"Dunwoody GA PD,Dunwoody GA Parks"
Stamping Ground KY PD,,"Dunwoody GA PD,Dunwoody GA Parks"
Thomas County GA SO,,"Dunwoody GA PD,Dunwoody GA Parks"
Wilmore KY PD,,"Dunwoody GA PD Flex,Dunwoody GA PD,Dunwoody GA Parks"
Nashville Intl Airport TN PD,,"Dunwoody GA PD,Dunwoody GA Parks"
Yancey County NC SO,,"Dunwoody GA PD Flex,Dunwoody GA PD,Dunwoody GA Parks"
Dekalb County GA DOT,,"Dunwoody GA PD Flex,Dunwoody GA PD,Dunwoody GA PD Trailer - Flock Demo,Dunwoody GA PD - Car Crash Pilot"
Stillwater MN PD,,"Dunwoody GA PD,Dunwoody GA Parks"
Madisonville KY PD,,"Dunwoody GA PD,Dunwoody GA Parks"
Cocoa FL PD,,"Dunwoody GA PD,Dunwoody GA Parks"
Mason PD - OH,,"Dunwoody GA PD,Dunwoody GA Parks"
Tallapoosa GA PD,,"Dunwoody GA PD,Dunwoody GA Parks"
Springfield OH PD,,"Dunwoody GA PD,Dunwoody GA Parks"
Troy OH PD,,"Dunwoody GA PD,Dunwoody GA Parks"
Hamilton Township OH PD,,"Dunwoody GA PD,Dunwoody GA Parks"
Lake City FL PD,,"Dunwoody GA PD,Dunwoody GA Parks"
Tallahassee FL PD,,"Dunwoody GA PD,Dunwoody GA Parks"
Mayfield KY PD,,"Dunwoody GA PD,Dunwoody GA Parks"
Tipton County TN SO,,"Dunwoody GA PD,Dunwoody GA Parks"
Cass County IN SO,,"Dunwoody GA PD,Dunwoody GA Parks"
Clovis NM PD,,"Dunwoody GA PD,Dunwoody GA Parks"
Union Township PD (Clermont Co) - OH,,"Dunwoody GA PD,Dunwoody GA Parks"
Florida State University Campus PD FL,,"Dunwoody GA PD,Dunwoody GA Parks"
Wilmette IL PD ,,"Dunwoody GA PD,Dunwoody GA Parks"
Fairmont State University WV PD,,"Dunwoody GA PD,Dunwoody GA Parks"
Chambers County AL SO,,"Dunwoody GA PD,Dunwoody GA Parks,Dunwoody GA PD Wing Live"
La Marque TX PD,,"Dunwoody GA PD Flex,Dunwoody GA PD,Dunwoody GA Parks"
New York State Police NY,,"Dunwoody GA PD Flex,Dunwoody GA PD,Dunwoody GA Parks"
Wheeler County NE SO ,,"Dunwoody GA PD,Dunwoody GA Parks"
Las Vegas NM PD,,"Dunwoody GA PD,Dunwoody GA Parks"
Manila AR PD,,"Dunwoody GA PD,Dunwoody GA Parks"
Anderson SC PD,,"Dunwoody GA PD,Dunwoody GA Parks"
Kenton County KY SO,,"Dunwoody GA PD,Dunwoody GA Parks"
Amarillo TX PD,,"Dunwoody GA PD,Dunwoody GA Parks"
Henry County AL SO,,"Dunwoody GA PD,Dunwoody GA Parks"
Hueytown AL PD,,"Dunwoody GA PD,Dunwoody GA Parks"
Flora- IL - PD,,"Dunwoody GA PD,Dunwoody GA Parks"
Holland TX PD ,,"Dunwoody GA PD,Dunwoody GA Parks"
Auburn NY PD,,"Dunwoody GA PD,Dunwoody GA Parks"
Dougherty County GA SO,,"Dunwoody GA PD,Dunwoody GA Parks,Dunwoody GA PD DFR"
Cocoa Beach FL PD,,"Dunwoody GA PD,Dunwoody GA Parks"
Palm Beach County FL SO,,"Dunwoody GA PD,Dunwoody GA Parks,Dunwoody PD Wing Gateway Demo V2"
Saline County IL SO,,"Dunwoody GA PD,Dunwoody GA Parks"
Adel GA PD ,,"Dunwoody GA PD,Dunwoody GA Parks"
Fairlawn OH PD,,"Dunwoody GA PD,Dunwoody GA Parks"
Mount Vernon IN PD,,"Dunwoody GA PD Flex,Dunwoody GA PD,Dunwoody GA Parks"
Elloree SC PD,,"Dunwoody GA PD,Dunwoody GA Parks"
Shenandoah County VA SO,,"Dunwoody GA PD,Dunwoody GA Parks"
Parke County IN SO,,"Dunwoody GA PD,Dunwoody GA Parks"
Monroe NC PD,,"Dunwoody GA PD,Dunwoody GA Parks"
Pennsylvania State PD,,"Dunwoody GA PD,Dunwoody GA Parks"
Guntersville AL PD,,"Dunwoody GA PD,Dunwoody GA Parks,Dunwoody GA PD (Condor) ,Dunwoody GA PD Raven"
Leesburg AL PD,,"Dunwoody GA PD Flex,Dunwoody GA PD,Dunwoody GA Parks,Dunwoody GA PD (Condor) ,Dunwoody GA PD Raven"
Holly Springs GA PD,,"Dunwoody GA PD Flex,Dunwoody GA PD,Dunwoody GA Parks,Dunwoody GA PD - Car Crash Pilot"
Auburn GA PD ,,"Dunwoody GA PD Flex,Dunwoody GA PD,Dunwoody GA Parks,Dunwoody GA PD Trailer - Flock Demo,Dunwoody GA PD - Car Crash Pilot,Dunwoody GA PD DFR"
Schley County SO GA ,,"Dunwoody GA PD,Dunwoody GA Parks,Dunwoody GA PD - Car Crash Pilot,Dunwoody GA PD DFR"
Commerce GA PD,,"Dunwoody GA PD,Dunwoody GA Parks,Dunwoody GA PD - Car Crash Pilot"
Leesburg GA PD,,"Dunwoody GA PD Flex,Dunwoody GA PD,Dunwoody GA Parks,Dunwoody GA PD - Car Crash Pilot,Dunwoody GA PD Trailer 1"
Hancock County GA SO,,"Dunwoody GA PD,Dunwoody GA Parks,Dunwoody GA PD - Car Crash Pilot"
Jesup GA PD,,"Dunwoody GA PD,Dunwoody GA Parks,Dunwoody GA PD - Car Crash Pilot"
Gwinnett County DAs Office,,"Dunwoody GA PD Flex,Dunwoody GA PD,Dunwoody GA Parks,Dunwoody GA PD Trailer - Flock Demo,Dunwoody GA PD - Car Crash Pilot,Dunwoody GA PD DFR"
Amberley Village OH PD,,"Dunwoody GA PD Flex,Dunwoody GA PD,Dunwoody GA Parks,Dunwoody GA PD Wing Live"
Union County NC SO,,"Dunwoody GA PD,Dunwoody GA Parks,Dunwoody GA PD Wing Live"
Riverside County CA District Attorney,,"Dunwoody GA PD Flex,Dunwoody GA PD,Dunwoody GA Parks,Dunwoody GA PD Wing Live"
Scarborough ME PD,,"Dunwoody GA PD Flex,Dunwoody GA PD,Dunwoody GA Parks,Dunwoody GA PD Wing Live"
Branson MO PD,,"Dunwoody GA PD,Dunwoody GA Parks,Dunwoody GA PD Wing Live"
Colleyville PD TX,,"Dunwoody GA PD,Dunwoody GA Parks,Dunwoody GA PD Wing Live"
Metro Police Authority of Genesee County MI,,"Dunwoody GA PD Flex,Dunwoody GA PD,Dunwoody GA Parks,Dunwoody GA PD Wing Live"
Rock County WI SO,,"Dunwoody GA PD Flex,Dunwoody GA PD,Dunwoody GA Parks,Dunwoody GA PD Wing Live"
Stevens Point WI PD,,"Dunwoody GA PD,Dunwoody GA Parks,Dunwoody GA PD Wing Live"
Laurens SC PD,,"Dunwoody GA PD,Dunwoody GA Parks,Dunwoody GA PD Wing Live,Dunwoody GA PD - Solar Video,Dunwoody GA PD - Raven (PCID)"
Rural Retreat VA PD,,"Dunwoody GA PD,Dunwoody GA Parks,Dunwoody GA PD Wing Live,Dunwoody GA PD - Raven (PCID)"
Independence KS PD,,"Dunwoody GA PD,Dunwoody GA PD Trailer 1"
Eaton OH PD,,"Dunwoody GA PD Flex,Dunwoody GA PD,Dunwoody GA Parks"
Whitesburg GA PD,,"Dunwoody GA PD Flex,Dunwoody GA PD,Dunwoody GA Parks"
Worth County GA SO,,"Dunwoody GA PD Flex,Dunwoody GA PD,Dunwoody GA Parks"
Trenton OH PD,,"Dunwoody GA PD Flex,Dunwoody GA PD,Dunwoody GA Parks"
Danville KY PD,,"Dunwoody GA PD Flex,Dunwoody GA PD,Dunwoody GA Parks"
Lovejoy GA PD,,"Dunwoody GA PD Flex,Dunwoody GA PD,Dunwoody GA Parks"
GA - MCS/OCU/Intelligence,,"Dunwoody GA PD Flex,Dunwoody GA PD,Dunwoody GA Parks"
Wyoming OH PD,,"Dunwoody GA PD Flex,Dunwoody GA PD,Dunwoody GA Parks"
Jasper AL PD,,"Dunwoody GA PD Flex,Dunwoody GA PD,Dunwoody GA Parks"
Vacaville CA PD,,"Dunwoody GA PD Flex,Dunwoody GA PD,Dunwoody GA Parks"
Edison State Community College,,"Dunwoody GA PD Flex,Dunwoody GA PD,Dunwoody GA Parks"
Venice FL PD,,"Dunwoody GA PD Flex,Dunwoody GA PD,Dunwoody GA Parks"
Troy MI PD ,,"Dunwoody GA PD Flex,Dunwoody GA PD,Dunwoody GA Parks"
Euharlee GA PD,,"Dunwoody GA PD Flex,Dunwoody GA PD,Dunwoody GA Parks"
Indian Hill OH PD,,"Dunwoody GA PD Flex,Dunwoody GA PD,Dunwoody GA Parks"
Golf Manor OH PD,,"Dunwoody GA PD Flex,Dunwoody GA PD,Dunwoody GA Parks"
Tennessee Valley Authority Police,,"Dunwoody GA PD Flex,Dunwoody GA PD,Dunwoody GA Parks,Dunwoody PD Wing Gateway Demo V2"
Richmond VA PD,,"Dunwoody GA PD Flex,Dunwoody GA PD,Dunwoody GA Parks"
GA - Georgia Piedmont Technical College ,,"Dunwoody GA PD Flex,Dunwoody GA PD,Dunwoody GA Parks"
Clark Atlanta University GA PD,,"Dunwoody GA PD Flex,Dunwoody GA PD,Dunwoody GA Parks"
Georgia State Patrol GA PD,,"Dunwoody GA PD Flex,Dunwoody GA PD,Dunwoody GA Parks"
Mercer County OH SO,,"Dunwoody GA PD Flex,Dunwoody GA PD,Dunwoody GA Parks"
Monroe OH PD,,"Dunwoody GA PD Flex,Dunwoody GA PD,Dunwoody GA Parks"
Murfreesboro TN PD,,"Dunwoody GA PD Flex,Dunwoody GA PD,Dunwoody GA Parks"
York County VA SO,,"Dunwoody GA PD Flex,Dunwoody GA PD,Dunwoody GA Parks"
Beaumont TX PD,,"Dunwoody GA PD Flex,Dunwoody GA PD,Dunwoody GA Parks,Dunwoody PD Wing Gateway Demo V2"
Ottawa IL PD,,"Dunwoody GA PD Flex,Dunwoody GA PD,Dunwoody GA Parks"
Sauk Prairie WI PD,,"Dunwoody GA PD Flex,Dunwoody GA PD,Dunwoody GA Parks"
Waukesha WI PD,,"Dunwoody GA PD Flex,Dunwoody GA PD,Dunwoody GA Parks"
Purcell OK PD,,"Dunwoody GA PD Flex,Dunwoody GA PD,Dunwoody GA Parks"
Nags Head NC PD,,"Dunwoody GA PD Flex,Dunwoody GA PD,Dunwoody GA Parks"
Dearborn MI PD,,"Dunwoody GA PD Flex,Dunwoody GA PD,Dunwoody GA Parks,Dunwoody PD Wing Gateway Demo V2"
Sevierville TN PD,,"Dunwoody GA PD Flex,Dunwoody GA PD,Dunwoody GA Parks,Dunwoody GA PD - Solar Video"
Sumter SC PD,,"Dunwoody GA PD Flex,Dunwoody GA Parks"
Hazel Park MI PD,,"Dunwoody GA PD Flex,Dunwoody GA PD,Dunwoody GA Parks,Dunwoody GA PD - Solar Video"
Geauga County OH SO ,,"Dunwoody GA PD Flex,Dunwoody GA PD"
Sioux City IA PD,,"Dunwoody GA PD Flex,Dunwoody GA PD,Dunwoody GA Parks,Dunwoody PD Wing Gateway Demo V2"
Wichita KS PD,,"Dunwoody GA PD Flex,Dunwoody PD Wing Gateway Demo V2"
Grand Island NE PD,,"Dunwoody GA PD Flex,Dunwoody PD Wing Gateway Demo V2"
Erlanger KY PD,,"Dunwoody GA PD Flex,Dunwoody GA PD,Dunwoody GA Parks"
New Castle PA PD,,"Dunwoody GA PD Flex,Dunwoody GA PD,Dunwoody GA Parks"
Lakeside Park-Crestview Hills KY PD,,"Dunwoody GA PD Flex,Dunwoody GA PD,Dunwoody GA Parks"
Lee County GA SO,,"Dunwoody GA PD Flex,Dunwoody GA PD,Dunwoody GA Parks"
Chesterfield County VA PD,,"Dunwoody GA PD Flex,Dunwoody GA PD,Dunwoody GA Parks"
Clinton TN PD,,"Dunwoody GA PD Flex,Dunwoody GA PD,Dunwoody GA Parks,Dunwoody PD Wing Gateway Demo V2"
Blount County Commission (AL),,"Dunwoody GA PD Flex,Dunwoody GA PD,Dunwoody GA Parks"
Stephens County GA SO,,"Dunwoody GA PD Flex,Dunwoody GA PD,Dunwoody GA Parks"
Loudoun County VA SO,,"Dunwoody GA PD Flex,Dunwoody GA PD,Dunwoody GA Parks"
Franklin County FL SO,,"Dunwoody GA PD Flex,Dunwoody GA PD,Dunwoody GA Parks"
Arizona Department of Public Safety,,"Dunwoody GA PD Flex,Dunwoody GA PD,Dunwoody GA Parks"
Buford GA Department of Public Safety,,"Dunwoody GA PD Flex,Dunwoody GA PD,Dunwoody GA Parks"
Madeira OH PD,,"Dunwoody GA PD Flex,Dunwoody GA PD,Dunwoody GA Parks"
Miami County OH SO,,"Dunwoody GA PD Flex,Dunwoody GA PD,Dunwoody GA Parks"
Wartburg TN PD,,"Dunwoody GA PD Flex,Dunwoody GA PD,Dunwoody GA Parks,Dunwoody PD Wing Gateway Demo V2"
Doerun GA PD,,"Dunwoody GA PD Flex,Dunwoody GA PD,Dunwoody GA Parks"
University of Tennessee TN PD,,"Dunwoody GA PD Flex,Dunwoody GA PD,Dunwoody GA Parks"
Markle IN PD,,"Dunwoody GA PD,Dunwoody GA Parks"
NE - Colfax Co SO,,"Dunwoody GA PD,Dunwoody GA Parks"
AL - Autauga County SO,,"Dunwoody GA PD,Dunwoody GA Parks"
Seward County NE SO,,"Dunwoody GA PD,Dunwoody GA Parks"
Macomb IL PD,,"Dunwoody GA PD,Dunwoody GA Parks"
Pemiscot County MO SO,,"Dunwoody GA PD,Dunwoody GA Parks"
Elmore County AL SO,,"Dunwoody GA PD,Dunwoody GA Parks"
Weber City VA PD,,"Dunwoody GA PD,Dunwoody GA Parks"
Wixom MI PD,,"Dunwoody GA PD,Dunwoody GA Parks"
St. Augustine FL PD,,"Dunwoody GA PD,Dunwoody GA Parks"
CO - Rangely PD,,"Dunwoody GA PD,Dunwoody GA Parks"
Luzerne County PA DA's Office,,"Dunwoody GA PD,Dunwoody GA Parks"
Boone County IL SO,,"Dunwoody GA PD,Dunwoody GA Parks"
St. Matthews KY PD,,"Dunwoody GA PD,Dunwoody GA Parks"
McKinney TX PD,,"Dunwoody GA PD,Dunwoody GA Parks"
Moulton AL PD,,"Dunwoody GA PD,Dunwoody GA Parks"
Indiana Department of Corrections,,"Dunwoody GA PD,Dunwoody GA Parks"
McDonough County IL SO,,"Dunwoody GA PD,Dunwoody GA Parks"
Baton Rouge LA PD,,"Dunwoody GA PD,Dunwoody GA Parks"
Camden County GA SO,,"Dunwoody GA PD,Dunwoody GA Parks"
North Wilkesboro NC PD,,"Dunwoody GA PD,Dunwoody GA Parks"
Lake Wales FL PD,,"Dunwoody GA PD,Dunwoody GA Parks"
University of North Carolina Charlotte (NC),,"Dunwoody GA PD,Dunwoody GA Parks"
Nash County NC SO,,"Dunwoody GA PD,Dunwoody GA Parks"
Williamson County TN SO,,"Dunwoody GA PD,Dunwoody GA Parks"
Marion County OH SO,,"Dunwoody GA PD,Dunwoody GA Parks"
Carterville IL PD,,"Dunwoody GA PD,Dunwoody GA Parks"
Rainbow City AL PD,,"Dunwoody GA PD,Dunwoody GA Parks"
Wake Forest NC PD,,"Dunwoody GA PD,Dunwoody GA Parks"
Bellevue KY PD,,"Dunwoody GA PD,Dunwoody GA Parks"
Harnett County NC SO,,"Dunwoody GA PD,Dunwoody GA Parks"
Mt. Zion IL PD,,"Dunwoody GA PD,Dunwoody GA Parks"
Salem IL PD,,"Dunwoody GA PD,Dunwoody GA Parks"
Noblesville IN PD,,"Dunwoody GA PD,Dunwoody GA Parks"
Jasper County SC SO,,"Dunwoody GA PD,Dunwoody GA Parks"
Des Peres MO DPS,,"Dunwoody GA PD,Dunwoody GA Parks"
AL - Andalusia PD,,"Dunwoody GA PD,Dunwoody GA Parks"
Lexington Medical Center SC PD,,"Dunwoody GA PD,Dunwoody GA Parks"
WakeMed Campus PD and Public Safety (NC),,"Dunwoody GA PD,Dunwoody GA Parks"
Ocean Springs MS PD,,"Dunwoody GA PD,Dunwoody GA Parks"
Georgetown IN PD,,"Dunwoody GA PD,Dunwoody GA Parks"
Harrison County SO MS,,"Dunwoody GA PD,Dunwoody GA Parks"
Shenandoah VA PD,,"Dunwoody GA PD,Dunwoody GA Parks"
OH - Mariemont PD,,Dunwoody GA PD
Grayson County VA SO,,"Dunwoody GA PD,Dunwoody GA Parks"
Westworth Village TX PD,,"Dunwoody GA PD,Dunwoody GA Parks"
Clover SC PD,,"Dunwoody GA PD,Dunwoody GA Parks"
Haysi VA PD,,"Dunwoody GA PD,Dunwoody GA Parks"
Melbourne FL PD,,"Dunwoody GA PD,Dunwoody GA Parks"
Spring City TN PD,,"Dunwoody GA PD,Dunwoody GA Parks"
Centerville IN PD,,"Dunwoody GA PD,Dunwoody GA Parks"
Elwood IN PD,,"Dunwoody GA PD,Dunwoody GA Parks"
Jessamine County KY SO,,"Dunwoody GA PD,Dunwoody GA Parks"
University of South Florida FL PD,,"Dunwoody GA PD,Dunwoody GA Parks"
Franklin Township PA PD,,"Dunwoody GA PD,Dunwoody GA Parks"
Giles County TN SO,,"Dunwoody GA PD,Dunwoody GA Parks"
Vero Beach FL PD,,"Dunwoody GA PD,Dunwoody GA Parks"
Greenwood SC PD,,"Dunwoody GA PD,Dunwoody GA Parks"
Dayton PD - OH,,"Dunwoody GA PD,Dunwoody GA Parks"
Hardeeville SC PD,,"Dunwoody GA PD,Dunwoody GA Parks"
Isle Of Wight County VA SO,,Dunwoody GA PD
Woodruff SC PD ,,"Dunwoody GA PD,Dunwoody GA Parks"
Rocky Mount NC PD,,"Dunwoody GA PD,Dunwoody GA Parks"
Longboat Key FL PD,,"Dunwoody GA PD,Dunwoody GA Parks"
ECU Health NC PD,,"Dunwoody GA PD,Dunwoody GA Parks"
Kings Mountain NC PD,,"Dunwoody GA PD,Dunwoody GA Parks"
Chatham County NC SO,,"Dunwoody GA PD,Dunwoody GA Parks"
Spotsylvania County VA SO,,"Dunwoody GA PD,Dunwoody GA Parks"
Sarasota County FL SO,,"Dunwoody GA PD,Dunwoody GA Parks"
Wilson County TN SO,,"Dunwoody GA PD,Dunwoody GA Parks"
Barbour County AL SO,,"Dunwoody GA PD,Dunwoody GA Parks"
AR - Mountain View PD,,"Dunwoody GA PD,Dunwoody GA Parks"
Berea KY PD,,"Dunwoody GA PD,Dunwoody GA Parks"
Vienna WV PD,,"Dunwoody GA PD,Dunwoody GA Parks"
Village of Clearview WV PD,,"Dunwoody GA PD,Dunwoody GA Parks"
Cairo GA PD ,,"Dunwoody GA PD,Dunwoody GA Parks"
Flagler County FL SO,,"Dunwoody GA PD,Dunwoody GA Parks"
Bowling Green KY PD,,"Dunwoody GA PD,Dunwoody GA Parks"
University of Illinois at Urbana-Champaign IL PD,,"Dunwoody GA PD,Dunwoody GA Parks"
Jackson County NC SO,,"Dunwoody GA PD,Dunwoody GA Parks"
Bardstown PD KY,,"Dunwoody GA PD,Dunwoody GA Parks"
Evendale OH PD,,"Dunwoody GA PD,Dunwoody GA Parks,Dunwoody PD Wing Gateway Demo V2"
Houston County AL SO,,"Dunwoody GA PD,Dunwoody GA Parks"
Marysville OH PD,,"Dunwoody GA PD,Dunwoody GA Parks"
Newark OH PD,,"Dunwoody GA PD,Dunwoody GA Parks"
Concord NC PD,,"Dunwoody GA PD,Dunwoody GA Parks"
Champaign County IL SO,,"Dunwoody GA PD,Dunwoody GA Parks"
Pennington Gap VA PD,,"Dunwoody GA PD,Dunwoody GA Parks"
Wynne School District 9 AR PD,,"Dunwoody GA PD,Dunwoody GA Parks"
OH - Oakwood PD,,"Dunwoody GA PD,Dunwoody GA Parks"
Overland MO PD,,"Dunwoody GA PD,Dunwoody GA Parks"
Lakeland FL PD,,"Dunwoody GA PD,Dunwoody GA Parks"
Illinois Attorney General,,Dunwoody GA PD
Gilchrist County FL SO,,"Dunwoody GA PD,Dunwoody GA Parks"
Gulf Shores AL PD,,"Dunwoody GA PD,Dunwoody GA Parks"
Asheville NC PD,,"Dunwoody GA PD,Dunwoody GA Parks"
Pascagoula MS PD,,"Dunwoody GA PD,Dunwoody GA Parks"
Indiana HIDTA ,,"Dunwoody GA PD,Dunwoody GA Parks"
West Terre Haute IN PD,,"Dunwoody GA PD,Dunwoody GA Parks"
Columbiana AL PD,,"Dunwoody GA PD,Dunwoody GA Parks"
Hickory NC PD,,"Dunwoody GA PD,Dunwoody GA Parks"
Neshoba County MS SO,,"Dunwoody GA PD,Dunwoody GA Parks"
OH - Stark Parks Public Safety,,"Dunwoody GA PD,Dunwoody GA Parks"
Decatur AL PD,,"Dunwoody GA PD,Dunwoody GA Parks"
Pinellas County FL SO,,"Dunwoody GA PD,Dunwoody GA Parks"
Cherryville PD (NC),,"Dunwoody GA PD,Dunwoody GA Parks"
New Smyrna Beach FL PD,,"Dunwoody GA PD,Dunwoody GA Parks"
Paducah KY PD,,"Dunwoody GA PD,Dunwoody GA Parks"
Hillsboro OH PD,,"Dunwoody GA PD,Dunwoody GA Parks"
Shreveport LA PD,,"Dunwoody GA PD,Dunwoody GA Parks"
Colonial Beach VA PD,,"Dunwoody GA PD,Dunwoody GA Parks"
Gatlinburg TN PD ,,"Dunwoody GA PD,Dunwoody GA Parks"
Flint MI PD,,"Dunwoody GA PD,Dunwoody GA Parks"
Macon County MO SO,,"Dunwoody GA PD,Dunwoody GA Parks"
MS - Yazoo City PD,,"Dunwoody GA PD,Dunwoody GA Parks"
MS - Itawamba Community College Campus PD,,"Dunwoody GA PD,Dunwoody GA Parks"
McPherson County KS SO,,"Dunwoody GA PD,Dunwoody GA Parks"
Hickory Creek TX PD,,"Dunwoody GA PD,Dunwoody GA Parks"
City of Willard MO PD,,"Dunwoody GA PD,Dunwoody GA Parks"
Jonesboro AR PD,,"Dunwoody GA PD,Dunwoody GA Parks"
Bossier Parish LA SO,,"Dunwoody GA PD,Dunwoody GA Parks"
Vine Grove KY PD,,Dunwoody GA PD
Dickenson County VA SO,,"Dunwoody GA PD,Dunwoody GA Parks"
Grand Rapids MI PD,,"Dunwoody GA PD,Dunwoody GA Parks"
Lonoke County AR SO,,"Dunwoody GA PD,Dunwoody GA Parks"
Monroe MI PD,,"Dunwoody GA PD,Dunwoody GA Parks"
OK - Washita County SO,,"Dunwoody GA PD,Dunwoody GA Parks"
Boyd TX PD,,"Dunwoody GA PD,Dunwoody GA Parks"
Warren County KY SO,,"Dunwoody GA PD,Dunwoody GA Parks"
Roanoke Rapids NC PD,,"Dunwoody GA PD,Dunwoody GA Parks"
Halls TN PD,,"Dunwoody GA PD,Dunwoody GA Parks"
Obetz OH PD,,"Dunwoody GA PD,Dunwoody GA Parks"
Iberville Parish LA SO,,"Dunwoody GA PD,Dunwoody GA Parks"
South Daytona FL PD,,"Dunwoody GA PD,Dunwoody GA Parks"
Vandalia IL PD ,,"Dunwoody GA PD,Dunwoody GA Parks"
Wilson County NC SO,,"Dunwoody GA PD,Dunwoody GA Parks"
Macon County NC SO,,"Dunwoody GA PD,Dunwoody GA Parks"
Newton NC PD ,,"Dunwoody GA PD,Dunwoody GA Parks"
Virden IL PD,,"Dunwoody GA PD,Dunwoody GA Parks"
CVG Airport KY PD,,"Dunwoody GA PD,Dunwoody GA Parks"
Guernsey County OH SO,,"Dunwoody GA PD,Dunwoody GA Parks"
Newport TN PD,,"Dunwoody GA PD,Dunwoody GA Parks"
Cabarrus County NC SO,,"Dunwoody GA PD,Dunwoody GA Parks"
Mineral Area Drug Task Force MO,,"Dunwoody GA PD,Dunwoody GA Parks"
Rockport IN PD,,"Dunwoody GA PD,Dunwoody GA Parks"
Mauldin SC PD,,"Dunwoody GA PD,Dunwoody GA Parks"
Calloway County KY SO,,"Dunwoody GA PD,Dunwoody GA Parks"
Marshall County AL SO,,"Dunwoody GA PD,Dunwoody GA Parks"
Park Hills MO PD,,"Dunwoody GA PD,Dunwoody GA Parks"
Kokomo IN PD,,"Dunwoody GA PD,Dunwoody GA Parks"
Lenoir County NC SO,,"Dunwoody GA PD,Dunwoody GA Parks"
University of Memphis TN PD,,"Dunwoody GA PD,Dunwoody GA Parks"
Walls MS PD,,"Dunwoody GA PD,Dunwoody GA Parks"
Van Buren County TN SO,,"Dunwoody GA PD,Dunwoody GA Parks"
Wetumpka AL PD,,"Dunwoody GA PD,Dunwoody GA Parks"
Gulfport MS PD,,"Dunwoody GA PD,Dunwoody GA Parks"
Scott City MO PD,,"Dunwoody GA PD,Dunwoody GA Parks"
Madison County MS SO ,,"Dunwoody GA PD,Dunwoody GA Parks"
Town of West Blocton AL PD,,"Dunwoody GA PD,Dunwoody GA Parks"
Atoka TN PD,,"Dunwoody GA PD,Dunwoody GA Parks"
West Virginia Fusion Center (WV),,"Dunwoody GA PD,Dunwoody GA Parks"
Fultondale AL PD,,"Dunwoody GA PD,Dunwoody GA Parks"
Shelbyville TN PD,,"Dunwoody GA PD,Dunwoody GA Parks"
Union County SC SO,,"Dunwoody GA PD,Dunwoody GA Parks"
Huntington IN PD,,"Dunwoody GA PD,Dunwoody GA Parks"
OH - U.S.23 Major Crimes Task Force,,"Dunwoody GA PD,Dunwoody GA Parks"
Lady Lake FL PD,,"Dunwoody GA PD,Dunwoody GA Parks"
Maury County TN SO,,"Dunwoody GA PD,Dunwoody GA Parks"
Seymour IN PD ,,"Dunwoody GA PD,Dunwoody GA Parks"
Shepherdsville KY PD,,"Dunwoody GA PD,Dunwoody GA Parks"
Aviston IL PD,,"Dunwoody GA PD,Dunwoody GA Parks"
Saline County AR SO,,"Dunwoody GA PD,Dunwoody GA Parks"
Altoona IA PD,,"Dunwoody GA PD,Dunwoody GA Parks"
West Union PD SC,,"Dunwoody GA PD,Dunwoody GA Parks"
DO NOT USE ,,"Dunwoody GA PD,Dunwoody GA Parks"
Glynn County GA PD ,,"Dunwoody GA PD,Dunwoody GA Parks"
Campbell County VA SO,,"Dunwoody GA PD,Dunwoody GA Parks"
Powhatan County VA SO,,"Dunwoody GA PD,Dunwoody GA Parks"
St. Charles Parish LA SO,,"Dunwoody GA PD,Dunwoody GA Parks"
Newtown OH PD,,"Dunwoody GA PD,Dunwoody GA Parks"
University of Tennessee Health Science Center Memphis TN PD,,"Dunwoody GA PD,Dunwoody GA Parks"
Seminole County FL SO,,"Dunwoody GA PD,Dunwoody GA Parks"
New Hanover County NC SO,,"Dunwoody GA PD,Dunwoody GA Parks"
Spring Hill TN PD,,"Dunwoody GA PD,Dunwoody GA Parks"
Tupelo MS PD,,"Dunwoody GA PD,Dunwoody GA Parks"
Warrior AL PD,,"Dunwoody GA PD,Dunwoody GA Parks"
Webster Groves MO PD,,"Dunwoody GA PD,Dunwoody GA Parks"
Charlestown PD IN,,"Dunwoody GA PD,Dunwoody GA Parks"
Gibsonville NC PD,,"Dunwoody GA PD,Dunwoody GA Parks"
Crawford County IN SO,,"Dunwoody GA PD,Dunwoody GA Parks"
Erwin TN PD,,"Dunwoody GA PD,Dunwoody GA Parks"
Kingston TN PD,,"Dunwoody GA PD,Dunwoody GA Parks"
Pembroke GA PD,,"Dunwoody GA PD,Dunwoody GA Parks"
Crystal City MO PD,,"Dunwoody GA PD,Dunwoody GA Parks"
Brunswick County NC SO,,"Dunwoody GA PD,Dunwoody GA Parks"
Leitchfield KY PD,,"Dunwoody GA PD,Dunwoody GA Parks"
Mt. Washington KY PD,,"Dunwoody GA PD,Dunwoody GA Parks"
Forest City NC PD,,"Dunwoody GA PD,Dunwoody GA Parks"
McMinnville TN PD,,"Dunwoody GA PD,Dunwoody GA Parks"
Ohio Bureau of Criminal Investigation,,"Dunwoody GA PD,Dunwoody GA Parks"
Blacksburg SC PD ,,"Dunwoody GA PD,Dunwoody GA Parks"
Mitchell County NC SO,,"Dunwoody GA PD,Dunwoody GA Parks"
Marion SC PD,,"Dunwoody GA PD,Dunwoody GA Parks"
Newport KY PD,,"Dunwoody GA PD,Dunwoody GA Parks"
Boaz AL PD,,"Dunwoody GA PD,Dunwoody GA Parks"
Lyman PD SC ,,"Dunwoody GA PD,Dunwoody GA Parks"
Johnson County TN SO,,"Dunwoody GA PD,Dunwoody GA Parks"
Whiteville NC PD,,"Dunwoody GA PD,Dunwoody GA Parks"
Fort Collins Police Services (FCPS),,"Dunwoody GA PD,Dunwoody GA Parks"
Coffeyville KS PD,,"Dunwoody GA PD,Dunwoody GA Parks"
Glencoe IL PD,,"Dunwoody GA PD,Dunwoody GA Parks"
Kaysville UT PD,,"Dunwoody GA PD,Dunwoody GA Parks"
West City IL PD ,,"Dunwoody GA PD,Dunwoody GA Parks"
Sparta TN PD,,"Dunwoody GA PD,Dunwoody GA Parks"
Colbert County AL SO,,"Dunwoody GA PD,Dunwoody GA Parks"
East Hampton Village NY PD,,"Dunwoody GA PD,Dunwoody GA Parks"
Adams County IL SO,,"Dunwoody GA PD,Dunwoody GA Parks"
Fairfax County VA PD,,"Dunwoody GA PD,Dunwoody GA Parks"
Gray County TX SO ,,"Dunwoody GA PD,Dunwoody GA Parks"
Grandview MO PD,,"Dunwoody GA PD,Dunwoody GA Parks"
Columbus County NC SO,,"Dunwoody GA PD,Dunwoody GA Parks"
Vernon County WI SO,,"Dunwoody GA PD,Dunwoody GA Parks"
Matthews NC PD,,"Dunwoody GA PD,Dunwoody GA Parks"
Rhea County TN SO,,"Dunwoody GA PD,Dunwoody GA Parks"
Hoke County NC SO,,"Dunwoody GA PD,Dunwoody GA Parks"
Fayetteville NC PD,,"Dunwoody GA PD,Dunwoody GA Parks"
Morris IL PD,,"Dunwoody GA PD,Dunwoody GA Parks"
University of Central Missouri PD,,"Dunwoody GA PD,Dunwoody GA Parks"
Slinger WI PD,,"Dunwoody GA PD,Dunwoody GA Parks"
Washington County WI SO,,"Dunwoody GA PD,Dunwoody GA Parks"
Monterey TN PD,,"Dunwoody GA PD,Dunwoody GA Parks"
SUNY-Onondaga Community College Campus NY PD,,"Dunwoody GA PD,Dunwoody GA Parks"
Whitestown IN PD,,"Dunwoody GA PD,Dunwoody GA Parks"
Panama City FL PD,,"Dunwoody GA PD,Dunwoody GA Parks"
Smyrna TN PD,,"Dunwoody GA PD,Dunwoody GA Parks"
Brookings SD PD,,"Dunwoody GA PD,Dunwoody GA Parks"
Texas Department of Criminal Justice,,"Dunwoody GA PD,Dunwoody GA Parks"
Berrien County GA SO,,"Dunwoody GA PD,Dunwoody GA Parks"
Nassau County NY PD,,"Dunwoody GA PD,Dunwoody GA Parks"
White County IL SO,,"Dunwoody GA PD,Dunwoody GA Parks"
Southern Regl PA PD,,"Dunwoody GA PD,Dunwoody GA Parks"
Hillsborough NC PD,,"Dunwoody GA PD,Dunwoody GA Parks"
Mount Vernon OH PD,,"Dunwoody GA PD,Dunwoody GA Parks"
Greenwood IN PD,,"Dunwoody GA PD,Dunwoody GA Parks"
Dallas TX PD,,"Dunwoody GA PD,Dunwoody GA Parks"
Whitehall OH PD,,"Dunwoody GA PD,Dunwoody GA Parks"
Prescott AZ PD,,"Dunwoody GA PD,Dunwoody GA Parks"
Henry County IL SO,,"Dunwoody GA PD,Dunwoody GA Parks"
Virginia State Police,,"Dunwoody GA PD,Dunwoody GA Parks"
Covington LA PD,,"Dunwoody GA PD,Dunwoody GA Parks"
Oxford MS PD,,"Dunwoody GA PD,Dunwoody GA Parks"
OH - Jefferson County Drug Task Force,,"Dunwoody GA PD,Dunwoody GA Parks"
Newberry County SC SO ,,"Dunwoody GA PD,Dunwoody GA Parks"
Clarendon County SC SO ,,"Dunwoody GA PD,Dunwoody GA Parks"
New Orleans LA PD,,"Dunwoody GA PD,Dunwoody GA Parks"
Fairmont NC PD,,"Dunwoody GA PD,Dunwoody GA Parks"
New Haven IN PD,,"Dunwoody GA PD,Dunwoody GA Parks"
Manchester MO PD,,"Dunwoody GA PD,Dunwoody GA Parks"
Delphi IN PD,,"Dunwoody GA PD,Dunwoody GA Parks"
St Pauls NC PD,,Dunwoody GA PD
Greenfield IN PD,,"Dunwoody GA PD,Dunwoody GA Parks"
Alexandria IN PD,,"Dunwoody GA PD,Dunwoody GA Parks"
Johnston City IL PD,,"Dunwoody GA PD,Dunwoody GA Parks"
Moore County NC SO,,"Dunwoody GA PD,Dunwoody GA Parks"
CSX Railroad PD,,"Dunwoody GA PD,Dunwoody GA Parks"
Memphis Intl Airport,,"Dunwoody GA PD,Dunwoody GA Parks"
Lee County SC SO,,"Dunwoody GA PD,Dunwoody GA Parks"
Grady County GA SO,,"Dunwoody GA PD,Dunwoody GA Parks"
Osceola County FL SO,,"Dunwoody GA PD,Dunwoody GA Parks"
Olive Branch MS PD,,"Dunwoody GA PD,Dunwoody GA Parks"
Steele AL PD,,"Dunwoody GA PD,Dunwoody GA Parks"
Cheraw SC PD,,"Dunwoody GA PD,Dunwoody GA Parks"
Whitley County IN Prosector,,"Dunwoody GA PD,Dunwoody GA Parks"
Glen Carbon IL PD,,"Dunwoody GA PD,Dunwoody GA Parks"
Town of Groton CT PD,,"Dunwoody GA PD,Dunwoody GA Parks"
Mohave County AZ SO,,"Dunwoody GA PD,Dunwoody GA Parks"
Pratt County KS SO,,"Dunwoody GA PD,Dunwoody GA Parks"
Vienna VA PD,,"Dunwoody GA PD,Dunwoody GA Parks"
Clarksville VA PD,,"Dunwoody GA PD,Dunwoody GA Parks"
Crowell TX PD,,"Dunwoody GA PD,Dunwoody GA Parks"
Arlington PD (WA),,"Dunwoody GA PD,Dunwoody GA Parks"
Cheyenne WY PD,,"Dunwoody GA PD,Dunwoody GA Parks"
Mill Creek WA PD,,"Dunwoody GA PD,Dunwoody GA Parks"
Seguin TX PD,,"Dunwoody GA PD,Dunwoody GA Parks"
Duncan SC PD,,"Dunwoody GA PD,Dunwoody GA Parks"
Auburn ME PD,,"Dunwoody GA PD,Dunwoody GA Parks"
Morristown TN PD,,"Dunwoody GA PD,Dunwoody GA Parks"
Joplin MO PD,,"Dunwoody GA PD,Dunwoody GA Parks"
Wabash County IN SO,,"Dunwoody GA PD,Dunwoody GA Parks"
Leake County MS SO,,"Dunwoody GA PD Flex,Dunwoody GA PD,Dunwoody GA Parks"
Collegedale TN PD,,"Dunwoody GA PD,Dunwoody GA Parks"
Conway SC PD,,"Dunwoody GA PD,Dunwoody GA Parks"
Society SC PD,,"Dunwoody GA PD,Dunwoody GA Parks"
Nashville NC PD ,,"Dunwoody GA PD,Dunwoody GA Parks"
Coffee County AL SO,,"Dunwoody GA PD,Dunwoody GA Parks"
Kent County MI SO,,"Dunwoody GA PD,Dunwoody GA Parks"
Florida Office of Agriculture Law Enforcement,,"Dunwoody GA PD,Dunwoody GA Parks"
Branchville SC PD,,"Dunwoody GA PD,Dunwoody GA Parks"
Cornelia GA PD,,"Dunwoody GA PD,Dunwoody GA Parks"
Tallassee AL PD,,"Dunwoody GA PD,Dunwoody GA Parks"
Clinton Township NJ PD,,"Dunwoody GA PD,Dunwoody GA Parks"
Ferguson MO PD,,"Dunwoody GA PD,Dunwoody GA Parks"
Madison AL PD,,"Dunwoody GA PD,Dunwoody GA Parks"
Thibodaux LA PD,,"Dunwoody GA PD,Dunwoody GA Parks"
Jackson MS PD,,"Dunwoody GA PD,Dunwoody GA Parks"
Tell City IN PD,,"Dunwoody GA PD,Dunwoody GA Parks"
Dawson County GA SO,,"Dunwoody GA PD,Dunwoody GA Parks"
Norwood OH PD,,"Dunwoody GA PD,Dunwoody GA Parks"
Bellefontaine PD - OH ,,"Dunwoody GA PD,Dunwoody GA Parks"
Madison County AL SO,,"Dunwoody GA PD,Dunwoody GA Parks"
North Manchester IN PD ,,"Dunwoody GA PD,Dunwoody GA Parks"
Chesterfield MO PD,,"Dunwoody GA PD,Dunwoody GA Parks"
Ste. Genevieve County MO SO ,,"Dunwoody GA PD,Dunwoody GA Parks"
Danville IL PD,,"Dunwoody GA PD,Dunwoody GA Parks"
Morgan County AL SO,,"Dunwoody GA PD,Dunwoody GA Parks"
Millington TN PD,,Dunwoody GA PD
Hoover AL PD,,"Dunwoody GA PD,Dunwoody GA Parks"
Pine Hill AL PD,,"Dunwoody GA PD,Dunwoody GA Parks"
D'Iberville MS PD,,Dunwoody GA PD
Algood TN PD,,"Dunwoody GA PD,Dunwoody GA Parks"
Alachua County FL SO,,"Dunwoody GA PD,Dunwoody GA Parks"
Ingalls IN PD,,"Dunwoody GA PD,Dunwoody GA Parks"
Washington County MO SO,,"Dunwoody GA PD,Dunwoody GA Parks"
Bridgeton MO PD,,"Dunwoody GA PD,Dunwoody GA Parks"
McCracken County KY SO,,"Dunwoody GA PD,Dunwoody GA Parks"
Delhi Twp OH PD,,"Dunwoody GA PD,Dunwoody GA Parks"
Tennessee Bureau of Investigation,,"Dunwoody GA PD,Dunwoody GA Parks"
Canton IL PD,,"Dunwoody GA PD,Dunwoody GA Parks"
Lebanon KY PD,,"Dunwoody GA PD,Dunwoody GA Parks"
Raleigh NC PD,,"Dunwoody GA PD,Dunwoody GA Parks"
Plaquemines Parish LA SO,,"Dunwoody GA PD,Dunwoody GA Parks"
Limestone County AL SO ,,"Dunwoody GA PD,Dunwoody GA Parks"
Cocke County TN SO,,"Dunwoody GA PD,Dunwoody GA Parks"
Valdosta GA PD,,"Dunwoody GA PD,Dunwoody GA Parks"
Brunswick County VA SO,,"Dunwoody GA PD,Dunwoody GA Parks"
Muncie IN PD,,"Dunwoody GA PD,Dunwoody GA Parks"
Jeffersonville IN PD,,"Dunwoody GA PD,Dunwoody GA Parks"
Twiggs County GA SO ,,"Dunwoody GA PD,Dunwoody GA Parks"
Louisville Airport PD,,"Dunwoody GA PD,Dunwoody GA Parks"
Daytona Beach FL PD,,"Dunwoody GA PD,Dunwoody GA Parks"
Pembroke NC PD,,"Dunwoody GA PD,Dunwoody GA Parks"
Osceola AR PD,,"Dunwoody GA PD,Dunwoody GA Parks"
Reading OH PD,,"Dunwoody GA PD,Dunwoody GA Parks"
Halifax County NC SO,,"Dunwoody GA PD,Dunwoody GA Parks"
Cheviot OH PD,,"Dunwoody GA PD,Dunwoody GA Parks"
MS - Biloxi PD,,"Dunwoody GA PD,Dunwoody GA Parks"
Marion County IL SO,,"Dunwoody GA PD,Dunwoody GA Parks"
Bryant AR PD,,"Dunwoody GA PD,Dunwoody GA Parks"
Coffee County TN SO,,"Dunwoody GA PD,Dunwoody GA Parks"
Polk County NC SO,,"Dunwoody GA PD,Dunwoody GA Parks"
Pulaski VA PD,,"Dunwoody GA PD,Dunwoody GA Parks"
Georgetown SC PD,,"Dunwoody GA PD,Dunwoody GA Parks"
Putnam County TN SO ,,"Dunwoody GA PD,Dunwoody GA Parks"
Lookout Mountain TN PD,,"Dunwoody GA PD,Dunwoody GA Parks"
Irmo SC PD,,"Dunwoody GA PD,Dunwoody GA Parks"
Mount Zion GA PD,,"Dunwoody GA PD,Dunwoody GA Parks"
AR - Harrisburg PD,,"Dunwoody GA PD,Dunwoody GA Parks"
Chipley FL PD,,"Dunwoody GA PD,Dunwoody GA Parks"
Florence SC PD,,"Dunwoody GA PD,Dunwoody GA Parks"
Lawrenceville VA PD,,"Dunwoody GA PD,Dunwoody GA Parks"
[Federal] US Park Police - Chattahoochee River NRA,,"Dunwoody GA PD,Dunwoody GA Parks"
Goodlettsville TN PD,,"Dunwoody GA PD,Dunwoody GA Parks"
Etowah County AL SO,,"Dunwoody GA PD,Dunwoody GA Parks"
Ashland County OH SO,,"Dunwoody GA PD,Dunwoody GA Parks"
FL - Belleair PD,,"Dunwoody GA PD,Dunwoody GA Parks"
University of North Carolina Chapel Hill NC ,,"Dunwoody GA PD,Dunwoody GA Parks"
Coral Springs FL PD,,"Dunwoody GA PD,Dunwoody GA Parks"
Edgecombe County NC SO,,"Dunwoody GA PD,Dunwoody GA Parks"
Wentzville MO PD,,"Dunwoody GA PD,Dunwoody GA Parks"
Knox County IN SO,,"Dunwoody GA PD,Dunwoody GA Parks"
Greene County IN SO,,"Dunwoody GA PD,Dunwoody GA Parks"
Grove City OH PD,,"Dunwoody GA PD,Dunwoody GA Parks"
Jefferson County OH SO,,"Dunwoody GA PD,Dunwoody GA Parks"
Alexander County NC SO,,"Dunwoody GA PD,Dunwoody GA Parks"
Groveport OH PD,,"Dunwoody GA PD,Dunwoody GA Parks"
Davie County NC SO,,"Dunwoody GA PD,Dunwoody GA Parks"
Normandy MO PD,,"Dunwoody GA PD,Dunwoody GA Parks"
Carbondale IL PD,,"Dunwoody GA PD,Dunwoody GA Parks"
Jackson Parish LA SO,,"Dunwoody GA PD,Dunwoody GA Parks"
Wise County VA SO,,"Dunwoody GA PD,Dunwoody GA Parks"
Lebanon OH PD,,"Dunwoody GA PD,Dunwoody GA Parks"
Vanderburgh County IN SO ,,"Dunwoody GA PD,Dunwoody GA Parks"
Holmes County FL SO,,"Dunwoody GA PD,Dunwoody GA Parks"
Florida Highway Patrol,,"Dunwoody GA PD,Dunwoody GA Parks"
Winterville GA PD,,"Dunwoody GA PD,Dunwoody GA Parks"
Williamson Co. IL SO,,"Dunwoody GA PD,Dunwoody GA Parks"
Alexandria VA PD,,"Dunwoody GA PD,Dunwoody GA Parks"
North Carolina State Bureau of Investigation (NCSBI),,"Dunwoody GA PD,Dunwoody GA Parks"
Kenner LA PD,,"Dunwoody GA PD,Dunwoody GA Parks"
McDowell County NC SO,,"Dunwoody GA PD,Dunwoody GA Parks"
St. James Parish LA SO,,"Dunwoody GA PD,Dunwoody GA Parks"
Marshall County Drug Task Force WV,,"Dunwoody GA PD,Dunwoody GA Parks"
Greenbrier TN PD,,"Dunwoody GA PD,Dunwoody GA Parks"
Forsyth County NC SO,,"Dunwoody GA PD,Dunwoody GA Parks"
Blackshear GA PD,,"Dunwoody GA PD,Dunwoody GA Parks,Dunwoody GA PD DFR"
Central City KY PD,,"Dunwoody GA PD,Dunwoody GA Parks"
Mebane NC PD,,"Dunwoody GA PD,Dunwoody GA Parks"
University of Alabama - Birmingham Campus AL PD,,"Dunwoody GA PD,Dunwoody GA Parks"
Talladega County AL SO,,"Dunwoody GA PD,Dunwoody GA Parks"
Clayton MO PD,,"Dunwoody GA PD,Dunwoody GA Parks"
Goose Creek SC PD ,,"Dunwoody GA PD,Dunwoody GA Parks"
Enon OH PD,,"Dunwoody GA PD,Dunwoody GA Parks"
Paulding County OH SO,,"Dunwoody GA PD,Dunwoody GA Parks"
Avery County NC SO,,"Dunwoody GA PD,Dunwoody GA Parks"
Wellford SC PD,,"Dunwoody GA PD,Dunwoody GA Parks"
Pender County NC SO ,,"Dunwoody GA PD,Dunwoody GA Parks"
Delaware County OH SO,,"Dunwoody GA PD,Dunwoody GA Parks"
Bedford County VA SO,,"Dunwoody GA PD,Dunwoody GA Parks"
Childersburg AL PD,,"Dunwoody GA PD,Dunwoody GA Parks"
West Feliciana Parish LA SO,,"Dunwoody GA PD,Dunwoody GA Parks"
Alexander AR PD,,"Dunwoody GA PD,Dunwoody GA Parks"
Hendersonville NC PD,,"Dunwoody GA PD,Dunwoody GA Parks"
Allen County KY SO,,"Dunwoody GA PD,Dunwoody GA Parks"
Hamilton County OH SO,,"Dunwoody GA PD,Dunwoody GA Parks"
Urbana OH PD,,"Dunwoody GA PD,Dunwoody GA Parks"
Plainfield IN PD,,"Dunwoody GA PD,Dunwoody GA Parks"
Cleveland MS PD,,"Dunwoody GA PD,Dunwoody GA Parks"
Lineville AL PD,,"Dunwoody GA PD,Dunwoody GA Parks"
James City County VA PD,,"Dunwoody GA PD,Dunwoody GA Parks"
Gas City IN PD,,"Dunwoody GA PD,Dunwoody GA Parks"
Prince George County VA PD,,"Dunwoody GA PD,Dunwoody GA Parks"
Radcliff KY PD,,"Dunwoody GA PD,Dunwoody GA Parks"
Oviedo FL PD,,"Dunwoody GA PD,Dunwoody GA Parks"
Berkeley MO PD,,"Dunwoody GA PD,Dunwoody GA Parks"
Ladue MO PD,,"Dunwoody GA PD,Dunwoody GA Parks"
Shelby County AL SO,,"Dunwoody GA PD,Dunwoody GA Parks"
Gulf Stream FL PD,,"Dunwoody GA PD,Dunwoody GA Parks"
Franklin County VA SO,,"Dunwoody GA PD,Dunwoody GA Parks"
Slidell LA PD,,"Dunwoody GA PD,Dunwoody GA Parks"
Gahanna OH PD,,"Dunwoody GA PD,Dunwoody GA Parks"
Morehead KY PD,,"Dunwoody GA PD,Dunwoody GA Parks"
Van Wert OH PD,,"Dunwoody GA PD,Dunwoody GA Parks"
Gulfport FL PD,,"Dunwoody GA PD,Dunwoody GA Parks"
Dorchester County SC SO,,"Dunwoody GA PD,Dunwoody GA Parks"
New Kent County VA SO,,"Dunwoody GA PD,Dunwoody GA Parks"
St. Bernard Parish LA SO,,"Dunwoody GA PD,Dunwoody GA Parks"
Harrison OH PD,,"Dunwoody GA PD,Dunwoody GA Parks"
Troy AL PD,,"Dunwoody GA PD,Dunwoody GA Parks"
Cape Girardeau MO PD,,"Dunwoody GA PD,Dunwoody GA Parks"
Harriman TN PD,,"Dunwoody GA PD,Dunwoody GA Parks"
Evansville IN PD,,"Dunwoody GA PD,Dunwoody GA Parks"
Hampton University VA Campus PD,,"Dunwoody GA PD,Dunwoody GA Parks"
Cape Girardeau County MO SO,,"Dunwoody GA PD,Dunwoody GA Parks"
Warren AR PD ,,"Dunwoody GA PD,Dunwoody GA Parks"
Lumberton NC PD,,"Dunwoody GA PD,Dunwoody GA Parks"
Shinnston WV PD,,"Dunwoody GA PD,Dunwoody GA Parks"
Madison MS PD,,"Dunwoody GA PD,Dunwoody GA Parks"
MS - Wayne County SO,,"Dunwoody GA PD,Dunwoody GA Parks"
Lincoln Parish LA SO,,"Dunwoody GA PD,Dunwoody GA Parks"
Rockwood TN PD,,"Dunwoody GA PD,Dunwoody GA Parks"
Gulf County FL SO,,"Dunwoody GA PD,Dunwoody GA Parks"
Ottawa County MI SO,,"Dunwoody GA PD,Dunwoody PD Wing Gateway Demo V2"
St. Cloud FL PD,,"Dunwoody GA PD,Dunwoody GA Parks"
Greene County OH SO,,"Dunwoody GA PD,Dunwoody GA Parks"
Summit County CO SO,,"Dunwoody GA PD,Dunwoody GA Parks"
Wythe County VA SO,,"Dunwoody GA PD,Dunwoody GA Parks"
Jack County TX SO,,"Dunwoody GA PD,Dunwoody GA Parks"
UMMC (University of Mississippi Medical Center) MS PD,,"Dunwoody GA PD,Dunwoody GA Parks"
Elyria OH PD,,"Dunwoody GA PD,Dunwoody GA Parks"
Town of Newburgh NY PD,,"Dunwoody GA PD,Dunwoody GA Parks"
Othello WA PD,,"Dunwoody GA PD,Dunwoody GA Parks"
Boone County MO SO,,"Dunwoody GA PD,Dunwoody GA Parks"
Roseville MI PD,,"Dunwoody GA PD,Dunwoody GA Parks,Dunwoody PD Wing Gateway Demo V2"
Great Falls SC PD,,"Dunwoody GA PD,Dunwoody GA Parks"
Wilton CT PD,,"Dunwoody GA PD,Dunwoody GA Parks"
Durango CO PD,,"Dunwoody GA PD,Dunwoody GA Parks"
Biltmore Forest NC PD,,"Dunwoody GA PD,Dunwoody GA Parks"
Benton County WA SO,,"Dunwoody GA PD,Dunwoody GA Parks"
Kosciusko MS PD,,"Dunwoody GA PD,Dunwoody GA Parks"
Lea County NM SO,,"Dunwoody GA PD,Dunwoody GA Parks"
St. Ann MO PD,,"Dunwoody GA PD,Dunwoody GA Parks"
Ohio County SO WV,,"Dunwoody GA PD,Dunwoody GA Parks"
GA - Atkinson County SO,,"Dunwoody GA PD,Dunwoody GA Parks,Dunwoody GA PD DFR"
Columbia County WI SO,,"Dunwoody GA PD,Dunwoody GA Parks"
Windsor- IL- PD,,"Dunwoody GA PD,Dunwoody GA Parks"
City of Sierra Vista AZ,,"Dunwoody GA PD,Dunwoody GA Parks"
AL - Troy University - Insight ,,Dunwoody GA PD
Vonore TN PD,,Dunwoody GA PD
Chanute KS PD,,"Dunwoody GA PD,Dunwoody GA Parks"
Wyandot County OH SO,,"Dunwoody GA PD,Dunwoody GA Parks"
Waterville OH PD,,"Dunwoody GA PD,Dunwoody GA Parks"
Dandridge TN PD,,"Dunwoody GA PD,Dunwoody GA Parks"
Carthage MS PD,,Dunwoody GA PD
Sheboygan WI PD,,"Dunwoody GA PD,Dunwoody GA Parks"
Beaufort SC PD ,,"Dunwoody GA PD,Dunwoody GA Parks"
Palm Springs CA PD,,Dunwoody GA PD
Suffolk VA PD,,"Dunwoody GA PD,Dunwoody GA Parks"
Lockland OH PD,,"Dunwoody GA PD,Dunwoody GA Parks"
Rockingham County VA SO,,"Dunwoody GA PD,Dunwoody GA Parks"
Brighton CO PD,,"Dunwoody GA PD,Dunwoody GA Parks"
Person County NC SO,,Dunwoody GA PD
Bienville Parish LA SO ,,"Dunwoody GA PD,Dunwoody GA Parks"
Riverton IL PD ,,"Dunwoody GA PD,Dunwoody GA Parks"
Greers Ferry AR PD,,Dunwoody GA PD
Nebraska State Patrol,,"Dunwoody GA PD,Dunwoody GA Parks"
Hempstead Village NY PD,,"Dunwoody GA PD,Dunwoody GA Parks"
Phelps County MO SO,,"Dunwoody GA PD,Dunwoody GA Parks"
Metropolis IL PD,,"Dunwoody GA PD,Dunwoody GA Parks"
Fort Walton Beach FL PD,,"Dunwoody GA PD,Dunwoody GA Parks"
El Cajon CA PD,,"Dunwoody GA PD,Dunwoody GA Parks"
Norfolk Southern RR IL PD,,"Dunwoody GA PD,Dunwoody GA Parks"
Glen Cove NY PD,,"Dunwoody GA PD,Dunwoody GA Parks"
Junction City KS PD,,"Dunwoody GA PD,Dunwoody GA Parks"
Jackson WI PD,,"Dunwoody GA PD,Dunwoody GA Parks"
Loveland CO PD,,"Dunwoody GA PD,Dunwoody GA Parks"
Fayette County IL SO ,,"Dunwoody GA PD,Dunwoody GA Parks"
Lucas County OH SO,,"Dunwoody GA PD,Dunwoody GA Parks"
White County AR SO ,,"Dunwoody GA PD,Dunwoody GA Parks"
Jacksonville FL SO,,"Dunwoody GA PD,Dunwoody GA Parks"
Glynn County GA SO,,"Dunwoody GA PD,Dunwoody GA Parks"
Braintree MA PD,,"Dunwoody GA PD,Dunwoody GA Parks"
Bloomington IL PD,,"Dunwoody GA PD,Dunwoody GA Parks"
Powell OH PD,,"Dunwoody GA PD,Dunwoody GA Parks"
Fort Thomas KY PD,,"Dunwoody GA PD,Dunwoody GA Parks"
Loudon County TN SO,,"Dunwoody GA PD,Dunwoody GA Parks"
Bradley County AR SO ,,"Dunwoody GA PD,Dunwoody GA Parks"
Snead AL PD,,"Dunwoody GA PD,Dunwoody GA Parks"
Fort Lauderdale FL PD ,,Dunwoody GA PD
Gretna LA PD,,"Dunwoody GA PD,Dunwoody GA Parks"
Richfield OH PD,,Dunwoody GA PD
Schuyler Co. IL SO,,"Dunwoody GA PD,Dunwoody GA Parks"
Savannah TN PD,,"Dunwoody GA PD,Dunwoody GA Parks"
Lexington KY PD,,"Dunwoody GA PD,Dunwoody GA Parks"
Hardin County KY SO,,"Dunwoody GA PD,Dunwoody GA Parks"
Vigo County IN SO,,"Dunwoody GA PD,Dunwoody GA Parks"
Raeford NC PD,,"Dunwoody GA PD,Dunwoody GA Parks"
Pineville NC PD,,"Dunwoody GA PD,Dunwoody GA Parks"
Anderson County SC SO,,"Dunwoody GA PD,Dunwoody GA Parks"
Ballard County KY SO,,"Dunwoody GA PD,Dunwoody GA Parks"
Indialantic FL PD,,"Dunwoody GA PD,Dunwoody GA Parks"
Knightdale NC PD,,"Dunwoody GA PD,Dunwoody GA Parks"
Lincoln County TN SO,,"Dunwoody GA PD,Dunwoody GA Parks"
Centralia IL PD,,"Dunwoody GA PD,Dunwoody GA Parks"
Springfield MO PD,,"Dunwoody GA PD,Dunwoody GA Parks"
Culpeper VA PD ,,"Dunwoody GA PD,Dunwoody GA Parks"
La Vergne TN PD,,"Dunwoody GA PD,Dunwoody GA Parks"
SC - Yemassee PD,,"Dunwoody GA PD,Dunwoody GA Parks"
Argo AL PD,,"Dunwoody GA PD,Dunwoody GA Parks"
Jefferson County TN SO,,"Dunwoody GA PD,Dunwoody GA Parks"
Jackson County FL SO,,"Dunwoody GA PD,Dunwoody GA Parks"
La Follette TN PD,,"Dunwoody GA PD,Dunwoody GA Parks"
Maplewood MO PD,,"Dunwoody GA PD,Dunwoody GA Parks"
Prattville AL PD,,"Dunwoody GA PD,Dunwoody GA Parks"
Fairmont WV PD,,"Dunwoody GA PD,Dunwoody GA Parks"
Currituck County NC SO,,"Dunwoody GA PD,Dunwoody GA Parks"
Piperton TN PD,,"Dunwoody GA PD,Dunwoody GA Parks"
Craven County NC SO,,"Dunwoody GA PD,Dunwoody GA Parks"
University of Louisville KY PD,,"Dunwoody GA PD,Dunwoody GA Parks"
Lafayette IN PD,,"Dunwoody GA PD,Dunwoody GA Parks"
Bay County FL SO,,"Dunwoody GA PD,Dunwoody GA Parks"
OH - Highland County SO,,"Dunwoody GA PD,Dunwoody GA Parks"
Elizabethton TN PD,,"Dunwoody GA PD,Dunwoody GA Parks"
Greenwood County SC SO,,"Dunwoody GA PD,Dunwoody GA Parks"
Emporia VA PD ,,"Dunwoody GA PD,Dunwoody GA Parks"
Clinton County SO - OH,,"Dunwoody GA PD,Dunwoody GA Parks"
OH - Preservation Parks of Delaware County,,"Dunwoody GA PD,Dunwoody GA Parks"
Ashville AL PD,,"Dunwoody GA PD,Dunwoody GA Parks"
Georgetown IL PD,,"Dunwoody GA PD,Dunwoody GA Parks"
Birmingham AL PD,,Dunwoody GA PD
Jeffersontown KY PD,,"Dunwoody GA PD,Dunwoody GA Parks"
New Albany OH PD,,"Dunwoody GA PD,Dunwoody GA Parks"
Halifax County VA SO,,"Dunwoody GA PD,Dunwoody GA Parks"
Batavia OH PD,,"Dunwoody GA PD,Dunwoody GA Parks"
Grant County IN SO,,"Dunwoody GA PD,Dunwoody GA Parks"
Georgetown KY PD,,"Dunwoody GA PD,Dunwoody GA Parks"
Bluffton SC PD ,,"Dunwoody GA PD,Dunwoody GA Parks"
Dadeville AL PD,,"Dunwoody GA PD,Dunwoody GA Parks"
Rutherfordton NC PD ,,"Dunwoody GA PD,Dunwoody GA Parks"
Lawrence County IL SO,,"Dunwoody GA PD,Dunwoody GA Parks"
Little Rock AR PD,,"Dunwoody GA PD,Dunwoody GA Parks"
Salina KS PD,,"Dunwoody GA PD,Dunwoody GA Parks"
Austin County TX SO,,"Dunwoody GA PD,Dunwoody GA Parks"
Crystal Springs MS PD,,"Dunwoody GA PD,Dunwoody GA Parks"
Fayetteville TN PD,,"Dunwoody GA PD,Dunwoody GA Parks"
Santa Ana CA PD,,"Dunwoody GA PD,Dunwoody GA Parks"
Aurora OH PD ,,"Dunwoody GA PD,Dunwoody GA Parks"
Lowell MA PD,,"Dunwoody GA PD,Dunwoody GA Parks"
Lebanon IN PD ,,"Dunwoody GA PD,Dunwoody GA Parks"
Montgomery County TX SO,,"Dunwoody GA PD,Dunwoody GA Parks"
Lawrence County TN SO,,"Dunwoody GA PD,Dunwoody GA Parks"
South Dakota Division of Criminal Investigation SD ,,"Dunwoody GA PD,Dunwoody GA Parks"
Glastonbury CT PD,,"Dunwoody GA PD,Dunwoody GA Parks"
Laurel Park NC PD,,"Dunwoody GA PD,Dunwoody GA Parks"
Pine Bluff AR PD,,"Dunwoody GA PD,Dunwoody GA Parks"
Claiborne County TN SO,,"Dunwoody GA PD,Dunwoody GA Parks"
Ouachita Parish LA SO,,"Dunwoody GA PD,Dunwoody GA Parks"
Manchester TN PD,,"Dunwoody GA PD,Dunwoody GA Parks"
Goshen TWP OH PD,,"Dunwoody GA PD,Dunwoody GA Parks"
Clark County OH SO,,"Dunwoody GA PD,Dunwoody GA Parks"
Marion AR PD,,"Dunwoody GA PD,Dunwoody GA Parks"
Tangipahoa Parish LA SO,,"Dunwoody GA PD,Dunwoody GA Parks"
Oxford PD - OH,,Dunwoody GA PD
Newton County MS SO,,"Dunwoody GA PD,Dunwoody GA Parks"
Wilkesboro NC PD,,"Dunwoody GA PD,Dunwoody GA Parks"
Elbert County GA SO,,"Dunwoody GA PD,Dunwoody GA Parks"
St. Martin Parish LA SO,,"Dunwoody GA PD,Dunwoody GA Parks"
Regional Vehicle Burglary Suppression Taskforce TX,,"Dunwoody GA PD,Dunwoody GA Parks"
Appling County GA SO,,"Dunwoody GA PD,Dunwoody GA Parks"
Claxton GA PD,,"Dunwoody GA PD,Dunwoody GA Parks"
Collierville TN PD,,"Dunwoody GA PD,Dunwoody GA Parks"
Leon County FL SO,,"Dunwoody GA PD,Dunwoody GA Parks"
Greene County GA SO,,"Dunwoody GA PD,Dunwoody GA Parks"
Chattooga County GA SO,,"Dunwoody GA PD,Dunwoody GA Parks"
Haywood County NC SO,,"Dunwoody GA PD,Dunwoody GA Parks"
OH - Blanchester PD,,"Dunwoody GA PD,Dunwoody GA Parks"
East Ellijay GA PD ,,"Dunwoody GA PD,Dunwoody GA Parks"
Jonesborough PD TN,,"Dunwoody GA PD,Dunwoody GA Parks"
Atlanta Public Schools GA PD,,"Dunwoody GA PD,Dunwoody GA Parks"
Coffee County GA SO,,"Dunwoody GA PD,Dunwoody GA Parks"
Terre Haute IN PD,,"Dunwoody GA PD,Dunwoody GA Parks"
Griffin Judicial Circuit,,"Dunwoody GA PD,Dunwoody GA Parks"
Manchester GA PD,,"Dunwoody GA PD,Dunwoody GA Parks"
Troup County GA SO,,"Dunwoody GA PD,Dunwoody GA Parks,Dunwoody GA PD DFR"
Rossville GA PD,,"Dunwoody GA PD,Dunwoody GA Parks"
Molena GA PD,,"Dunwoody GA PD,Dunwoody GA Parks"
Delete,,"Dunwoody GA PD,Dunwoody GA Parks"
Douglas County NV SO,,"Dunwoody GA PD,Dunwoody GA Parks"
Stillmore GA PD,,"Dunwoody GA PD,Dunwoody GA Parks"
Watkinsville GA PD,,"Dunwoody GA PD,Dunwoody GA Parks"
New Baden IL PD,,"Dunwoody GA PD,Dunwoody GA Parks"
Niagara Frontier Transit Authority (NFTA) PD,,"Dunwoody GA PD,Dunwoody GA Parks"
Caldwell CO TX SO ,,"Dunwoody GA PD,Dunwoody GA Parks"
Munford AL PD ,,"Dunwoody GA PD,Dunwoody GA Parks"
Bourbon County KS SO,,"Dunwoody GA PD,Dunwoody GA Parks"
York ME PD,,"Dunwoody GA PD,Dunwoody GA Parks"
Alma GA PD,,"Dunwoody GA PD,Dunwoody GA Parks"
White County GA SO,,"Dunwoody GA PD,Dunwoody GA Parks"
Goodyear AZ PD,,"Dunwoody GA PD,Dunwoody GA Parks"
Wilkes County GA SO,,"Dunwoody GA PD,Dunwoody GA Parks"
Grand Haven MI DPS,,"Dunwoody GA PD,Dunwoody GA Parks"
TX - Vidor PD ,,"Dunwoody GA PD,Dunwoody GA Parks"
IA - Storm Lake PD,,"Dunwoody GA PD,Dunwoody GA Parks"
California Highway Patrol,,"Dunwoody GA PD,Dunwoody GA Parks"
Harrisonburg VA PD,,"Dunwoody GA PD,Dunwoody GA Parks"
Paris KY PD,,"Dunwoody GA PD,Dunwoody GA Parks"
Jasper County GA SO,,"Dunwoody GA PD,Dunwoody GA Parks"
Thomaston GA PD,,"Dunwoody GA PD,Dunwoody GA Parks"
Heard County GA SO,,"Dunwoody GA PD,Dunwoody GA Parks"
Paris TN PD,,"Dunwoody GA PD,Dunwoody GA Parks"
Bayfield County WI SO,,"Dunwoody GA PD,Dunwoody GA Parks"
Okeechobee County FL SO,,"Dunwoody GA PD,Dunwoody GA Parks"
Clemson University SC PD,,"Dunwoody GA PD,Dunwoody GA Parks"
Brevard County FL SO ,,"Dunwoody GA PD,Dunwoody GA Parks"
Moultrie GA PD,,"Dunwoody GA PD,Dunwoody GA Parks"
Somerset MA PD,,"Dunwoody GA PD,Dunwoody GA Parks"
Montgomery County IN SO,,"Dunwoody GA PD,Dunwoody GA Parks"
Tattnall County GA SO,,"Dunwoody GA PD,Dunwoody GA Parks"
Killeen TX PD,,"Dunwoody GA PD,Dunwoody GA Parks"
Coshocton County OH SO,,"Dunwoody GA PD,Dunwoody GA Parks"
Lufkin TX PD,,"Dunwoody GA PD,Dunwoody GA Parks"
Richardson TX PD,,"Dunwoody GA PD,Dunwoody GA Parks"
Martin County FL SO,,"Dunwoody GA PD,Dunwoody GA Parks"
Mountain Home AR PD,,"Dunwoody GA PD,Dunwoody GA Parks"
Macon County IL SO,,"Dunwoody GA PD,Dunwoody GA Parks"
Robertson County TN SO,,"Dunwoody GA PD,Dunwoody GA Parks"
Tuscaloosa AL PD,,"Dunwoody GA PD,Dunwoody GA Parks"
Wabash IN PD,,"Dunwoody GA PD,Dunwoody GA Parks"
Henderson NC PD,,"Dunwoody GA PD,Dunwoody GA Parks"
Hillsville VA PD,,"Dunwoody GA PD,Dunwoody GA Parks"
UCPAO AR,,"Dunwoody GA PD,Dunwoody GA Parks"
Oconee County SC SO,,"Dunwoody GA PD,Dunwoody GA Parks"
Warren County TN SO,,"Dunwoody GA PD,Dunwoody GA Parks"
Panola County MS SO,,"Dunwoody GA PD,Dunwoody GA Parks"
Reidsville NC PD,,"Dunwoody GA PD,Dunwoody GA Parks"
Cuyahoga Falls OH PD,,"Dunwoody GA PD,Dunwoody GA Parks"
St. Lucie County FL SO,,"Dunwoody GA PD,Dunwoody GA Parks"
Republic MO PD,,"Dunwoody GA PD,Dunwoody GA Parks"
Colorado Springs CO PD,,"Dunwoody GA PD,Dunwoody GA Parks"
Garden City MI PD,,"Dunwoody GA PD,Dunwoody GA Parks"
St Mary Parish LA SO,,"Dunwoody GA PD,Dunwoody GA Parks"
Friendswood TX PD,,"Dunwoody GA PD,Dunwoody GA Parks"
Missouri Information Analysis Center,,"Dunwoody GA PD,Dunwoody GA Parks"
Menomonee Falls WI PD,,"Dunwoody GA PD,Dunwoody GA Parks"
Wabaunsee County SO (KS),,"Dunwoody GA PD,Dunwoody GA Parks"
Mount Morris Township PD MI,,"Dunwoody GA PD,Dunwoody GA Parks"
Harrisonville MO PD,,"Dunwoody GA PD,Dunwoody GA Parks"
Raytown MO PD,,"Dunwoody GA PD,Dunwoody GA Parks"
Washington County TN SO,,"Dunwoody GA PD,Dunwoody GA Parks"
Pawnee County KS SO,,"Dunwoody GA PD,Dunwoody GA Parks"
LA - Morgan City PD,,"Dunwoody GA PD,Dunwoody GA Parks"
Griffith IN PD,,"Dunwoody GA PD,Dunwoody GA Parks"
Miami-Dade FL SO,,"Dunwoody GA PD,Dunwoody GA Parks"
Fairfield CA PD,,"Dunwoody GA PD,Dunwoody GA Parks"
Bixby OK PD,,"Dunwoody GA PD,Dunwoody GA Parks"
Chester County SC SO,,"Dunwoody GA PD,Dunwoody GA Parks"
AR - Alma PD,,"Dunwoody GA PD,Dunwoody GA Parks"
Caswell County NC SO,,"Dunwoody GA PD,Dunwoody GA Parks"
Union County KY SO,,Dunwoody GA PD
AL - Daphne PD,,"Dunwoody GA PD,Dunwoody GA Parks"
University of Kentucky,,"Dunwoody GA PD,Dunwoody GA Parks"
South Central MO Drug Task Force,,"Dunwoody GA PD,Dunwoody GA Parks"
Lenoir NC PD,,"Dunwoody GA PD,Dunwoody GA Parks"
Heflin AL PD,,"Dunwoody GA PD,Dunwoody GA Parks"
Toronto OH PD,,"Dunwoody GA PD,Dunwoody GA Parks"
OH - Milford PD,,"Dunwoody GA PD,Dunwoody GA Parks"
Monongalia WV County SO,,"Dunwoody GA PD,Dunwoody GA Parks"
Woodstock VA PD,,"Dunwoody GA PD,Dunwoody GA Parks"
Chesapeake VA PD ,,"Dunwoody GA PD,Dunwoody GA Parks"
Vandalia OH PD,,"Dunwoody GA PD,Dunwoody GA Parks"
Cullman AL PD,,"Dunwoody GA PD,Dunwoody GA Parks"
Altavista VA PD,,"Dunwoody GA PD,Dunwoody GA Parks"
Lee County IL SO,,"Dunwoody GA PD,Dunwoody GA Parks"
Roxboro NC PD,,"Dunwoody GA PD,Dunwoody GA Parks"
Miner MO PD,,"Dunwoody GA PD,Dunwoody GA Parks"
Lookout Mountain GA PD ,,"Dunwoody GA PD,Dunwoody GA Parks"
Cynthiana KY PD,,"Dunwoody GA PD,Dunwoody GA Parks"
Edgewater FL PD,,"Dunwoody GA PD,Dunwoody GA Parks"
Mooresville NC PD,,"Dunwoody GA PD,Dunwoody GA Parks"
Fayette County TN SO,,"Dunwoody GA PD,Dunwoody GA Parks"
Wilton Manors FL PD,,"Dunwoody GA PD,Dunwoody GA Parks"
Franklin County PA SO,,"Dunwoody GA PD,Dunwoody GA Parks"
Kenosha WI PD,,"Dunwoody GA PD,Dunwoody GA Parks"
Walters State Community College TN Campus PD,,"Dunwoody GA PD,Dunwoody GA Parks"
Crestview FL PD,,"Dunwoody GA PD,Dunwoody GA Parks"
Brentwood MO PD,,"Dunwoody GA PD,Dunwoody GA Parks"
Pottawattamie County IA SO ,,"Dunwoody GA PD,Dunwoody GA Parks"
OH - South Bloomfield PD,,"Dunwoody GA PD,Dunwoody GA Parks"
IN - Tipton County SO,,"Dunwoody GA PD,Dunwoody GA Parks"
Grand Chute WI PD,,"Dunwoody GA PD,Dunwoody GA Parks"
Peoria IL PD,,"Dunwoody GA PD,Dunwoody GA Parks"
Owensboro KY PD,,"Dunwoody GA PD,Dunwoody GA Parks"
Eastpointe MI PD,,"Dunwoody GA PD,Dunwoody GA Parks"
Washington County FL SO,,"Dunwoody GA PD,Dunwoody GA Parks"
Crawford Town NY PD,,"Dunwoody GA PD,Dunwoody GA Parks"
Taylor MI PD,,"Dunwoody GA PD,Dunwoody GA Parks"
Marshall TX PD,,"Dunwoody GA PD,Dunwoody GA Parks"
Rantoul IL PD,,"Dunwoody GA PD,Dunwoody GA Parks"
Wapello County IA SO,,"Dunwoody GA PD,Dunwoody GA Parks"
Dover DE PD,,"Dunwoody GA PD,Dunwoody GA Parks"
North Little Rock AR PD,,"Dunwoody GA PD,Dunwoody GA Parks"
Dayton TN PD,,"Dunwoody GA PD,Dunwoody GA Parks"
Scottsville VA PD,,"Dunwoody GA PD,Dunwoody GA Parks"
Jackson TN PD,,"Dunwoody GA PD,Dunwoody GA Parks"
Skokie IL PD,,"Dunwoody GA PD,Dunwoody GA Parks"
Caroline County VA SO,,"Dunwoody GA PD,Dunwoody GA Parks"
Reeves CO TX SO,,"Dunwoody GA PD,Dunwoody GA Parks"
DuPage Co IL Prosecutor Office,,"Dunwoody GA PD,Dunwoody GA Parks"
Warrick County IN SO,,"Dunwoody GA PD,Dunwoody GA Parks"
Scottsville KY PD,,"Dunwoody GA PD,Dunwoody GA Parks"
St. Clair County AL SO,,"Dunwoody GA PD,Dunwoody GA Parks"
Ohio Department of Rehabilitation and Correction - Office of the Chief Inspector,,"Dunwoody GA PD,Dunwoody GA Parks"
Benton AR PD,,"Dunwoody GA PD,Dunwoody GA Parks"
Columbus IN PD,,"Dunwoody GA PD,Dunwoody GA Parks"
Ashland OH PD,,"Dunwoody GA PD,Dunwoody GA Parks"
Clinton SC PD,,"Dunwoody GA PD,Dunwoody GA Parks"
Crestwood MO PD,,"Dunwoody GA PD,Dunwoody GA Parks"
Lauderdale County AL SO,,"Dunwoody GA PD,Dunwoody GA Parks"
Virginia Tech University VA PD,,"Dunwoody GA PD,Dunwoody GA Parks"
Elon NC PD,,"Dunwoody GA PD,Dunwoody GA Parks"
Lauderdale County MS SO,,"Dunwoody GA PD,Dunwoody GA Parks"
Seneca SC PD,,"Dunwoody GA PD,Dunwoody GA Parks"
Greer SC PD,,"Dunwoody GA PD,Dunwoody GA Parks"
Oakland TN PD,,"Dunwoody GA PD,Dunwoody GA Parks"
Milton IN PD,,"Dunwoody GA PD,Dunwoody GA Parks"
UNC Asheville NC PD,,"Dunwoody GA PD,Dunwoody GA Parks"
MS - Senatobia PD,,"Dunwoody GA PD,Dunwoody GA Parks"
Oakboro NC PD,,"Dunwoody GA PD,Dunwoody GA Parks"
Trotwood OH PD,,"Dunwoody GA PD,Dunwoody GA Parks"
Williamsburg VA PD,,"Dunwoody GA PD,Dunwoody GA Parks"
Rutherford County NC SO,,"Dunwoody GA PD,Dunwoody GA Parks"
Covington County AL SO,,"Dunwoody GA PD,Dunwoody GA Parks"
Brookville OH PD,,"Dunwoody GA PD,Dunwoody GA Parks"
El Dorado AR PD,,"Dunwoody GA PD,Dunwoody GA Parks"
Neptune Beach FL PD,,"Dunwoody GA PD,Dunwoody GA Parks"
Carroll County VA SO,,"Dunwoody GA PD,Dunwoody GA Parks"
Truett McConnell University GA Campus PD,,"Dunwoody GA PD,Dunwoody GA Parks"
Tuscarawas County OH SO,,"Dunwoody GA PD,Dunwoody GA Parks"
Charlotte Mecklenburg NC PD,,"Dunwoody GA PD,Dunwoody GA Parks"
Mississippi Department of Public Safety,,"Dunwoody GA PD,Dunwoody GA Parks"
Jefferson County FL SO,,"Dunwoody GA PD,Dunwoody GA Parks"
Chesterton IN PD ,,"Dunwoody GA PD,Dunwoody GA Parks"
Searcy AR PD ,,"Dunwoody GA PD,Dunwoody GA Parks"
Lake County FL SO,,"Dunwoody GA PD,Dunwoody GA Parks"
AL - Bear Creek PD,,"Dunwoody GA PD,Dunwoody GA Parks"
Wakulla County FL SO,,"Dunwoody GA PD,Dunwoody GA Parks"
Frankfort KY PD,,"Dunwoody GA PD,Dunwoody GA Parks"
Charleston County SC SO,,"Dunwoody GA PD,Dunwoody GA Parks"
Bedford County TN SO,,"Dunwoody GA PD,Dunwoody GA Parks"
Lancaster SC PD,,"Dunwoody GA PD,Dunwoody GA Parks"
Santa Claus IN PD,,"Dunwoody GA PD,Dunwoody GA Parks"
East Georgia State College Campus PD (GA),,"Dunwoody GA PD,Dunwoody GA Parks"
Radford City VA PD,,"Dunwoody GA PD,Dunwoody GA Parks"
Jemison AL PD,,"Dunwoody GA PD,Dunwoody GA Parks"
St. Charles County MO PD,,"Dunwoody GA PD,Dunwoody GA Parks"
Helen GA PD,,"Dunwoody GA PD,Dunwoody GA Parks"
TN - Pulaski PD,,"Dunwoody GA PD,Dunwoody GA Parks"
Posey County IN SO,,"Dunwoody GA PD,Dunwoody GA Parks"
Foley AL PD,,"Dunwoody GA PD,Dunwoody GA Parks"
Putnam County FL SO,,Dunwoody GA PD
Massillon OH PD,,"Dunwoody GA PD,Dunwoody GA Parks"
Holly Hill SC PD,,"Dunwoody GA PD,Dunwoody GA Parks"
Royston GA PD,,"Dunwoody GA PD,Dunwoody GA Parks"
Pinellas Park FL PD,,"Dunwoody GA PD,Dunwoody GA Parks"
Memphis TN PD,,"Dunwoody GA PD,Dunwoody GA Parks"
Sharonville OH PD,,"Dunwoody GA PD,Dunwoody GA Parks"
Lake St. Louis MO PD,,"Dunwoody GA PD,Dunwoody GA Parks"
Kernersville NC PD,,"Dunwoody GA PD,Dunwoody GA Parks"
New Madrid County MO SO,,"Dunwoody GA PD,Dunwoody GA Parks"
Cross City FL PD,,"Dunwoody GA PD,Dunwoody GA Parks"
Middle Tennessee State TN PD ,,"Dunwoody GA PD,Dunwoody GA Parks"
Warson Woods MO PD ,,"Dunwoody GA PD,Dunwoody GA Parks"
Camden AR PD,,Dunwoody GA PD
Florence KY PD,,Dunwoody GA PD
University City MO PD,,"Dunwoody GA PD,Dunwoody GA Parks"
Hartselle AL PD,,"Dunwoody GA PD,Dunwoody GA Parks"
Fredericksburg City VA PD,,"Dunwoody GA PD,Dunwoody GA Parks"
Polk County FL SO,,Dunwoody GA PD
North Myrtle Beach SC PD,,"Dunwoody GA PD,Dunwoody GA Parks"
Hartford City IN PD,,"Dunwoody GA PD,Dunwoody GA Parks"
Kemper County MS SO,,"Dunwoody GA PD,Dunwoody GA Parks"
Rogers AR PD,,"Dunwoody GA PD,Dunwoody GA Parks"
Kansas City MO PD,,"Dunwoody GA PD,Dunwoody GA Parks"
Neshkoro WI PD,,"Dunwoody GA PD,Dunwoody GA Parks"
Portland TN PD,,"Dunwoody GA PD,Dunwoody GA Parks"
Jackson County MS SO,,"Dunwoody GA PD,Dunwoody GA Parks"
Grainger County TN SO,,"Dunwoody GA PD,Dunwoody GA Parks"
Springboro OH PD,,"Dunwoody GA PD,Dunwoody GA Parks"
Butler Township PA PD,,"Dunwoody GA PD,Dunwoody GA Parks"
Eau Claire County WI SO,,"Dunwoody GA PD,Dunwoody GA Parks"
Hanover Park IL PD ,,"Dunwoody GA PD,Dunwoody GA Parks"
Lantana FL PD,,"Dunwoody GA PD,Dunwoody GA Parks"
Medina Township OH PD,,"Dunwoody GA PD,Dunwoody GA Parks"
Cedar County IA SO,,"Dunwoody GA PD,Dunwoody GA Parks"
Floyd County IN SO,,"Dunwoody GA PD,Dunwoody GA Parks"
Neosho County KS SO,,"Dunwoody GA PD,Dunwoody GA Parks"
Tompkins County NY Sheriff's Office,,"Dunwoody GA PD,Dunwoody GA Parks"
Johnson County TX SO,,"Dunwoody GA PD,Dunwoody GA Parks"
Ellsworth County KS SO,,"Dunwoody GA PD,Dunwoody GA Parks"
Pottawatomie County KS SO,,"Dunwoody GA PD,Dunwoody GA Parks"
Aurora IL PD,,"Dunwoody GA PD,Dunwoody GA Parks"
Crewe VA PD,,"Dunwoody GA PD,Dunwoody GA Parks"
Laurens County SC SO,,"Dunwoody GA PD,Dunwoody GA Parks"
Jacksonville AL PD,,"Dunwoody GA PD,Dunwoody GA Parks"
Jasper IN PD,,"Dunwoody GA PD,Dunwoody GA Parks"
Ada County ID SO,,"Dunwoody GA PD,Dunwoody GA Parks"
Cumberland County PA DA,,"Dunwoody GA PD,Dunwoody GA Parks"
Chaffee County CO SO,,"Dunwoody GA PD,Dunwoody GA Parks"
Kershaw County SC SO,,"Dunwoody GA PD,Dunwoody GA Parks"
Midlothian IL PD,,"Dunwoody GA PD,Dunwoody GA Parks"
Franklin County NC SO,,"Dunwoody GA PD,Dunwoody GA Parks"
Hamilton County TN SO,,"Dunwoody GA PD,Dunwoody GA Parks"
Ankeny IA PD,,"Dunwoody GA PD,Dunwoody GA Parks,Dunwoody PD Wing Gateway Demo V2"
Summerset SD PD,,"Dunwoody GA PD,Dunwoody GA Parks"
Colerain Township PD - OH ,,"Dunwoody GA PD,Dunwoody GA Parks"
Carson County TX SO ,,"Dunwoody GA PD,Dunwoody GA Parks"
Granbury TX PD,,"Dunwoody GA PD,Dunwoody GA Parks"
Niceville FL PD,,"Dunwoody GA PD,Dunwoody GA Parks"
Clay County GA SO ,,"Dunwoody GA PD,Dunwoody GA Parks"
Westwego LA PD,,"Dunwoody GA PD,Dunwoody GA Parks"
Houston Arson Bureau TX,,"Dunwoody GA PD,Dunwoody GA Parks"
Mecklenburg County VA SO,,"Dunwoody GA PD,Dunwoody GA Parks"
Kentucky State KY PD,,"Dunwoody GA PD,Dunwoody GA Parks"
Fayette County KY SO,,"Dunwoody GA PD,Dunwoody GA Parks"
Dickson County TN SO,,"Dunwoody GA PD,Dunwoody GA Parks"
York County SC SO,,"Dunwoody GA PD,Dunwoody GA Parks"
Newport News VA PD,,"Dunwoody GA PD,Dunwoody GA Parks"
Thomasville NC PD,,"Dunwoody GA PD,Dunwoody GA Parks"
Hardin County TN SO,,"Dunwoody GA PD,Dunwoody GA Parks"
Tulsa County OK SO ,,"Dunwoody GA PD,Dunwoody GA Parks"
Harlan County NE SO ,,"Dunwoody GA PD,Dunwoody GA Parks"
Hinckley IL PD,,"Dunwoody GA PD,Dunwoody GA Parks"
Speedway IN PD,,"Dunwoody GA PD,Dunwoody GA Parks"
Lebanon TN PD,,"Dunwoody GA PD,Dunwoody GA Parks"
Anderson County TN SO,,"Dunwoody GA PD,Dunwoody GA Parks"
Blakely GA PD,,"Dunwoody GA PD,Dunwoody GA Parks"
Crowley TX PD,,"Dunwoody GA PD,Dunwoody GA Parks"
Berkeley County SC SO,,"Dunwoody GA PD,Dunwoody GA Parks"
Farmer City IL PD,,"Dunwoody GA PD,Dunwoody GA Parks"
Lincoln County NC SO,,"Dunwoody GA PD,Dunwoody GA Parks"
Holmes County SO OH,,"Dunwoody GA PD,Dunwoody GA Parks"
Richmond Heights MO PD,,"Dunwoody GA PD,Dunwoody GA Parks"
Taylorsville NC PD,,"Dunwoody GA PD,Dunwoody GA Parks"
Botetourt County VA SO,,"Dunwoody GA PD,Dunwoody GA Parks"
Grosse Tete LA PD,,"Dunwoody GA PD,Dunwoody GA Parks"
Bowling Green Warren County Drug Task Force KY,,"Dunwoody GA PD,Dunwoody GA Parks"
Redfield AR PD ,,"Dunwoody GA PD,Dunwoody GA Parks"
Sangamon County IL SO,,"Dunwoody GA PD,Dunwoody GA Parks"
King George County VA SO,,"Dunwoody GA PD,Dunwoody GA Parks"
Thunderbolt GA PD,,"Dunwoody GA PD,Dunwoody GA Parks"
Hernando County FL SO,,"Dunwoody GA PD,Dunwoody GA Parks"
MS - Flowood PD,,"Dunwoody GA PD,Dunwoody GA Parks"
Indianapolis Metro PD IN,,"Dunwoody GA PD,Dunwoody GA Parks"
Madison County IN SO,,"Dunwoody GA PD,Dunwoody GA Parks"
Loris SC PD,,"Dunwoody GA PD,Dunwoody GA Parks"
Oglethorpe GA PD,,"Dunwoody GA PD,Dunwoody GA Parks"
Pierce Township OH PD,,"Dunwoody GA PD,Dunwoody GA Parks"
Covington TN PD,,Dunwoody GA PD
Fairfield County SC SO,,"Dunwoody GA PD,Dunwoody GA Parks"
Homecroft IN PD,,"Dunwoody GA PD,Dunwoody GA Parks"
Conway AR PD,,"Dunwoody GA PD,Dunwoody GA Parks"
 Germantown OH PD,,"Dunwoody GA PD,Dunwoody GA Parks"
Madisonville TN PD,,"Dunwoody GA PD,Dunwoody GA Parks"
Henderson County KY SO,,"Dunwoody GA PD,Dunwoody GA Parks"
Montgomery County AL SO,,"Dunwoody GA PD,Dunwoody GA Parks"
SEMO Drug Task Force MO,,"Dunwoody GA PD,Dunwoody GA Parks"
Shelbyville KY PD,,"Dunwoody GA PD,Dunwoody GA Parks"
DeSoto County MS SO,,"Dunwoody GA PD,Dunwoody GA Parks"
Gallia County OH SO,,"Dunwoody GA PD,Dunwoody GA Parks"
Black Mountain NC PD,,"Dunwoody GA PD,Dunwoody GA Parks"
Iredell County NC SO,,"Dunwoody GA PD,Dunwoody GA Parks,Dunwoody PD Wing Gateway Demo V2"
Lee County AL SO,,"Dunwoody GA PD,Dunwoody GA Parks"
SC - Columbia Metropolitan Airport PD ,,"Dunwoody GA PD,Dunwoody GA Parks"
Ohio Attorney General's Office - OOCIC,,"Dunwoody GA PD,Dunwoody GA Parks"
Johnston County NC SO,,"Dunwoody GA PD,Dunwoody GA Parks"
Washington County District Attorney PA,,"Dunwoody GA PD,Dunwoody GA Parks"
Panama City Beach FL PD,,"Dunwoody GA PD,Dunwoody GA Parks"
Lenox GA PD ,,"Dunwoody GA PD,Dunwoody GA Parks"
Hilton Head Island SC,,"Dunwoody GA PD,Dunwoody GA Parks"
Morgan County TN SO,,"Dunwoody GA PD,Dunwoody GA Parks"
Echols County GA SO,,"Dunwoody GA PD,Dunwoody GA Parks"
Marion NC PD,,"Dunwoody GA PD,Dunwoody GA Parks"
Pulaski County AR SO,,"Dunwoody GA PD,Dunwoody GA Parks"
Mt. Juliet TN PD,,"Dunwoody GA PD,Dunwoody GA Parks"
Pendleton  SC PD,,"Dunwoody GA PD,Dunwoody GA Parks"
AL - Gadsden PD,,"Dunwoody GA PD,Dunwoody GA Parks"
Fishers IN PD,,"Dunwoody GA PD,Dunwoody GA Parks"
Davidson County NC SO,,"Dunwoody GA PD,Dunwoody GA Parks"
Travelers Rest SC PD,,"Dunwoody GA PD,Dunwoody GA Parks"
Madison County TN SO,,"Dunwoody GA PD,Dunwoody GA Parks"
Sardis City AL PD,,"Dunwoody GA PD,Dunwoody GA Parks"
Butler GA PD,,"Dunwoody GA PD,Dunwoody GA Parks"
Tupelo Regional Airport,,"Dunwoody GA PD,Dunwoody GA Parks"
Louisburg NC PD,,"Dunwoody GA PD,Dunwoody GA Parks"
Dothan AL PD,,"Dunwoody GA PD,Dunwoody GA Parks"
Bay St. Louis MS PD,,"Dunwoody GA PD,Dunwoody GA Parks"
Sunset Hills MO PD,,"Dunwoody GA PD,Dunwoody GA Parks"
Hartsville SC PD,,"Dunwoody GA PD,Dunwoody GA Parks"
Horn Lake MS PD,,Dunwoody GA PD
Ardmore AL PD,,"Dunwoody GA PD,Dunwoody GA Parks"
Johnson City TN PD,,"Dunwoody GA PD,Dunwoody GA Parks"
Pensacola FL PD,,"Dunwoody GA PD,Dunwoody GA Parks"
Louisiana State Police (LA),,"Dunwoody GA PD,Dunwoody GA Parks"
Apex NC PD,,"Dunwoody GA PD,Dunwoody GA Parks"
University of Illinois- Springfield,,"Dunwoody GA PD,Dunwoody GA Parks"
Smithfield VA PD,,"Dunwoody GA PD,Dunwoody GA Parks"
Winterville NC PD,,"Dunwoody GA PD,Dunwoody GA Parks"
Decatur IN PD,,"Dunwoody GA PD,Dunwoody GA Parks"
Cleveland TN PD,,"Dunwoody GA PD,Dunwoody GA Parks"
Glasgow KY PD,,"Dunwoody GA PD,Dunwoody GA Parks"
Terrebonne Parish LA SO ,,"Dunwoody GA PD,Dunwoody GA Parks"
Franklin County MO SO ,,"Dunwoody GA PD,Dunwoody GA Parks"
Pell City AL PD,,"Dunwoody GA PD,Dunwoody GA Parks"
Sullivan  IL PD,,"Dunwoody GA PD,Dunwoody GA Parks"
Town of Rutherford College (NC),,"Dunwoody GA PD,Dunwoody GA Parks"
Harrison County WV SO,,"Dunwoody GA PD,Dunwoody GA Parks"
Springfield GA PD,,"Dunwoody GA PD,Dunwoody GA Parks"
Deer Park OH PD,,"Dunwoody GA PD,Dunwoody GA Parks"
Tipp City OH PD,,"Dunwoody GA PD,Dunwoody GA Parks"
Edisto Beach SC PD,,"Dunwoody GA PD,Dunwoody GA Parks"
Knox County TN SO,,"Dunwoody GA PD,Dunwoody GA Parks"
Walterboro SC PD,,"Dunwoody GA PD,Dunwoody GA Parks"
Burlington NC PD,,"Dunwoody GA PD,Dunwoody GA Parks"
Milltown IN PD,,"Dunwoody GA PD,Dunwoody GA Parks"
Logansport IN PD,,"Dunwoody GA PD,Dunwoody GA Parks"
Cottleville MO PD,,"Dunwoody GA PD,Dunwoody GA Parks"
Huntingburg IN PD,,"Dunwoody GA PD,Dunwoody GA Parks"
OH - Johnny Appleseed Metropolitan Park District PD,,"Dunwoody GA PD,Dunwoody GA Parks"
Rutherford County TN SO,,"Dunwoody GA PD,Dunwoody GA Parks"
Sarpy County NE SO,,"Dunwoody GA PD,Dunwoody GA Parks"
Ross Township PA PD,,"Dunwoody GA PD,Dunwoody GA Parks"
Normal IL PD ,,"Dunwoody GA PD,Dunwoody GA Parks"
Quincy IL PD,,"Dunwoody GA PD,Dunwoody GA Parks"
Buffalo County WI SO,,"Dunwoody GA PD,Dunwoody GA Parks"
Ogle County IL SO,,"Dunwoody GA PD,Dunwoody GA Parks"
Fort Pierce FL PD,,"Dunwoody GA PD,Dunwoody GA Parks"
Greensville County VA SO,,"Dunwoody GA PD,Dunwoody GA Parks"
Harper County KS SO,,"Dunwoody GA PD,Dunwoody GA Parks"
River Falls WI PD,,"Dunwoody GA PD,Dunwoody GA Parks"
Mont Belvieu TX PD ,,"Dunwoody GA PD,Dunwoody GA Parks"
Duquesne MO PD,,"Dunwoody GA PD,Dunwoody GA Parks"
Minster OH PD,,"Dunwoody GA PD,Dunwoody GA Parks"
Old Fort NC PD ,,"Dunwoody GA PD,Dunwoody GA Parks"
Phelps County NE SO,,"Dunwoody GA PD,Dunwoody GA Parks"
Chattahoochee FL PD,,"Dunwoody GA PD,Dunwoody GA Parks"
Richmond KY PD,,"Dunwoody GA PD,Dunwoody GA Parks"
North County Cooperative MO PD,,"Dunwoody GA PD,Dunwoody GA Parks"
Kingsland GA PD,,"Dunwoody GA PD,Dunwoody GA Parks"
MS - Philadelphia PD,,"Dunwoody GA PD,Dunwoody GA Parks"
Stanley NC PD,,"Dunwoody GA PD,Dunwoody GA Parks"
Ligonier IN PD,,"Dunwoody GA PD,Dunwoody GA Parks"
Harvey County KS SO,,"Dunwoody GA PD,Dunwoody GA Parks"
Hutchinson KS PD,,"Dunwoody GA PD,Dunwoody GA Parks"
Chilton County AL SO,,"Dunwoody GA PD,Dunwoody GA Parks"
Dodge City KS PD,,"Dunwoody GA PD,Dunwoody GA Parks"
Riviera Beach FL PD,,"Dunwoody GA PD,Dunwoody GA Parks"
Macon County GA SO,,"Dunwoody GA PD,Dunwoody GA Parks"
Warren MI PD,,"Dunwoody GA PD,Dunwoody GA Parks"
New Canaan CT PD,,"Dunwoody GA PD,Dunwoody GA Parks"
Windsor CO PD,,"Dunwoody GA PD,Dunwoody GA Parks"
Cole County MO SO,,"Dunwoody GA PD,Dunwoody GA Parks"
Ohio State Highway Patrol,,"Dunwoody GA PD,Dunwoody GA Parks"
Lehigh County PA (RIIC),,"Dunwoody GA PD,Dunwoody GA Parks"
Mequon WI PD,,"Dunwoody GA PD,Dunwoody GA Parks"
Freeport ME PD,,"Dunwoody GA PD,Dunwoody GA Parks"
Milford MI PD,,"Dunwoody GA Parks,Dunwoody PD Wing Gateway Demo V2"
Franklin MA PD,,Dunwoody PD Wing Gateway Demo V2
Janesville WI PD,,Dunwoody GA Parks
Moncks Corner SC PD,,Dunwoody GA Parks
Beech Grove IN PD,,Dunwoody GA Parks
Martinsville IN PD,,Dunwoody GA Parks
Ripley TN PD,,Dunwoody GA Parks
Amherst County VA SO,,Dunwoody GA Parks
Jefferson County AL SO,,Dunwoody GA Parks
Creve Coeur MO PD,,Dunwoody GA Parks
Richmond County NC SO,,Dunwoody GA Parks
App State University NC PD,,Dunwoody GA Parks
Cleveland OH Division of Police ,,Dunwoody GA Parks
Jackson Township OH PD (Stark County),,Dunwoody GA Parks
San Antonio TX PD,,Dunwoody GA Parks
Woodbury County IA SO,,Dunwoody GA Parks
Alabama Drug Enforcement Task Force Region G,,Dunwoody GA Parks
Volusia County FL SO,,Dunwoody GA Parks
St. Clairsville OH PD ,,"Dunwoody GA PD,Dunwoody GA Parks"