Organization Name,Networks Shared With Me,Networks I'm Sharing
Daleville AL PD,Daleville AL PD,Carroll County GA SO
Fulton County GA PD,Fulton County GA PD,Carroll County GA SO
Ben Hill County GA SO,Ben Hill County SO (GA),Carroll County GA SO
Peach County GA SO ,"Peach County GA SO (FLEX) ,Peach County GA SO ",Carroll County GA SO
Heflin AL PD,Heflin AL PD,Carroll County GA SO
McIntyre GA PD,"McIntyre GA PD (Condor),McIntyre GA PD",
Morehouse College GA PD,Morehouse College GA PD,Carroll County GA SO
Smyrna GA PD,"Smyrna GA PD - GA DOT test,Smyrna GA PD (Flex),Smyrna GA PD DFR,Smyrna GA PD,Smyrna GA PD-Trailers,Smyrna GA PD (PTZ)",Carroll County GA SO
Georgia State University GA PD,"Georgia State University GA PD - Raven,Georgia State University GA PD",Carroll County GA SO
Chamblee GA PD,"Chamblee GA PD (PTZ),Chamblee GA PD - Redspeed,Chamblee GA PD (Trailers),Chamblee GA PD,Chamblee GA PD - Wing,Chamblee GA PD (Condor)",Carroll County GA SO
Greene County IN Prosecutors,Greene County Prosecutors IN,
Hokes Bluff AL PD,Hokes Bluff AL PD,
Union Springs AL PD,Union Springs AL PD,
Ellaville GA PD,"Ellaville GA PD - Video,Ellaville GA PD",Carroll County GA SO
Morgan County GA SO,"Morgan County GA - Wing LVI,Morgan County GA SO,Morgan County Board of Commissioners (GA)",Carroll County GA SO
Dekalb County SO (GA),DeKalb County SO (GA),
Coolidge GA PD,Coolidge GA PD,
Pickens County GA SO,"Pickens County GA SO - Redspeed,Pickens County GA SO,Pickens County GA SO (FLEX) ",
Georgia Gwinnett College PD,Georgia Gwinnett College PD,
Buford City Schools GA,"Buford, GA - City Schools",
Mount Zion GA PD,Mount Zion GA PD,Carroll County GA SO
Halls TN PD,Halls TN PD,
Powder Springs GA PD,Powder Springs GA PD,Carroll County GA SO
Jefferson County AR SO ,Jefferson County AR SO (Flex Cams) ,
Hiawassee GA PD,Hiawassee GA PD,Carroll County GA SO
Clayton County GA SO,Clayton County GA SO,Carroll County GA SO
East Georgia State College Campus PD (GA),East Georgia State College Campus PD (GA),Carroll County GA SO
White County GA SO,White County GA SO,Carroll County GA SO
Adams County WA SO,Adams County WA SO (Flex),
Houston County GA SO,Houston County GA SO,Carroll County GA SO
Forest Park GA PD,"Forest Park GA PD (Audio Detection),Forest Park GA PD,Forest Park GA PD - Redspeed",Carroll County GA SO
Cairo GA PD ,"Cairo GA PD ,Cairo GA PD (Condor)",Carroll County GA SO
Gilmer County GA SO,"Gilmer County GA SO ,Gilmer County GA SO (Live Video) ",Carroll County GA SO
Lake City GA PD,"Lake City GA PD (Wing) ,Lake City GA PD",Carroll County GA SO
Dawson GA PD,"Dawson GA PD (PTZ),Dawson GA PD ",Carroll County GA SO
Dahlonega GA PD,Dahlonega GA PD,Carroll County GA SO
Rossville GA PD,"Rossville GA PD,Rossville GA PD (Condor)",Carroll County GA SO
Watkinsville GA PD,Watkinsville GA PD,Carroll County GA SO
Homerville GA PD,"Homerville GA PD,Homerville GA PD - Wing Redspeed",Carroll County GA SO
Sparta GA PD,Sparta GA PD,Carroll County GA SO
Tuskegee AL PD,Tuskegee AL PD ,
Reidsville NC PD,Reidsville NC PD,Carroll County GA SO
Tattnall County GA SO,Tattnall County GA SO,Carroll County GA SO
Hamilton GA,Hamilton GA - Redspeed,Carroll County GA SO
Sylvester GA PD,"Sylvester GA PD,Sylvester GA PD (Live View/PTZ)",Carroll County GA SO
Walton County GA SO,Walton County GA SO,Carroll County GA SO
Hartwell GA PD,Hartwell GA PD,
Sale City GA PD ,"Sale City GA PD,Sale City GA PD (Flex) ",Carroll County GA SO
Blakely GA PD,"Blakely GA PD,Blakely GA PD (Flex)",Carroll County GA SO
Ware County GA SO ,Ware County GA SO ,Carroll County GA SO
Whitesburg GA PD,"Whitesburg GA PD (Redspeed),Whitesburg GA PD",Carroll County GA SO
Reinhardt University GA PD ,Reinhardt University GA PD ,Carroll County GA SO
Waycross GA PD,Waycross GA PD,Carroll County GA SO
Gibson County TN SO,Gibson County TN SO,
Quincy FL PD,Quincy FL PD,
Dawson County GA SO,Dawson County GA SO,Carroll County GA SO
Mitchell County GA SO,Mitchell County GA SO,Carroll County GA SO
West Point GA PD,West Point PD (GA),Carroll County GA SO
Southwest Tennessee Community College TN PD,Southwest TN Macon Cove Campus,
Grovetown GA PD,Grovetown Dept of Public Safety GA,Carroll County GA SO
Claxton GA PD,Claxton GA PD,Carroll County GA SO
Royston GA PD,Royston GA PD,Carroll County GA SO
Walker County GA SO,"Fort Worth HOA Demo,Walker County GA SO",Carroll County GA SO
Auburn AL PD,"Auburn AL PD,Auburn AL PD - Wing",Carroll County GA SO
Avondale Estates GA PD,Avondale Estates GA PD,Carroll County GA SO
Irwin County GA SO,Irwin County GA SO,Carroll County GA SO
Cobb County GA SO,Cobb County GA SO,Carroll County GA SO
Franklin Springs GA PD ,Franklin Springs GA PD ,Carroll County GA SO
Addison AL PD,Addison AL PD,
Jackson MS PD,"Jackson MS PD (Raven),Jackson MS PD",Carroll County GA SO
Omega GA PD ,Omega GA PD ,Carroll County GA SO
Stone Mountain GA PD,Stone Mountain GA PD,Carroll County GA SO
Dublin GA PD,Dublin GA PD,Carroll County GA SO
[Federal] US GSA Office of Inspector General,US - GSA Office of Inspector General,
Georgia Bureau of Investigation (GBI),"Georgia Bureau of Investigation,Georgia Bureau of Investigation (GBI) Trailer ",Carroll County GA SO
Town of Moreland GA,Town of Moreland GA,
Holly Springs GA PD,Holly Springs GA PD ,Carroll County GA SO
South Fulton GA PD,South Fulton GA PD,Carroll County GA SO
Muscogee County GA SO,Muscogee County GA SO,Carroll County GA SO
Savannah International Airport GA PD,Savannah International Airport GA PD,Carroll County GA SO
Stephens County GA SO,Stephens County GA SO,Carroll County GA SO
Pembroke GA PD,Pembroke GA PD,
Doerun GA PD,Doerun GA PD,Carroll County GA SO
Chatham County GA SO,Chatham County GA SO,Carroll County GA SO
Thomson GA PD,Thomson GA PD,Carroll County GA SO
Malvern AR PD,Malvern AR PD ,
Hampton GA PD,Hampton GA PD,Carroll County GA SO
Middle Georgia State University Campus PD,Middle Georgia State University Campus PD,Carroll County GA SO
Jackson GA PD,Jackson GA PD,Carroll County GA SO
Blue Ridge GA PD,"Blue Ridge GA PD,Blue Ridge GA PD (Flex)",
Gwinnett County School PD,Gwinnett County School PD,Carroll County GA SO
Glynn County GA PD ,Glynn County GA PD ,Carroll County GA SO
Milledgeville GA PD,Milledgeville GA PD,Carroll County GA SO
Banks County GA SO,Banks County GA SO,Carroll County GA SO
Schley County SO GA ,Schley County SO GA ,Carroll County GA SO
Kingsland GA PD,Kingsland GA PD ,Carroll County GA SO
Braselton GA PD,Braselton GA PD,Carroll County GA SO
Jacksonville AL PD,Jacksonville AL PD,Carroll County GA SO
Jasper County GA SO,Jasper County GA SO,Carroll County GA SO
Lake Park GA PD,Lake Park GA PD,Carroll County GA SO
Hogansville GA PD,Hogansville GA PD,Carroll County GA SO
McDuffie County GA SO,McDuffie County GA SO,Carroll County GA SO
Fayette County GA SO,Fayette County GA SO,Carroll County GA SO
Ashland AL PD,Ashland AL PD,Carroll County GA SO
Pierce County GA SO,Pierce County GA SO,Carroll County GA SO
Pike County GA SO,Pike County GA SO,Carroll County GA SO
Woodbury GA PD,Woodbury GA PD,Carroll County GA SO
Pulaski County GA SO ,Pulaski County GA SO ,Carroll County GA SO
Dougherty County GA SO,Dougherty County GA SO (Condors),Carroll County GA SO
Greensboro GA PD ,Greensboro GA PD ,Carroll County GA SO
Manchester GA PD,Manchester GA PD,Carroll County GA SO
Lithonia GA PD,Lithonia GA PD,Carroll County GA SO
Houston County AL SO,Houston County AL SO,Carroll County GA SO
Jacksonville AR PD,Jacksonville AR PD,
Van Buren AR PD,Van Buren AR PD,
North Little Rock AR PD,North Little Rock AR PD,Carroll County GA SO
Houston County GA District Attorney's Office,"Houston County, Georgia",Carroll County GA SO
New Madrid County MO SO,New Madrid County MO SO,
Ancient City Capital,"Regency Woods (MS),Patriot Grove (MS),Patriot Plaza (FL),Gardenia Grove (MS),Crestview at Cordova (FL) ,Beacon Pointe (MS),Brookwood Apartments (LA),Social 1600 (FL),AHPC Hub Tallahassee LLC (Ocala Rd) (FL),AHPC Plantations at Pine Lake (FL),The Rubix (Patriot Suites) (NV),AHPC Cordova Regency (FL) ,Village Hills Apartments (WV),Bandywood (MS),PSG Vesta Derby Oaks LLC (KY),Autumn Trace Apts (MS),AHPC Inverness Lakes 2021 LLC (AL),Sunset on the Bayou (AL),2018 IAVF PRAIRIE VIEW LLC (IL),AHPC Lakeview at Cottage Hill 2021 LLC (AL),Bern-Mas (LA),2018 IAVF TIMBER OAKS LLC (IL),AHPC Verandas at Rocky Ridge 2021 LLC (AL),HHF - McDaniels Street (GA),Kingston Point (LA),AHPC Terraces at Fieldstone Apartments LLC (GA),AHPC PROSPER FAIRWAYS APARTMENTS LLC (SC) ,Granada Square (MS),The Cove at NOLA (LA),Iberia South (LA),AHPC SOCIAL TALLAHASSEE LLC (FL),AHPC Orchard Park 2021 LLC (SC) ,PSG Pine Forest Park (TX),AHPC Vista Towers 2021 LLC (SC),AHPC TROPICAL RIDGE APARTMENTS LLC,Patriot Grove,AHPC PARKS AT RIVERCREST LLC (SC),ALPINE APARTMENT HOMES LLC (GA),FOUNTAIN CITY APARTMENTS LLC (GA),MILLENNIA JAX 2021 LLC (FL),Eban Village (TX),Greenbrier Apartments (WV)",
Union MO PD,Union PD (MO),
Pope County AR SO,Pope County SO (AR),
AR - Mountain View PD,Mountain View PD (AR),
Clinton MO PD,Clinton MO PD,
MO - Sparta PD,Sparta PD (MO),
Village of Marlborough MO PD,Marlborough MO PD,
Bradley County AR SO ,Bradley County AR SO ,
Sweet Springs MO PD,Sweet Springs MO PD,
Warren AR PD ,Warren AR PD ,
Cooper County MO SO,Cooper County MO SO,
Graves County KY SO,Graves County KY SO,
Pulaski County MO SO,Pulaski County MO SO,Carroll County GA SO
Mountain Home AR PD,Mountain Home AR PD,Carroll County GA SO
SE Missouri State University (MO),SE Missouri State University (MO),
Pensacola FL PD,Pensacola FL PD,Carroll County GA SO
Wynne School District 9 AR PD,Wynne School District 9 AR,Carroll County GA SO
New Smyrna Beach FL PD,New Smyrna Beach FL PD,Carroll County GA SO
Osceola County FL SO,Osceola County FL SO,Carroll County GA SO
St. Cloud FL PD,St. Cloud FL PD,Carroll County GA SO
Havana FL PD,,Carroll County GA SO
Milam County TX SO,,Carroll County GA SO
Zephyrhills FL PD,,Carroll County GA SO
Talbot County GA SO,,Carroll County GA SO
Palm Beach FL PD,,Carroll County GA SO
Manila AR PD,,Carroll County GA SO
Franklin County FL SO,,Carroll County GA SO
Chattahoochee FL PD,,Carroll County GA SO
Cullman AL PD,,Carroll County GA SO
Opelousas LA PD,,Carroll County GA SO
Harrison County SO MS,,Carroll County GA SO
Longboat Key FL PD,,Carroll County GA SO
Fulton County Schools PD (GA),,Carroll County GA SO
University of Louisiana at Lafayette PD,,Carroll County GA SO
Grady County GA SO,,Carroll County GA SO
New Orleans LA PD,,Carroll County GA SO
Terrebonne Parish LA SO ,,Carroll County GA SO
Florida Office of Agriculture Law Enforcement,,Carroll County GA SO
Buford GA Department of Public Safety,,Carroll County GA SO
Marshall County MS SO,,Carroll County GA SO
Appling County GA SO,,Carroll County GA SO
City of Willard MO PD,,Carroll County GA SO
Winterville GA PD,,Carroll County GA SO
Alexandria LA PD,,Carroll County GA SO
Griffin Judicial Circuit,,Carroll County GA SO
Chilton County AL SO,,Carroll County GA SO
Indialantic FL PD,,Carroll County GA SO
Ballard County KY SO,,Carroll County GA SO
Cape Girardeau County MO SO,,Carroll County GA SO
Clark Atlanta University GA PD,,Carroll County GA SO
Fayetteville TN PD,,Carroll County GA SO
Oakboro NC PD,,Carroll County GA SO
Cross City FL PD,,Carroll County GA SO
Lafayette LA PD,,Carroll County GA SO
UCPAO AR,,Carroll County GA SO
Montgomery County AL SO,,Carroll County GA SO
Mont Belvieu TX PD ,,Carroll County GA SO
Louisiana State Police (LA),,Carroll County GA SO
Belmont MS PD,,Carroll County GA SO
Childersburg AL PD,Childersburg AL PD,Carroll County GA SO
Benton AR PD,,Carroll County GA SO
West Georgia Technical College (GA),West Georgia Technical College (GA),
Macon County GA SO,Macon County GA SO,Carroll County GA SO
Birmingham AL PD,,Carroll County GA SO
Helen GA PD,Helen GA PD ,Carroll County GA SO
Office of Commissioner of Insurance and Safety Fire (GA),Office of Commissioner of Insurance and Safety Fire (GA),Carroll County GA SO
Ridgeland MS PD,Ridgeland MS PD,Carroll County GA SO
Elyria OH PD,Elyria OH PD,Carroll County GA SO
Scottsboro AL PD,Scottsboro AL PD,Carroll County GA SO
Jefferson City MO PD,Jefferson City MO PD,
Festus MO PD,Festus MO PD,
Camden SC PD,Camden SC PD,
AL - Sylacauga PD,Sylacauga PD (AL),
[Federal] US Postal Inspection Service,US Postal Inspection Service - Flex,Carroll County GA SO
Lincoln AL PD,"Lincoln AL PD,Lincoln AL PD (Flex)",Carroll County GA SO
Pembroke NC PD,Pembroke NC PD,Carroll County GA SO
Rome WI PD,"Rome WI PD,Rome WI PD Flex",
Georgetown County SC SO,Georgetown County SC SO,Carroll County GA SO
Alcoa TN PD,Alcoa TN PD,Carroll County GA SO
Sugar Hill GA PD,"Sugar Hill GA PD (Flex),Sugar Hill GA PD",Carroll County GA SO
Harrison OH PD,Harrison OH PD,Carroll County GA SO
Live Oak TX PD ,Live Oak TX PD ,
Clayton County GA PD,"Clayton County GA PD (Redspeed),Clayton County GA PD",Carroll County GA SO
Riverside PD - OH,Riverside OH PD,
Lee County GA SO,Lee County GA SO,Carroll County GA SO
Norcross GA PD,"Norcross GA PD,Norcross GA PD - Redspeed,Norcross GA PD (Video)",Carroll County GA SO
Delhi Twp OH PD,Delhi Twp OH PD,
Lexington NE PD,Lexington NE PD,Carroll County GA SO
Fish and Wildlife Commission FL PD,"Fish and Wildlife Commission FL PD,FL - Florida Fish & Wildlife Wing",Carroll County GA SO
UT Southwestern Medical Center TX ,UT Southwestern Medical Center TX ,
Bradford County FL SO,Bradford County FL SO,Carroll County GA SO
Springfield FL PD,Springfield FL PD ,Carroll County GA SO
Acworth GA PD,"Acworth GA PD,Acworth GA PD - Avigilon External Cams,Acworth GA PD DFR,Acworth GA PD - Avigilon Internal Cams ,Acworth GA PD (Flex),Acworth GA PD - Wing LPR",Carroll County GA SO
Cass County MI SO,Cass County MI SO,
GA - Georgia Piedmont Technical College ,"Georgia Piedmont Technical College Campus PD ,GA - Georgia Piedmont Technical College (RAVEN)",Carroll County GA SO
Dunwoody GA PD,"Dunwoody GA PD Flex,Dunwoody GA PD - Car Crash Pilot,Dunwoody GA Parks,Dunwoody GA PD DFR,Dunwoody PD Wing Gateway Demo V2,Dunwoody GA PD Trailer - Flock Demo,Dunwoody GA PD",Carroll County GA SO
Eufaula AL PD,Eufaula AL PD,Carroll County GA SO
Lawrence County IN SO,Lawrence County IN SO,
Winneconne WI PD,Winneconne WI PD ,
Flagler County FL SO,Flager County SO (FL),Carroll County GA SO
Xenia OH PD,Xenia OH PD,
Gulf Breeze FL PD,Gulf Breeze FL PD,Carroll County GA SO
Mount Vernon IN PD,Mount Vernon IN PD,Carroll County GA SO
Center Point AL PD,Center Point AL,
Posey County IN SO,Posey County IN SO,
Napoleon Twp MI PD,Napoleon Twp MI PD,
Mabank TX PD ,Mabank TX PD ,
Michigan City IN PD,Michigan City IN PD,
Arlington TX PD,Arlington TX PD,
Union County SC SO,"Union County SC SO,Union County SO SC (Flex)",Carroll County GA SO
Kosciusko MS PD,Kosciusko MS PD,
Falfurrias TX PD,Falfurrias TX PD,
Gogebic County MI SO,Gogebic County MI SO,
Monticello IL PD ,Monticello PD IL,
Loveland OH PD,Loveland OH PD,
Muncie IN PD,Muncie IN PD,Carroll County GA SO
Greene County OH SO,Greene County OH SO,Carroll County GA SO
Alabama Department of Revenue,Alabama Department of Revenue (Flex),Carroll County GA SO
Daytona Beach Shores FL PD,Daytona Beach Shores FL PD,
Marta PD GA,Marta PD (GA),Carroll County GA SO
Harris County Const TX Pct 5,"Harris County TX MUD No. 490 ,Harris County TX MUD No. 419 ,Clay Road MUD (TX),Memorial Management District ,Harris County TX MUD No. 489 ",
Rensselaer NY PD,Rensselaer NY PD,
Davie County NC SO,Davie County NC SO,Carroll County GA SO
Jonesboro AR PD,"Jonesboro AR PD ,Jonesboro AR PD (Flex)",Carroll County GA SO
Stafford County KS SO ,Stafford County KS SO ,
Grant County IN SO,Grant County IN SO,
Kennesaw State University GA PD,"Kennesaw State University Raven,Kennesaw State University",Carroll County GA SO
Euharlee GA PD,"Euharlee GA PD (Condor),Euharlee GA PD",Carroll County GA SO
Richmond County NC SO,Richmond County NC SO,
Molena GA PD,Molena GA PD,Carroll County GA SO
Cabarrus County NC SO,"Cabarrus County NC SO (Falcon Flex) ,Cabarrus County NC SO Condor,Cabarrus County NC SO",Carroll County GA SO
Franklin WI PD,"Franklin WI PD (Flex),Franklin WI PD",
Webster Groves MO PD,Webster Groves MO PD,
Erwin NC PD,Erwin NC PD,Carroll County GA SO
Olmsted Falls OH PD,Olmsted Falls OH PD,
Florida City FL PD,Florida City FL PD,
Tupelo MS PD,"Tupelo MS PD (Flex),Tupelo MS PD",Carroll County GA SO
Franklin IN PD,"Franklin IN PD (Flex),Franklin IN PD",Carroll County GA SO
Deer Park OH PD,Deer Park PD OH,
Carlyle IL PD,Carlyle IL PD,
Green Township OH PD,Green Township OH PD,
Rockingham NC PD,Rockingham PD (NC),Carroll County GA SO
Indianapolis International Airport IN PD,Indianapolis International Airport IN PD,
Allen County KS SO,Allen County KS SO,
Snead AL PD,Snead AL PD,
Stockbridge GA PD,"Stockbridge GA PD (Flex),Stockbridge GA PD - Redspeed,Stockbridge GA PD (Live Video) ,Stockbridge GA PD",Carroll County GA SO
Leake County MS SO,Leake County MS SO,Carroll County GA SO
LaGrange KY PD,LaGrange KY PD,
Mount Holly NC PD,Mt Holly NC PD,Carroll County GA SO
Commerce GA PD,Commerce GA PD,Carroll County GA SO
Covington GA PD,"Covington GA PD,Covington Housing Authority ",Carroll County GA SO
Ralls County MO SO,Ralls County MO SO,
Thomasville GA PD,"Thomasville GA PD Raven ,Thomasville GA PD",Carroll County GA SO
Montezuma IN PD,Montezuma IN PD,
Greencastle IN PD,Greencastle IN PD,
Talladega AL PD,Talladega PD Condors (AL),
Virden IL PD,Virden IL PD,
Madisonville TN PD,"Madisonville TN PD (Flex),Madisonville TN PD",Carroll County GA SO
Fayette County TN SO,Fayette County TN SO,Carroll County GA SO
Sheridan AR PD,Sheridan AR PD,Carroll County GA SO
South Bend IN PD,South Bend IN PD,
Broward County FL SO,"Broward County FL SO,City of Deerfield Beach,City of Tamarac (FL)",Carroll County GA SO
Mount Vernon TX ISD PD,Mt. Vernon ISD (TX),
Franklin County AL SO,"Franklin County AL SO (Flex),Franklin County AL SO",
Bossier Parish LA SO,Bossier Parish LA SO,Carroll County GA SO
West Bloomfield Twp MI PD,West Bloomfield Twp MI PD,
Belpre OH PD,Belpre OH PD,
Goddard KS PD,Goddard KS PD,
O'Fallon MO PD,"O'Fallon MO PD (Flex),O'Fallon MO PD",Carroll County GA SO
Friendswood TX PD,"Friendswood TX PD,West Ranch, Friendswood (TX),San Joaquin Estates (TX),Parkwood Village (TX),Friendswood TX PD - Wing",Carroll County GA SO
Odessa TX PD,Odessa TX PD,
Elkhart County IN SO,"Elkhart Co IN SO ,Elkhart County IN SO (FLEX)",
Alvin ISD TX PD,Alvin ISD TX PD,
Orlando FL PD,"Orlando FL PD (LR),Orlando FL PD ",Carroll County GA SO
Geddes Town NY PD,Geddes Town NY PD,
Leeds AL PD,Leeds AL PD,Carroll County GA SO
Hanover Park IL PD ,Hanover Park IL PD ,Carroll County GA SO
Lima OH PD,Lima OH PD,
Greenville SC PD,"Greenville SC PD,GVL Mobile",Carroll County GA SO
DFW Airport PD TX,DFW Airport PD TX,
Portage IN PD,Portage IN PD,
South Bend IN Airport Transit PD ,South Bend IN Airport Transit PD,
Elbert County GA SO,Elbert County GA SO ,Carroll County GA SO
Glencoe AL PD,Glencoe AL PD,Carroll County GA SO
Beaumont TX PD,Beaumont TX PD ,
Holmen WI PD,Holmen WI PD,
Hardin County KY SO,Hardin County KY SO,Carroll County GA SO
Wyandotte MI PD,Wyandotte MI PD,Carroll County GA SO
Montgomery County OH SO,Montgomery County OH SO,
DuPage County IL SO,Dupage County IL SO,Carroll County GA SO
University of West Georgia GA PD,"University of West Georgia (GA),University of West Georgia GA PD - Raven",Carroll County GA SO
Crawford Town NY PD,Crawford Town NY PD,Carroll County GA SO
Duquesne MO PD,Duquesne MO PD,Carroll County GA SO
OH - Jefferson County Drug Task Force,Jefferson County Drug Task Force OH,
Jemison AL PD,Jemison AL PD,Carroll County GA SO
Henry County GA PD,"Henry County GA PD - Trailers ,Henry County GA - Wing LVI (Redspeed),Henry County GA PD - Flex LPR ,Henry County GA PD - Wing,Henry County GA PD",Carroll County GA SO
Mineral Area Drug Task Force MO,Mineral Area Drug Task Force MO,Carroll County GA SO
Clarendon County SC SO ,Clarendon County SC SO ,Carroll County GA SO
Mattoon IL PD,Mattoon IL PD,
Goshen IN PD,Goshen IN PD,
Morrow OH PD,Morrow OH PD,Carroll County GA SO
Grand County CO SO,Grand County CO SO,
Preble County OH SO,Preble County OH SO ,
Illinois Attorney General,Illinois Attorney General (Flex),
Maryville TN PD,Maryville TN PD,
Hamilton County IN SO,"Hamilton County IN SO (Flex),Hamilton County IN SO (Trailers),Hamilton County IN SO (Community Cameras),Hamilton County IN SO (Condors)",Carroll County GA SO
Columbus IN PD,Columbus IN PD,Carroll County GA SO
Junction City KS PD,Junction City KS PD,Carroll County GA SO
White County IN SO,White County IN SO,
Clinton Township MI PD,Clinton Township MI PD,Carroll County GA SO
Valdosta GA PD,"Valdosta GA PD (falcon flex) ,Valdosta GA PD",Carroll County GA SO
Greene County GA SO,"Greene County GA SO (Flex),Greene County GA SO",Carroll County GA SO
Mount Morris Township PD MI,Mount Morris Township PD MI,Carroll County GA SO
Dothan AL PD,Dothan AL PD,Carroll County GA SO
Elwood IN PD,Elwood IN PD (LPR),Carroll County GA SO
White House TN PD,White House TN PD (LPR),Carroll County GA SO
Moultrie GA PD,"Moultrie GA PD (Condors),Moultrie GA PD - Raven,Moultrie GA PD ",Carroll County GA SO
Gwinnett County GA PD,"Gwinnett County GA PD - RedSpeed,Gwinnett County GA PD,Gwinnett County - Hendricks Overflow Lot,Gwinnett County GA PD RedSpd 2,Gwinnett County GA PD (LR)",Carroll County GA SO
Las Vegas NM PD,Las Vegas NM PD,Carroll County GA SO
Cicero Town NY PD,Cicero Town NY PD,
Kingston TN PD,Kingston TN PD,Carroll County GA SO
Crawford County IN SO,Crawford County IN SO,
Chatham-Savannah Counter Narcotics Team,CNT Flex,Carroll County GA SO
West Palm Beach FL PD,West Palm Beach FL PD,
Watervliet NY PD,Watervliet NY PD,
Albany GA PD,"Albany GA PD Raven,Albany GA PD Condor,Albany GA PD,Albany GA PD - Wing LVI (Redspeed)",Carroll County GA SO
Cocoa Beach FL PD,Cocoa Beach FL PD,Carroll County GA SO
Carrollton GA PD,"Carrollton PD (GA) Flex,Carrollton GA PD - Wing Live,Carrollton GA PD Live View/PTZ,Carrollton GA PD,Carrollton GA PD Raven,Carrollton GA PD - Tanner Street Parking Deck,Carrollton GA PD - Wing Gateway Partnership",Carroll County GA SO
Huntersville PD NC,Huntersville PD NC,Carroll County GA SO
Douglas GA PD,"Douglas GA PD,Douglas GA PD - Live Video ",Carroll County GA SO
Florence AL PD,Florence AL PD,Carroll County GA SO
Chadbourn NC PD,"Chadbourn NC PD,Chadbourn NC PD (Flex)",Carroll County GA SO
Mountain Brook AL PD,Mountain Brook AL PD,Carroll County GA SO
Murray County GA SO,Murray County GA SO,Carroll County GA SO
Fulton MO PD,Fulton MO PD,
Riverdale GA PD,"Riverdale GA PD,Riverdale GA PD - RedSpeed,Riverdale GA PD (Flex)",Carroll County GA SO
Jefferson City TN PD,Jefferson City TN PD,
Marion Health PD (IN),Marion Health PD (IN),Carroll County GA SO
New London WI PD,New London WI PD,
Walled Lake MI PD,Walled Lake MI PD,
Hayden AL PD,Hayden AL PD,
Colleton County SO (SC),Colleton County SO (SC),Carroll County GA SO
SUNY Old Westbury NY PD,Suny Old Westbury NY PD,
Ashland OH PD,Ashland OH PD,
Atlanta GA PD,"Atlanta GA PD Airport Division,Genetec Test Network,Atlanta GA PD (Condor),Atlanta GA PD - Genetec,Atlanta GA PD (LR) ,Atlanta GA PD (Flex),Atlanta GA PD,Genetec LPRs,External Devices (Genetec)",Carroll County GA SO
Garden City GA PD,"Garden City GA PD,Garden City GA PD (Live Video) ",Carroll County GA SO
East Tennessee State University TN Campus PD ,East Tennessee State University TN Campus PD ,Carroll County GA SO
Emory University Campus PD GA,"Emory University Campus PD GA (Condor),Emory University Campus PD GA",Carroll County GA SO
Perry GA PD,"Perry GA PD,Perry GA PD - Redspeed,Perry GA PD (Flex),Perry GA PD (Live Video) ",Carroll County GA SO
Jacksonville FL SO,"Jacksonville FL SO (Flex),Jacksonville FL SO (LR),Jacksonville FL SO",Carroll County GA SO
Genesee County NY SO,Genesee County NY SO,
Hazelwood MO PD,"Hazelwood MO PD,Hazelwood MO PD (Flex)",Carroll County GA SO
Louisburg NC PD,Louisburg NC PD,Carroll County GA SO
OH - Milford PD,Milford PD OH,
St. Charles City MO PD,St. Charles City MO PD,Carroll County GA SO
Floyd County IN SO,Floyd County IN SO,
Tuscaloosa County AL SO,Tuscaloosa County AL SO,Carroll County GA SO
Liberty IN PD,Liberty IN PD,
Berkeley County SC SO,Berkeley County SC SO,Carroll County GA SO
"Montgomery County Constable, Precinct 3 (TX)",Generation Park MMD TX,
Baldwin County GA SO,"Baldwin County GA SO - RedSpeed,Baldwin County GA SO,Baldwin County GA SO - Annex,Baldwin County GA SO (Flex)",Carroll County GA SO
Clinton SC PD,Clinton SC PD,Carroll County GA SO
Newton NC PD ,Newton NC PD ,
Camilla GA PD ,"Camilla GA PD (Raven),Camilla GA PD (Live Video) ,Camilla GA PD ",Carroll County GA SO
Fort Mill SC PD,Fort Mill SC PD,
Pinecrest FL PD,Pinecrest FL PD,Carroll County GA SO
Park City KS PD,Park City KS PD,
Polk County TX SO,Polk County TX SO ,
Monon IN PD,Monon IN PD,
Greenwood SC PD,Greenwood SC PD,Carroll County GA SO
Mequon WI PD,Mequon WI PD,Carroll County GA SO
Crainville IL PD ,"Crainville IL PD (LPR),Crainville IL PD (Live Video)",Carroll County GA SO
Somerset MA PD,Somerset MA PD,Carroll County GA SO
Edmond OK PD,Edmond OK PD,
Fayetteville GA PD,Fayetteville GA PD,Carroll County GA SO
Charlton MA PD,Charlton MA PD,
McDonough GA PD,"McDonough GA PD - Raven,McDonough GA PD (Condor),McDonough GA PD,McDonough GA PD - RedSpeed",Carroll County GA SO
Town of Lisbon Troopers CT,Town of Lisbon Troopers CT,
Solon OH PD,Solon OH PD,
Jones County SO - GA,"Jones County GA SO (Condor),Jones County GA SO Flex,Jones County GA SO,Jones County GA SO (Trailer #1 )",Carroll County GA SO
St. Charles Parish LA SO,"St. Charles Parish LA SO (Flex),St. Charles Parish LA SO",Carroll County GA SO
South Miami FL PD,South Miami PD (FL),
Apopka FL PD,Apopka FL PD ,
Somerton AZ PD,Somerton AZ PD,
High Springs FL PD,"High Springs FL PD - Redspeed,High Springs FL PD Flex,High Springs FL PD",
Milton GA PD,"Milton GA PD,Milton GA PD (Flex)",Carroll County GA SO
Hardin County OH SO,Hardin County OH SO,Carroll County GA SO
Bloomfield Twp MI PD,Bloomfield Twp MI PD,
Savannah PD - GA ,"Savannah GA PD,Savannah GA PD (Flex),Savannah Code Compliance",Carroll County GA SO
Castle Hills TX PD,Castle Hills TX PD,
North Wilkesboro NC PD,North Wilkesboro NC PD,Carroll County GA SO
Grand Rapids MI PD,Grand Rapids MI PD ,Carroll County GA SO
Muskegon County MI SO,Muskegon County MI SO,
West Union PD SC,West Union PD SC,Carroll County GA SO
Noblesville IN PD,Noblesville IN PD,
Martin County FL SO,Martin County FL SO,Carroll County GA SO
Logansport IN PD,Logansport IN PD,Carroll County GA SO
Shelby County KY SO,Shelby County KY SO,Carroll County GA SO
Albany City NY PD,"Albany City NY PD,Albany City NY PD (Flex)",
Bedminster Twp NJ PD ,Bedminster Twp NJ PD ,
Zebulon NC PD,Zebulon NC PD,
New Canaan CT PD,"New Canaan CT PD (Flex),New Canaan CT PD",Carroll County GA SO
St. Joseph Department of Public Safety MI,Saint Joseph MI DPS,
Lookout Mountain TN PD,Lookout Mountain TN PD ,Carroll County GA SO
Okaloosa County FL SO,Okaloosa County FL SO,Carroll County GA SO
Lawrence IN PD,Lawrence IN PD,
Navajo State Park CO PD,Navajo State Park CO PD,
Nelson County KY SO,Nelson County KY SO,
Burke County NC SO,Burke County NC SO,Carroll County GA SO
Greensburg IN PD,Greensburg IN PD,
Texas Department of Criminal Justice,Texas Department of Criminal Justice,Carroll County GA SO
Fort Bend County Const TX Pct 4,"Fort Bend County TX MUD 194,Fort Bend County MUD 215 - Pct 4,Fort Bend County TX MUD 146 ",
Houston TX PD,"Houston PD (TX) – HCTX MUD 404,Houston PD (TX) – Spring Branch MgmtD,Westchase Municipal Management District (TX),Houston PD (TX) – Southwest MgmtD,Houston PD (TX) – International MgmtD,Houston PD (TX) – Flex Cams,Houston PD (TX) – HCTX MUD 150,Midtown Municipal Management District TX ,Houston PD (TX) – HCTX ID 18,Houston PD (TX) – Brays Oaks MgmtD,Southwest Houston Redevelopment Authority TX,Houston PD (TX) - Energy Corridor MgmtD,Houston PD (TX) – EADO MgmtD,Houston PD (TX),Houston PD (TX) – HCTX MUD 390 (Condors),Houston PD (TX) – Uptown Houston MgmtD,Houston PD (TX) – Gulfton MgmtD,Houston PD (TX) – HCTX MUD 390,Houston PD (TX) – Hobby Area MgmtD",Carroll County GA SO
Hays County TX SO,Hays County TX SO,
Largo FL PD,Largo FL PD,
Rock Hill SC PD,Rock Hill SC PD,Carroll County GA SO
Matthews NC PD,Matthews NC PD,Carroll County GA SO
Cobb County GA PD,"Cobb County GA PD,Cobb County GA PD - Flex,Cobb County Parks & Rec",Carroll County GA SO
Monroe County GA SO,"Monroe County GA SO,Monroe County GA SO (Flex)",Carroll County GA SO
Larimer County CO SO,CO - Larimer County SO,
Henry County OH SO,Henry County OH SO,
Douglas County GA SO,Douglas County GA SO,Carroll County GA SO
Biltmore Forest NC PD,"Biltmore Forest NC PD (Condor),Biltmore Forest NC PD",Carroll County GA SO
Roane County TN SO,"Roane County TN SO,Roane County Schools TN",
Sarasota County FL SO,"Sarasota County FL SO,Sarasota County FL SO (Flex)",Carroll County GA SO
Brookings SD PD,Brookings SD PD,Carroll County GA SO
Monahans TX PD,Monahans TX PD,
Bellville TX PD ,Bellville TX PD ,
Tifton GA PD,"Tifton Police Department ,Tifton GA PD - Raven",Carroll County GA SO
Lafayette TN PD,Lafayette TN PD,Carroll County GA SO
Valparaiso IN PD,Valparaiso PD IN,
Lady Lake FL PD,"Lady Lake FL PD (Flex),Lady Lake FL PD",Carroll County GA SO
Asheville NC PD,Asheville NC PD ,Carroll County GA SO
Slidell LA PD,Slidell LA PD,Carroll County GA SO
Pineville NC PD,Pineville NC PD,Carroll County GA SO
Maysville GA PD,Maysville GA PD,Carroll County GA SO
Wilkes County NC SO,"Wilkes County NC SO Flex,Wilkes County NC SO",Carroll County GA SO
Williamson County TN SO,Williamson County TN SO,
Tahlequah OK PD,Tahlequah OK PD,
Decatur AL PD,Decatur AL PD,Carroll County GA SO
Hardeeville SC PD,"Hardeeville SC PD,Hardeeville SC PD (Flex)",
Putnam County TN SO ,Putnam County TN SO ,Carroll County GA SO
Oak Grove MO PD,Oak Grove MO PD,
Douglasville GA PD,"Douglasville GA PD - Amphitheater Exterior Cams,Douglasville GA PD - PD Exterior Live Video, Douglasville GA PD - Hunter Park Interior Cams,Douglasville GA PD - Cedar Mountain Facility Exterior Cams,Douglasville GA PD - Club Drive Maintenance ,Douglasville GA PD (Live Video) ,Douglasville GA PD - Conference Center Exterior cams,Douglasville GA PD - City Hall,Douglasville GA PD - Jessie Davis Exterior Cams,Douglasville GA PD, Douglasville GA PD - Hunter Park Exterior Cams,Douglasville GA PD - Willing Workers Park,Douglasville GA PD - CourtHouse Square Exterior Cams",Carroll County GA SO
Cass County IN SO,"Cass County IN SO,Cass County IN SO (Flex)",Carroll County GA SO
Hilliard OH PD,Hilliard OH PD,
Anderson IN PD,"Anderson IN PD (Raven),Anderson IN PD",Carroll County GA SO
Strongsville OH PD,Strongsville OH PD,
York County SC SO,York County SC SO,Carroll County GA SO
Clark County WI SO,Clark County WI SO,
Arnold MO PD,Arnold MO PD,Carroll County GA SO
Rabun County GA SO,"Rabun County GA SO ,Rabun County GA SO (Flex)",Carroll County GA SO
Blue Springs MO PD,"Blue Springs MO PD - LPR,Blue Springs MO PD - Flex",
Southern Illinois University IL PD ,Southern Illinois University IL PD ,
Mesquite TX PD,"Mesquite PD TX,Mesquite TX PD (Falcon Flex) ",
Miami-Dade FL SO,"Miami-Dade FL SO,Miami-Dade FL SO - NPF LPR Study,Miami Dade FL SO Flex Network,Miami-Dade FL SO (Flex)",Carroll County GA SO
KS - Meade County SO,Meade County SO (KS),
Lee County SC SO,"Lee County SC SO,Lee County SC SO (Flex)",Carroll County GA SO
Habersham County GA SO,Habersham County GA SO,Carroll County GA SO
Person County NC SO,"Person County NC SO (LR),Person County NC SO,Person County NC SO (Flex)",
University of TX (UTA)- Arlington PD,"University Texas Arlington - FlockOS Live,University of Texas at Arlington TX PD",
Marion SC PD,"Marion SC PD,Marion SC PD Flex",
Huntington IN PD,Huntington IN PD,Carroll County GA SO
Cleveland OH Division of Police ,Cleveland OH Division of Police,
Lincoln Parish LA SO,Lincoln Parish LA SO ,
Eatonton GA PD,"Eatonton GA PD Condor,Eatonton GA PD",Carroll County GA SO
Adams County IN SO,Adams County IN SO,
Tolleson AZ PD,AZ - Tolleson PD,
Texas Medical Center PD,Texas Medical Center PD ,
Ash Grove MO PD,Ash Grove MO PD ,
NE - Colfax Co SO,Colfax Co SO (NE),Carroll County GA SO
Midland County TX SO ,Midland County DA (TX) ,
Iowa Department of Corrections,Iowa DOC - Des Moines,
Santa Rosa County FL SO,Santa Rosa County FL SO,Carroll County GA SO
College Park GA PD,"College Park PD - Flex,College Park GA PD - Falcon",Carroll County GA SO
Port Clinton OH PD,Port Clinton OH PD,
New Albany IN PD,New Albany IN PD,
Davenport FL PD,Davenport FL PD,
Fort Bend County TX SO,"Fort Bend County TX SO,Grayson Lakes/Woods MUD 130 (TX),Kingdom Heights (TX),Cinco MUD 12 TX,Sienna Regional MUD (TX),Riverstone MUD (TX)",
Liberty County FL SO,Liberty County FL SO,
Allen TX PD,Allen TX PD ,
Riverton IL PD ,Riverton IL PD ,
Dream Finders Home (GA),"Creekbend Overlook (GA),Stonewall Station (GA),Harris Creek (GA),Fern Dale (GA)",
Jonesboro GA PD,"Jonesboro GA PD - Redspeed,Jonesboro GA PD (Flex),Jonesboro GA PD",Carroll County GA SO
AL - Andalusia PD,Andalusia PD (AL),Carroll County GA SO
Cass County MO SO,"City of Freeman MO - Cass County MO SO,Cass County MO SO",
Allentown PA PD,Allentown PA PD,
Evansville IN PD,Evansville IN PD,Carroll County GA SO
Canton MA PD,Canton MA PD,
Waterford Township MI PD,Waterford Township MI PD,
McIntosh County GA SO  ,"McIntosh County GA SO ,McIntosh County (GA) (Condors)",Carroll County GA SO
University of North Georgia PD (GA),"University of North Georgia PD (Raven) ,University of North Georgia ,University of North Georgia PD Flex",Carroll County GA SO
Wadley GA PD,"Wadley GA PD (Live View/PTZ),Wadley GA PD",
Mineral County NV SO,Mineral County NV SO,
Hyde Park NY PD,"Hyde Park NY PD (Flex),Hyde Park NY PD",
Washington County TN SO,"Washington County TN SO,Washington County TN SO (Flex)",
Meadows Place TX PD,Meadows Place TX PD,
St. Joseph MO PD,St. Joseph MO PD,
Auglaize County OH SO,Auglaize County OH SO,Carroll County GA SO
Morgan County IN SO,Morgan County IN SO,Carroll County GA SO
Trumann AR PD,Trumann AR PD,
Lancaster County SC SO ,"Lancaster County SC SO,Lancaster County SC SO (Flex)",Carroll County GA SO
Russellville AL PD,Russellville AL PD,Carroll County GA SO
Neshoba County MS SO,Neshoba County MS SO,Carroll County GA SO
Morgan County TN SO,Morgan County TN SO,
OH - Hamilton PD,Hamilton OH PD,Carroll County GA SO
Bulloch County GA SO,Bulloch County GA SO ,Carroll County GA SO
Muttontown NY PD,Muttontown NY PD,
South Sioux City NE PD ,South Sioux City NE PD ,
Anna TX PD,"Anna TX PD - Falcon Flex,Anna TX PD",Carroll County GA SO
Bullitt County KY SO,Bullitt County KY SO,
Waukesha County WI SO,"Waukesha County WI SO (Village of Sussex),Waukesha County WI SO (City of Pewaukee WI),Waukesha County WI SO (Village of Lisbon)",
Paulding County GA SO,Paulding County GA SO,Carroll County GA SO
Frederick CO PD,Frederick CO PD,
Spencer County IN SO,Spencer County IN SO,Carroll County GA SO
Oliver Springs TN PD,Oliver Springs TN PD,
Wentzville MO PD,"Wentzville MO PD,Wentzville Parks and Recreation MO",Carroll County GA SO
Taunton MA PD,Taunton MA PD,
Tupelo Regional Airport,Tupelo Regional Airport PD (MS),
Wetumpka AL PD,Wetumpka AL PD,Carroll County GA SO
Lebanon TN PD,Lebanon TN PD,Carroll County GA SO
Moncks Corner SC PD,"Moncks Corner SC PD,Moncks Corner SC PD (Flex)",
Johnston City IL PD,Johnston City IL PD,
Evans County GA SO,Evans County GA SO,Carroll County GA SO
Forsyth County GA SO,"Forsyth County GA SO,Forsyth County GA SO (Flex)",Carroll County GA SO
Brantley County GA SO,Brantley County GA SO,Carroll County GA SO
Alachua FL PD,"Alachua FL PD (FLEX),Alachua FL PD ",
Grant County WI SO,Grant County WI SO ,
Hapeville GA PD,"Hapeville GA PD,Hapeville GA PD - Redspeed",Carroll County GA SO
DeKalb County GA PD,"DeKalb County PD Parks - LPR,Dekalb County GA PD - LPR,Gresham Park Rec Center - Avigilon,DeKalb County GA PD (GSD)",Carroll County GA SO
Hamtramck MI PD,Hamtramck MI PD,
Blount County TN SO,Blount County TN SO,Carroll County GA SO
Montgomery County TN SO,"Montgomery County TN (Flex),Montgomery County TN SO",Carroll County GA SO
Ridgefield CT PD,Ridgefield CT PD,
Henderson TN PD,Henderson TN PD,
Delaware County OH SO,Delaware County OH SO,Carroll County GA SO
Owen County IN SO,Owen County IN SO,
Greenfield IN PD,Greenfield IN PD,Carroll County GA SO
Bossier City LA PD,Bossier City LA PD,Carroll County GA SO
Beaufort SC PD ,Beaufort SC PD ,
Jefferson County FL SO,"Jefferson County FL SO,Jefferson County FL SO (Flex)",Carroll County GA SO
Raeford NC PD,Raeford NC PD,Carroll County GA SO
Dodge County GA SO,Dodge County GA SO,Carroll County GA SO
Polk County FL SO,"Polk County FL SO (LR),Polk County FL SO - Axon,Polk County FL SO",
West Chester OH PD,West Chester OH PD,Carroll County GA SO
Decatur GA PD,Decatur GA PD,Carroll County GA SO
Newnan GA PD,"Newnan GA PD,Newnan GA PD - Gateway Video",Carroll County GA SO
OH- Springfield Township PD (Hamilton Co) ,Springfield Township OH (Hamilton Co) PD,Carroll County GA SO
Lawrenceville GA PD,Lawrenceville GA PD,Carroll County GA SO
Sarcoxie MO PD,Sarcoxie MO PD,
Oakland TN PD,"Oakland TN PD,Oakland TN PD (FLEX)",
Montevallo AL PD,Montevallo AL PD,
New Castle County DE PD,New Castle County DE PD,Carroll County GA SO
Harriman TN PD,Harriman TN PD,
Mora County NM SO (Wagon Mound),Mora County SO: Wagon Mound NM,
Crowell TX PD,Crowell PD TX ,Carroll County GA SO
Plymouth WI PD,Plymouth WI PD,
Peachtree City GA PD,"Peachtree City GA PD,Peachtree City GA PD (Condor)",Carroll County GA SO
Richmond TX PD,Richmond TX PD,
Sumter County GA SO ,"Sumter County GA SO,Sumter County GA School District ",Carroll County GA SO
Ashland County WI SO,Ashland County WI SO,
St. Louis County MO PD,"City of Black Jack MO - SLCPD,City of Fenton MO - SLCPD,City of Valley Park MO - SLCPD,Village of Wilbur Park MO - SLCPD,City of Wildwood MO - SLCPD,City of Pasadena Hills MO - SLCPD",
East Tawakoni TX PD,East Tawakoni TX PD,
East Ellijay GA PD ,East Ellijay GA PD ,Carroll County GA SO
Cheyenne WY PD,Cheyenne WY PD,Carroll County GA SO
Newton County GA SO,Newton County GA SO,Carroll County GA SO
Baker County GA SO,"Baker County GA SO (CONDOR),Baker County GA SO,Baker County GA SO (Flex)",Carroll County GA SO
Braintree MA PD,Braintree MA PD,
Bardstown PD KY,Bardstown PD KY,Carroll County GA SO
Waveland MS PD,Waveland PD (MS),
Clayton GA PD,"Clayton GA PD,Clayton GA PD (Condors)",Carroll County GA SO
Maryland Heights MO PD,"Maryland Heights Visitor Center (MO),Maryland Heights MO PD",Carroll County GA SO
Delaware County IN SO,Delaware County IN SO,
Plainview TN PD,Plainview TN PD,
Watertown WI PD,Watertown WI PD,
Titusville FL PD,Titusville FL PD,Carroll County GA SO
Paris TX PD,Paris TX PD,Carroll County GA SO
Independence KS PD,Independence KS PD,
Gun Lake Tribal PD MI,Gun Lake Tribal PD MI,
Wichita Falls TX PD ,"Wichita Falls TX PD (Flex),Wichita Falls TX PD ",Carroll County GA SO
Haralson County GA SO,"Haralson County SO (GA),City of Waco (GA)",Carroll County GA SO
Avoca PA PD,Avoca PA PD,
Columbus County NC SO,Columbus County NC SO,Carroll County GA SO
Dunn County WI SO,"Dunn County WI SO,Dunn County WI SO (FLEX)",
Maplewood MO PD,Maplewood MO PD,Carroll County GA SO
Franklin County IL SO,Franklin County IL SO,Carroll County GA SO
Bremen GA PD,"Bremen GA PD (Condor),Bremen GA PD",Carroll County GA SO
Del City OK PD,Del City OK PD,Carroll County GA SO
Bessemer City NC PD,Bessemer City NC PD,
Georgia Dept. of Corrections Intelligence Unit (GA),GA - Georgia Department of Corrections - Alscan,Carroll County GA SO
Polkton NC PD,Polkton NC PD,
Chesterfield MO PD,Chesterfield MO PD,Carroll County GA SO
MS - Itawamba Community College Campus PD,Itawamba Community College Campus PD (MS),
Moody AL PD,Moody AL PD,Carroll County GA SO
Allen Park PD MI,Allen Park PD MI,
Arcola TX PD ,Arcola TX PD ,
Buffalo State University NY PD,Buffalo State University NY PD,
Georgetown SC PD,Georgetown SC PD,
Conyers GA PD,"Conyers GA PD,Conyers GA PD DFR",Carroll County GA SO
Cullman County AL SO,Cullman County SO (AL),Carroll County GA SO
New Baden IL PD,New Baden IL PD,
Jackson TN PD,"Jackson TN PD,Jackson TN PD (Flex)",
Elizabethtown KY PD,Elizabethtown KY PD,Carroll County GA SO
KS - Seward County SO,Seward County SO (KS),
Miami County OH SO,Miami County OH SO,
Blountsville AL PD,Blountsville AL PD,Carroll County GA SO
Parma OH PD,Parma OH PD,
Edmundson MO PD,Edmundson MO PD,
Lathrup Village MI PD,Lathrup Village MI PD,
La Grange MO PD,La Grange MO PD,
Ferguson MO PD,Ferguson MO PD,
Fairmount IN PD,Fairmount IN PD,Carroll County GA SO
Madison County GA SO,Madison County GA SO,Carroll County GA SO
Salina KS PD,Salina KS PD,Carroll County GA SO
Grayslake IL PD ,Grayslake IL PD ,
Lenoir NC PD,Lenoir NC PD,Carroll County GA SO
Monterey TN PD,Monterey TN PD,
Flowery Branch GA PD,"Flowery Branch GA PD,Flowery Branch GA PD (Flex)",Carroll County GA SO
Aurora CO PD,Aurora CO PD,
Henderson County KY SO,"Henderson County KY SO (Condor),Henderson County KY SO,Henderson County KY SO (Flex)",Carroll County GA SO
Calhoun GA PD,"Calhoun GA PD (Condor),Calhoun GA PD",Carroll County GA SO
Alabama Law Enforcement Agency (ALEA),"ALEA,Alabama Law Enforcement Agency (ALEA),ALEA (LR),Chambers County Drug Task Force AL SO (Flex)",Carroll County GA SO
Sherwood AR PD,Sherwood AR PD,Carroll County GA SO
University of North Carolina Charlotte (NC),University of North Carolina Charlotte (NC),
Anderson SC PD,"Anderson SC PD,Anderson SC PD (Flex)",Carroll County GA SO
Irving TX PD,Irving TX PD,
Parma Heights OH PD,Parma Heights OH PD,
Crown Point IN PD,Crown Point IN PD,
Middle Tennessee State TN PD ,Middle Tennessee State TN PD ,Carroll County GA SO
Senoia GA PD,"Senoia Ga PD (Live Video) ,Senoia GA PD",Carroll County GA SO
Daphne AL PD,Daphne AL PD,Carroll County GA SO
Harrison AR PD,Harrison AR PD,
Kershaw County SC SO,Kershaw County SC SO,
Union County MS SO,Union County MS SO,Carroll County GA SO
Haywood County NC SO,"Haywood County SO (NC),Haywood County SO (NC) Flex,Haywood Co. NC SO (Flex)",Carroll County GA SO
Tallahassee FL PD,Tallahassee FL PD,Carroll County GA SO
Dickson TN PD,Dickson TN PD,Carroll County GA SO
Lea County NM SO,Lea County NM SO,Carroll County GA SO
Auburn GA PD ,Auburn GA PD,Carroll County GA SO
Wellford SC PD,Wellford SC PD (Flex),Carroll County GA SO
Wilmore KY PD,Wilmore KY PD,Carroll County GA SO
Lilburn GA PD,"Lilburn GA PD,Lilburn GA PD - Redspeed,Lilburn CID",Carroll County GA SO
Ada County ID SO,Ada County ID SO,Carroll County GA SO
Hamilton County TN SO,Hamilton County TN SO,Carroll County GA SO
Tell City IN PD,Tell City IN PD,Carroll County GA SO
Byron GA PD ,"Byron GA PD ,Byron GA PD (Live Video)",Carroll County GA SO
Caldwell County NC SO,Caldwell County SO (NC),Carroll County GA SO
Madison AL PD,Madison AL PD,Carroll County GA SO
Lorain County OH SO,Lorain County OH SO,
Richland County SC SO,Richland County SC SO,Carroll County GA SO
New Paris OH PD,New Paris OH PD,
Bartlett TN PD,Bartlett TN PD,
Albion MI DPS,Albion MI DPS,Carroll County GA SO
Clay County FL SO,"Clay County FL SO,Clay County FL SO (Condor),Clay County FL SO (Flex),Clay County FL SO (Trailer)",Carroll County GA SO
Avery County NC SO,"Avery County NC SO,Avery County NC SO Flex",Carroll County GA SO
Georgetown IN PD,Georgetown IN PD,Carroll County GA SO
Cumming GA PD,Cumming GA PD,Carroll County GA SO
Creve Coeur MO PD,Creve Coeur MO PD,
McDowell County NC SO,"McDowell County NC SO (Flex),McDowell County NC SO",
North Platte NE PD,North Platte NE PD,
Parsons KS PD,Parsons KS PD,
Conway AR PD,Conway AR PD,Carroll County GA SO
Dandridge TN PD,Dandridge TN PD,
Whitehall OH PD,Whitehall OH PD,
West Carrollton OH PD,"West Carrolton OH PD (CONDOR),West Carrollton OH PD",
IN - La Fontaine PD,La Fontaine PD IN,
Georgia Tech GA PD,"Georgia Tech GA PD - Raven,Georgia Tech GA PD (FLEX) ,Georgia Tech GA PD",Carroll County GA SO
Wells County IN SO,Wells County IN SO,Carroll County GA SO
Morrow GA PD ,"City of Morrow (GA),Morrow GA PD - Redspeed",Carroll County GA SO
Little Rock AR PD,Little Rock AR PD,Carroll County GA SO
Englewood OH PD,Englewood OH PD,
Butler GA PD,Butler GA PD ,Carroll County GA SO
Sweetwater TN PD,Sweetwater TN PD,
Hobart IN PD ,Hobart IN PD ,
Mitchell County NC SO,"Mitchell County NC SO Falcon Flex,Mitchell County NC SO",Carroll County GA SO
Odessa MO PD,Odessa MO PD,
University of Wisconsin - Oshkosh PD,University of Wisconsin - Oshkosh PD,
Spring Arbor MI PD,Spring Arbor MI PD,
Marion IN PD,"Marion IN PD (FLEX),Marion IN PD",Carroll County GA SO
Town of Poughkeepsie NY PD,Town of Poughkeepsie NY PD,
Harper County KS SO,Harper County KS SO,Carroll County GA SO
Johnson City TN PD,Johnson City TN PD,Carroll County GA SO
Washingtonville NY PD,Washingtonville NY PD,
Southfield MI PD,Southfield MI PD,
Grand Island NE PD,"Grand Island NE PD,Grand Island NE PD (flex)",
Lafayette Parish LA SO,Lafayette Parish LA SO ,
Shelbyville KY PD,Shelbyville KY PD,Carroll County GA SO
Cheektowaga Town NY PD,Cheektowaga Town NY PD,
Woodstock GA PD,"Woodstock GA PD - Wing (RedSpeed),Woodstock GA PD",Carroll County GA SO
Conway SC PD,Conway SC PD,
Prattville AL PD,Prattville AL PD,Carroll County GA SO
Floyd County GA PD,"Floyd County GA PD (Flex),Floyd County GA PD - RedSpeed,Floyd County GA PD (SpotGenius - Parking) ,Floyd County GA PD",Carroll County GA SO
Locust Grove GA PD,Locust Grove GA PD,Carroll County GA SO
Franklin TN PD,Franklin TN PD,
Higginsville MO PD,Higginsville MO PD,
Macon County NC SO,"Macon County NC SO,Macon County NC SO (Flex)",Carroll County GA SO
Hall County GA SO,"Hall County GA SO,Hall CO GA SO - Wing LVI,Hall County GA SO Demo Condors,Hall County GA SO - Wing LVI",Carroll County GA SO
Speedway IN PD,Speedway IN PD,Carroll County GA SO
Fulshear TX PD,Fulshear TX PD,
Roswell GA PD,"Roswell GA PD (Flex),Roswell GA PD,Roswell GA Wing ",Carroll County GA SO
Allegan County SO MI,Allegan County SO MI,
Guntersville AL PD,Guntersville AL PD,Carroll County GA SO
Calhoun County SC SO,Calhoun County SC SO,Carroll County GA SO
Lake Geneva WI PD,"Lake Geneva WI PD,Lake Geneva WI PD Condors",Carroll County GA SO
Dodge County WI SO,"Dodge County WI SO Flex,Dodge County WI SO",
Barrow County GA SO,"Barrow County SO GA (Flex),Barrow County GA SO (Condor),Barrow County GA SO - Wing Suite,Barrow County GA SO (Falcon)",Carroll County GA SO
Brookville OH PD,Brookville OH PD,Carroll County GA SO
Bay St. Louis MS PD,Bay St. Louis PD (MS),Carroll County GA SO
Madison MS PD,"Madison MS PD,Madison MS PD- Flex Demo ",Carroll County GA SO
Bloomingdale GA PD,"Bloomingdale GA PD - Parks ,Bloomingdale GA PD",Carroll County GA SO
Flint Township MI PD,Flint Township MI PD,
Hurst TX PD,Hurst TX PD,
Plover WI PD,Plover WI PD,
West Seneca NY PD,"West Seneca NY PD (Flex),West Seneca NY PD",
Calloway County KY SO,Calloway County KY SO,Carroll County GA SO
Cuyahoga Falls OH PD,"Cuyahoga Falls OH PD,Cuyahoga Falls OH PD (FLEX) ",Carroll County GA SO
Wadsworth OH PD,Wadsworth OH PD,
St. Augustine FL PD,St. Augustine FL PD,Carroll County GA SO
Bartow County GA SO,"Bartow County GA SO Flex,Bartow County GA SO",Carroll County GA SO
Apex NC PD,Apex NC PD,Carroll County GA SO
Butts County GA SO,Butts County GA SO,Carroll County GA SO
Russellville KY PD,Russellville KY PD (Flex),Carroll County GA SO
St. Ann MO PD,St. Ann MO PD,Carroll County GA SO
Cloud County KS SO,Cloud County KS SO,
AR - Harrisburg PD,Harrisburg PD (AR),
Greenville AL PD,"Greenville AL PD,Greenville AL PD (Flex)",
Mustang OK PD,Mustang OK PD,
Carol Stream IL PD,Carol Stream Parks Division (IL),
Polk County NC SO,Polk County NC SO,
Marysville OH PD,Marysville OH PD,
Vidalia GA PD,"Vidalia GA PD,Vidalia GA PD (Trailers),Vidalia GA PD (PTZ),Vidalia GA PD (Redspeed)",Carroll County GA SO
TX - Nolanville PD ,Nolanville PD TX,
Shelbyville IN PD ,"Shelbyville IN PD ,Shelbyville IN PD (Flex)",Carroll County GA SO
Christian County MO SO,"Christian County MO SO,City of Fremont Hills MO - Christian Co MO SO",
McMinnville TN PD,McMinnville TN PD,
Splendora TX PD,Splendora PD TX,
Henderson County NC SO ,"Henderson County NC SO,Henderson County NC SO (Flex)",Carroll County GA SO
Red River TX SO ,Red River TX SO ,
Ward County TX SO,Ward County SO (TX),
Palatka FL PD,Palatka FL PD,
Dubois County IN SO,Dubois County SO IN,
Wilson County TX SO,Wilson County TX SO ,
Frankenmuth MI PD - New Business,Frankenmuth MI PD - New Business,
Tipton County TN SO,Tipton County TN SO,Carroll County GA SO
Hamilton AL PD ,Hamilton AL PD ,Carroll County GA SO
Moore OK PD,Moore OK PD,
Heath TX DPS,Heath TX DPS,
Lynn Haven FL PD,Lynn Haven FL PD,
Ohio Department of Rehabilitation and Correction - Office of the Chief Inspector,Ohio Department of Corrections (OH),Carroll County GA SO
Davidson NC PD,"Town of Davidson NC - Wing Live,Davidson NC PD",Carroll County GA SO
Pender County NC SO ,Pender County NC SO ,
Catawba County NC SO,Catawba County NC SO,Carroll County GA SO
Town of Rutherford College (NC),Town of Rutherford College (NC),
Cypress Fairbanks ISD (TX) PD,CyFair ISD PD (TX),
Dare County NC SO,Dare County NC SO,
Knox County IN SO,Knox County IN SO ,Carroll County GA SO
Charleston MO DPS,Charleston MO DPS,
Greenfield WI PD,Greenfield WI PD,
Wapello County IA SO,Wapello County IA SO,Carroll County GA SO
Defiance County OH SO,Defiance County OH SO,
Marietta GA PD,"Marietta GA  - FlockOS Live Video,Marietta GA PD - Flex,Marietta GA PD - Raven,Marietta GA PD - Falcon,Marietta GA PD - Condor",Carroll County GA SO
Polk County GA PD,"Polk County GA PD (Flex LPR) ,Polk County GA PD",Carroll County GA SO
Burr Ridge IL PD,Burr Ridge IL PD,Carroll County GA SO
Anniston AL PD,Anniston AL PD,Carroll County GA SO
Indiana Department of Corrections,Indiana Department of Correction,Carroll County GA SO
Hillsborough County FL SO,"Hillsborough County FL SO (Flex),Hillsborough County Pierce Garage IB ,Hillsborough County FL SO",Carroll County GA SO
Stone County MO SO,Stone County MO SO,
Greenville MS PD,"Greenville MS PD - Gun Shot Detection,Greenville MS PD - Live Video,Greenville MS PD",Carroll County GA SO
Whitestown IN PD,Whitestown IN PD,Carroll County GA SO
Loganville GA PD,Loganville GA PD,Carroll County GA SO
Folly Beach SC PD,Folly Beach SC PD,
MS - Raymond PD,Raymond PD (MS),Carroll County GA SO
Ocean Springs MS PD,Ocean Springs MS PD,Carroll County GA SO
Jefferson GA PD,Jefferson GA PD,Carroll County GA SO
North Kingstown RI PD,North Kingstown RI PD,
Carter County TN SO,Carter County TN SO,
Union County KY SO,Union County KY SO,
AL - Wallace State Community College,Wallace State Community College (AL),
Beacon City NY PD,"Beacon City NY PD (Flex),Beacon City NY PD",
Port Wentworth GA PD,"Port Wentworth GA PD (Ravens),Port Wentworth GA",Carroll County GA SO
Minnehaha County SD SO ,Minnehaha County SD SO ,
Dalton GA PD,"Dalton GA PD - Flex,Dalton GA PD",Carroll County GA SO
Wixom MI PD,Wixom MI PD,Carroll County GA SO
Wilson County NC SO,Wilson County NC SO,Carroll County GA SO
Guadalupe County TX SO ,Guadalupe County TX SO ,
Neptune Beach FL PD,Neptune Beach FL PD,
East Providence RI PD,East Providence RI PD,
Grandville PD MI,Grandville MI PD,
University of Kentucky,KY - University of KY,Carroll County GA SO
Moraine OH PD,"Moraine OH PD (CONDOR),Moraine OH PD",
Montgomery County TX SO,"Montgomery County TX SO,Montgomery County TX So (FLEX)",Carroll County GA SO
Colquitt County GA SO,"Colquitt County GA SO (Flex),Colquitt County GA SO",Carroll County GA SO
Marshall County OK SO ,Marshall County OK SO ,
Warrick County IN SO,Warrick Co IN SO,Carroll County GA SO
NE - Cozad PD,Cozad PD (NE),
Grand Haven MI DPS,Grand Haven MI DPS,Carroll County GA SO
Whitley County IN Prosector,Whitley County IN Prosector,Carroll County GA SO
Richmond Heights MO PD,Richmond Heights MO PD,Carroll County GA SO
Watauga County NC SO,Watauga County NC SO,Carroll County GA SO
Oglethorpe County GA SO,Oglethorpe County GA SO,Carroll County GA SO
Pleasant Prairie WI PD,Pleasant Prairie WI PD,
St. Peters MO PD,St. Peters MO PD,Carroll County GA SO
Gardner KS PD,Gardner KS PD,
AL - Jacksonville State University Campus PD,Jacksonville State University Campus PD (AL),Carroll County GA SO
Logan County KY SO ,Logan County KY SO,Carroll County GA SO
Surry County NC SO,"Surry County SO (NC) (Flex),Surry County SO (NC)",
Russell County AL SO,"Russell County AL SO,Russell County AL So (FLEX)",Carroll County GA SO
Fulton County GA SO,Fulton County GA SO (Deactivated),
East Point GA PD,"East Point GA PD - Redspeed,East Point GA PD (Raven),East Point GA PD",Carroll County GA SO
Norton Shores MI PD,Norton Shores MI PD,
Muscle Shoals AL PD,"Muscle Shoals AL PD,Muscle Shoals AL Walmart",Carroll County GA SO
Loveland CO PD,Loveland CO PD,Carroll County GA SO
Thomaston GA PD,Thomaston GA PD,Carroll County GA SO
Jeffersontown KY PD,Jeffersontown KY PD,Carroll County GA SO
Panama City Beach FL PD,Panama City Beach FL PD,Carroll County GA SO
Vestavia Hills AL PD,Vestavia Hills AL PD,Carroll County GA SO
New Chicago IN PD,New Chicago IN PD,
Cape Girardeau MO PD,"Cape Girardeau MO PD,Cape Girardeau MO PD - Wing",Carroll County GA SO
Sumter SC PD,Sumter SC PD,
Clinton Township OH PD,Clinton Township OH PD,
Fort Worth TX PD ,"Fort Worth TX PD - PID 7 Heritage,East Lancaster PID,Fort Worth TX PD - Milestone Live PTZ,Fort Worth TX PD Wing LPR Cameras (Q1700),Fort Worth TX PD,Fort Worth Code Compliance,Fort Worth TX PD Ravens LVT,Fort Worth TX PD PID #11 Stockyards,Fort Worth TX PD - Las Vegas Trail,Sun Valley PID,Fort Worth TX PD - Wing LVT",Carroll County GA SO
Orange County FL SO,Orange County FL SO,
Westfield IN PD,Westfield IN PD,Carroll County GA SO
Casa Grande AZ PD,Casa Grande AZ PD - LPR,Carroll County GA SO
Brighton CO PD,"Brighton CO PD Falcon Flex,Brighton CO PD",Carroll County GA SO
Powell OH PD,Powell OH PD,Carroll County GA SO
Warner Robins GA PD,"Warner Robins GA PD,Warner Robins GA PD - Rec Center,Warner Robins PD (GA) - Flex,Warner Robins GA PD - Wing (Redspeed)",Carroll County GA SO
Boardman Township OH PD,Boardman PD OH,
Kenmore Village NY PD,Kenmore Village NY PD,
Etowah County AL SO,Etowah County AL SO,
Prosper TX PD,Prosper TX PD,
Orangeburg Department of Public Safety SC,Orangeburg Department of Public Safety SC,Carroll County GA SO
Fort Stockton TX PD,Fort Stockton TX PD ,
Gaston County NC PD,Gaston County NC PD,
Windsor Locks CT PD,Windsor Locks CT PD,
Transylvania County NC SO,Transylvania County NC SO,Carroll County GA SO
Bloomfield NM PD,Bloomfield NM PD,
KU Medical Center KS PD,University of Kansas Medical Center PD (KS),
Chambers County AL SO,Chambers County AL SO,Carroll County GA SO
OH - Chillicothe PD,Chillicothe PD OH,
Cedartown GA PD,"Cedartown GA PD - Redspeed,Cedartown GA PD Condor,Cedartown GA PD",Carroll County GA SO
Stillwater MN PD,Stillwater MN PD,Carroll County GA SO
Thomasville AL PD,Thomasville AL PD,Carroll County GA SO
Black Mountain NC PD,Black Mountain NC PD,
Gas City IN PD,Gas City IN PD,Carroll County GA SO
Chatham County GA PD,"Chatham County GA PD,Chatham County PD (GA) Flex",Carroll County GA SO
Decatur County GA SO,Decatur County GA SO,Carroll County GA SO
Richmond County GA SO,Richmond County GA SO,Carroll County GA SO
Perkins Township OH PD,Perkins Twp OH PD,
Rockdale County GA SO,"Rockdale County GA SO (Condor),Rockdale County GA SO",Carroll County GA SO
Henderson KY PD,Henderson KY PD,Carroll County GA SO
Danielsville GA PD,Danielsville GA PD,Carroll County GA SO
Lafourche Parish LA SO,Lafourche Parish LA SO,
Port Huron MI PD,Port Huron MI PD,
Dearborn County IN SO,Dearborn County IN SO,Carroll County GA SO
Springdale OH PD,Springdale OH PD,
Belvidere IL PD,Belvidere IL PD,
Napoleon OH PD,Napoleon OH PD,
Chester County SC SO,Chester County SC SO,Carroll County GA SO
Peachtree Corners GA Marshal's Office,Peachtree Corners GA,Carroll County GA SO
Town of Hildebran (NC),Town of Hildebran (NC),
Jerome County ID SO,Jerome County ID SO,
Orleans County NY SO,Orleans County NY SO,
Bleckley County GA SO,Bleckley County GA SO ,Carroll County GA SO
St. Charles County MO PD,St. Charles County MO PD,
Munford AL PD ,Munford AL PD,Carroll County GA SO
Johnson County KS SO,"Johnson County KS SO,Johnson County KS SO (Flex)",
Conover NC PD,Conover NC PD,
Niagara County NY SO,Niagara County NY SO,
Montezuma GA PD,Montezuma GA PD,Carroll County GA SO
Marshall County AL SO,Marshall County AL SO,Carroll County GA SO
Martinsville IN PD,Martinsville IN PD,
Madison County IN SO,Madison County IN SO,
Brookville NY PD,Brookville NY PD,
East Hampton Village NY PD,East Hampton Village NY PD,Carroll County GA SO
Lovejoy GA PD,Lovejoy GA PD ,Carroll County GA SO
Bourbonnais IL PD,Bourbonnais IL PD ,
Fannin County GA SO,Fannin County GA SO,Carroll County GA SO
Dillard GA PD,Dillard GA PD,Carroll County GA SO
Lancaster TX PD ,Lancaster TX PD ,
Beacon Falls CT PD,Beacon Falls CT PD,
Northbrook IL PD,Northbrook IL PD,
Scott County MS SO,Scott County MS SO,Carroll County GA SO
Gluckstadt MS PD,"Gluckstadt MS PD,Gluckstadt MS PD (Flex)",
Ingalls IN PD,Ingalls IN PD,Carroll County GA SO
Gallatin TN PD,Gallatin TN PD,Carroll County GA SO
Lakeland FL PD,"Lakeland FL PD (Flex),Lakeland FL PD",Carroll County GA SO
Fultondale AL PD,Fultondale AL PD,
Bargersville IN PD,Bargersville IN PD,
Norwood OH PD,Norwood OH PD,Carroll County GA SO
Breese IL PD,Breese IL PD,
Florida Atlantic University FL PD,Florida Atlantic University (FL),
Hutchins TX PD  ,Hutchins TX PD,
Rome GA PD,"Rome GA PD,Rome GA PD - Redspeed",Carroll County GA SO
Claiborne County TN SO,Claiborne County TN SO,
Bay County FL SO,Bay County FL SO,Carroll County GA SO
Elizabethton TN PD,Elizabethton TN PD,
CO - Rangely PD,CO - Rangely PD,Carroll County GA SO
Ludowici GA PD,"Ludowici GA PD Condor,City of Ludowici",Carroll County GA SO
Columbia County FL SO,Columbia County FL SO,Carroll County GA SO
Baker County FL SO,Baker County FL SO,Carroll County GA SO
Edgecombe County NC SO,Edgecombe County NC SO,
TX - Seymour PD,Seymour TX PD (LPR),
Gulf County FL SO,Gulf County FL SO,Carroll County GA SO
Indiana State Police IN PD,Indiana State Police IN PD,Carroll County GA SO
Marathon County WI SO,"Marathon County WI SO,Town Of Rib Mountain (WI)",
Oglethorpe GA PD,Oglethorpe GA PD ,Carroll County GA SO
Wichita County KS SO,Wichita County KS SO,
Richmond Hill GA PD,Richmond Hill GA PD,Carroll County GA SO
Snellville GA PD,"Snellville GA PD (RedSpeed),Snellville GA PD (Live Video) ,Snellville GA PD - Raven,Snellville GA PD",Carroll County GA SO
Brookhaven GA PD,"Brookhaven GA PD (Falcon),Brookhaven Parks (GA)",Carroll County GA SO
Jasper GA PD,Jasper GA PD,Carroll County GA SO
Lumberton NC PD,Lumberton NC PD,
Gwinnett County GA SO,"Gwinnett County Sheriff's Office (GA),Gwinnett County GA SO (Falcon Flex) ,Gwinnett County SO - NPF LPR Study (GA)",Carroll County GA SO
Westlake OH PD,Westlake OH PD,
Reardan WA PD,Reardan WA PD,
Georgia Attorney General's Office  - GA,Office of the Attorney General (GA) - Flex,Carroll County GA SO
Eastpointe MI PD,Eastpointe MI PD,Carroll County GA SO
Northville Twp MI PD,Northville Twp MI PD,
Brent AL PD,Brent AL PD,Carroll County GA SO
Sioux City IA PD,Sioux City IA PD,Carroll County GA SO
Fayette County IN SO,"Fayette County IN Prosecutors Office,Fayette County IN SO,TNT Drug Task Force IN",
TX - Vernon PD,Vernon PD (TX),
Michigan State Police,Michigan State Police,
Fairfield County SC SO,"Fairfield County SC SO,Fairfield County SC SO (Flex)",
Gardendale AL PD,Gardendale AL PD,Carroll County GA SO
Randolph County AR SO ,Randolph County AR SO ,
Johnston IA PD,Johnston IA PD,
Farmington MO PD,Farmington MO PD,
Farmersville TX PD ,Farmersville TX PD ,
Lyons GA PD,"Lyons GA PD,Lyons GA PD (Condor)",Carroll County GA SO
Georgia Southern University PD (GA),Georgia Southern University PD (GA),Carroll County GA SO
Waxhaw NC PD,Waxhaw NC PD,Carroll County GA SO
Concordia KS PD,Concordia KS PD,
Round Rock TX PD,"Round Rock TX PD (Falcon Flex) ,Round Rock TX PD",Carroll County GA SO
South Russell OH PD ,South Russell OH PD,
Clayton NC PD ,"Clayton NC PD (Flex),Clayton NC PD",
Kennesaw GA PD,Kennesaw GA PD,Carroll County GA SO
Westchester IL PD,Westchester IL PD,
Bixby OK PD,Bixby PD (OK),Carroll County GA SO
Foley AL PD,Foley AL PD,Carroll County GA SO
"Public Service Authority, Santee Cooper Law Enforcement Division (SC)","Public Service Authority, Santee Cooper Law Enforcement Division (SC)",
Logan County NE SO,Logan County NE SO,
Wyandot County OH SO,Wyandot County OH SO,Carroll County GA SO
Union City IN PD,Union City IN PD,
Pocatello ID PD,Pocatello ID PD,
Crisp County GA SO,"Crisp County GA SO,Crisp County GA SO Condor,GA-Crisp County SO Wing",Carroll County GA SO
Miramar FL PD,Miramar FL PD,
Easley SC PD,Easley SC PD,Carroll County GA SO
Edinburg TX PD,Edinburg TX PD,
Humble TX PD,Humble TX PD,Carroll County GA SO
Clio MI PD,Clio MI PD,
Paducah KY PD,"Paducah PD KY,Paducah KY PD (Flex)",Carroll County GA SO
Memphis Intl Airport,TN - Memphis Intl Airport,Carroll County GA SO
Rocky Mount NC PD,"Rocky Mount NC PD,Rocky Mount NC PD (Falcon LR)",
Laporte County IN SO ,Indiana HIDTA (LaPorte County SO),
Bowling Green KY PD,Bowling Green KY PD,Carroll County GA SO
Dayton TN PD,"Dayton TN PD (Condor),Dayton TN PD",Carroll County GA SO
Tift County GA SO,Tift County GA SO,Carroll County GA SO
City of Oak Ridge North TX PD,Oak Ridge North TX PD (LPR),
OH - U.S.23 Major Crimes Task Force,U.S. 23 Major Crimes Task Force OH,Carroll County GA SO
Henry County AL SO,Henry County AL SO,Carroll County GA SO
Winder GA PD,"Winder GA PD,Winder GA PD (FLEX) ",Carroll County GA SO
Broadview Heights OH PD,Broadview Heights OH PD,
Metro Police Authority of Genesee County MI,Metro Police Authority of Genesee County,
North Manchester IN PD ,North Manchester IN PD ,
Carlsbad NM PD,Carlsbad PD (NM),
Hartselle AL PD,Hartselle AL PD,Carroll County GA SO
Columbus Regional Airport Authority OH PD,Columbus Regional Airport Authority OH PD,
Augusta KS DPS,Augusta KS DPS,
Lakeside Park-Crestview Hills KY PD,Lakeside Park-Crestview Hills KY PD,Carroll County GA SO
Hume PD IL ,Hume PD IL ,
Lincoln County SO NE,Lincoln County SO NE,Carroll County GA SO
Minster OH PD,Minster OH PD,Carroll County GA SO
Fargo ND PD,Fargo ND PD,
OH - Preservation Parks of Delaware County,Delaware County Park PD OH,Carroll County GA SO
Putnam County GA SO,Putnam County GA SO,Carroll County GA SO
Aubrey TX PD,"Providence Village (TX),Aubrey TX PD (Falcon Flex) ,Aubrey TX PD",
Harris County GA SO,"Harris County GA SO Falcon Flex,Harris County GA SO",Carroll County GA SO
Herrin IL PD,Herrin IL PD,
Shelby County IN SO,Shelby County IN SO,
Vestal Town NY PD,Vestal Town NY PD,
Sisseton SD PD,Sisseton SD PD,
La Vergne TN PD,La Vergne TN PD,Carroll County GA SO
Milford MI PD,Milford MI PD,
Greendale IN PD,Greendale IN PD,
CVG Airport KY PD,CVG Airport KY PD,Carroll County GA SO
MS - Philadelphia PD,Philadelphia PD Falcon Cams (MS),
Revere MA PD,"The Squire (MA),Revere MA PD",
Independence KY PD,Independence KY PD,Carroll County GA SO
Oakbrook Terrace IL PD,Oakbrook Terrace IL PD,
Kansas Highway Patrol,Kansas Highway Patrol ,
Lake Mary FL PD,Lake Mary FL PD,Carroll County GA SO
Wayne County TN SO,Wayne County SO (TN),Carroll County GA SO
Quapaw Nation OK Marshals Service,Quapaw Nation Marshals Service (OK),
Putnam CT PD,Putnam CT PD,
Town & Country MO PD,Town & Country MO PD,
Mooresville IN PD,Mooresville IN PD,
Shelby County TN SO,"Shelby County TN SO,Lakeland TN,Town of Arlington (TN)",Carroll County GA SO
Clark County OH SO,Clark County OH SO,Carroll County GA SO
Covington LA PD,Covington LA PD,
Delphi IN PD,Delphi IN PD,
Old Westbury Village NY PD,Old Westbury Village NY PD,Carroll County GA SO
Butler Township OH PD,Butler Township OH PD,Carroll County GA SO
Chaves County NM SO,Chaves County NM SO,
Gadsden County FL SO,"Gadsden County FL SO ,Gadsden County FL SO (Flex)",Carroll County GA SO
Oak Ridge TN PD ,Oak Ridge TN PD,Carroll County GA SO
Sealy TX PD ,Sealy TX PD ,
Liberty County GA SO,Liberty County GA SO ,Carroll County GA SO
Westworth Village TX PD,Westworth Village TX PD ,Carroll County GA SO
North Ridgeville OH PD,North Ridgeville OH PD,Carroll County GA SO
Jasper AL PD,Jasper AL PD,
Cooke County TX SO ,"Cooke County TX SO - LPR,Cooke County TX SO - Flex LPR",
Bryan County GA SO,Bryan County GA SO,Carroll County GA SO
Greenport Town NY PD,"Greenport Town NY PD,Greenport Town NY PD (Flex)",
Canon City CO PD,Canon City CO PD,
Medina County OH SO,Medina County OH SO,
Sumter County FL SO,"Sumter County FL SO,Sumter County FL SO (Flex)",
Hudson WI PD,Hudson WI PD,
Warson Woods MO PD ,Warson Woods MO PD,
Eastern Adams Regional PA PD,Eastern Adams Regional PA PD,
Fitzgerald GA PD,Fitzgerald GA PD - Falcon,Carroll County GA SO
Chaffee County CO SO,Chaffee County CO SO,Carroll County GA SO
Troy MI PD ,Troy MI PD,
Oneida WI PD,Oneida WI PD,
OH - Oakwood PD,Oakwood PD OH,
Two Rivers WI PD,Two Rivers WI PD,
MS - Flowood PD,Flowood MS PD (LPR),Carroll County GA SO
Lakemore OH PD,Lakemore OH PD,
Calhoun County MI SO,"Calhoun County MI SO (FLEX),Calhoun County MI SO",
Vanderburgh County IN SO ,Vanderburgh County IN SO ,
Tarpon Springs FL PD,"Tarpon Springs FL PD,Tarpon Springs PD - Wing,Tarpon Springs FL PD (Flex)",Carroll County GA SO
Manchester TN PD,Manchester TN PD,
Durango CO PD,Durango CO PD,Carroll County GA SO
Twiggs County GA SO ,Twiggs County GA SO ,Carroll County GA SO
Burke County GA SO,Burke County GA SO,
Garrard County KY SO,Garrard County KY SO,Carroll County GA SO
Ashland KY PD,Ashland KY PD,
Boone County IN SO,Boone County IN SO,
Springfield GA PD,Springfield GA PD ,Carroll County GA SO
Sangamon County IL SO,Sangamon County IL SO ,
West Tawakoni TX PD ,West Tawakoni TX PD,
Tarrant AL PD,Tarrant AL PD,
Statesboro GA PD,"Statesboro GA PD (Flex),Statesboro GA PD,Statesboro GA PD (Raven)",Carroll County GA SO
Anderson County SC SO,Anderson County SC SO,
Valdosta State University GA PD,Valdosta State Univ GA PD,Carroll County GA SO
Laurel DE PD,Laurel DE PD,
Beverly MA PD,Beverly MA PD,
Echols County GA SO,Echols County GA SO,Carroll County GA SO
Sumpter Twp MI PD,Sumpter Twp MI PD,
Bluffton SC PD ,Bluffton SC PD ,Carroll County GA SO
Town of West Blocton AL PD,Town of West Blocton AL PD,Carroll County GA SO
Smyrna TN PD,Smyrna TN PD,Carroll County GA SO
Leon County FL SO,Leon County FL SO,
Carthage MS PD,Carthage MS PD,
Rincon GA PD,Rincon GA PD,Carroll County GA SO
Bellbrook OH PD ,Bellbrook OH PD,
Plymouth MI PD,Plymouth MI PD (LPR),
Union Township PD (Clermont Co) - OH,Union Township OH (Clermont Co) PD,Carroll County GA SO
Bethlehem PA PD,"Bethlehem PA PD (Flex),Bethlehem PA PD,Bethlehem PA PD (Wing)",
Douglas County IL SO,Douglas County IL SO,
Calumet County WI SO,Calumet County WI SO,
Rock County WI SO,"Rock County WI SO,Rock County WI SO (Flex)",Carroll County GA SO
Collierville TN PD,"Collierville TN PD FLEX,Collierville TN PD",Carroll County GA SO
Cook County GA SO,Cook County GA SO ,Carroll County GA SO
Hannibal MO PD,Hannibal MO PD,
Elgin SC PD,Elgin SC PD,
Jackson County NC SO,"Jackson County NC SO - Falcon Flex,Jackson County NC SO",
Joplin MO PD,Joplin MO PD,Carroll County GA SO
Carolina Beach NC PD ,Carolina Beach NC PD,Carroll County GA SO
Bowling Green Warren County Drug Task Force KY,Bowling Green Warren County Drug Task Force KY,Carroll County GA SO
Iowa State University IA PD,Iowa State University Campus Police,
Greenwood IN PD,Greenwood IN PD,Carroll County GA SO
Robstown TX PD,Robstown TX PD,Carroll County GA SO
Mooresville NC PD,"Mooresville NC PD Condors,Mooresville NC PD",Carroll County GA SO
Warren County OH SO,"South Lebanon OH (Warren Co),Warren County OH SO",Carroll County GA SO
Lineville AL PD,Lineville AL PD,Carroll County GA SO
OH - Willard PD,Willard PD OH,
Clarksville IN PD,Clarksville PD IN,Carroll County GA SO
Henry County IN SO,Henry County IN SO,Carroll County GA SO
Oconee County GA SO,Oconee County GA SO,Carroll County GA SO
Clinton TN PD,Clinton TN PD,Carroll County GA SO
Lapel IN PD,Lapel IN PD,
Doraville GA PD,"Doraville GA PD (Condor),Doraville GA PD (Trailer),Doraville GA PD",Carroll County GA SO
Town of Newburgh NY PD,Town of Newburgh NY PD,Carroll County GA SO
University of Georgia GA PD,University of Georgia GA PD ,Carroll County GA SO
Lake St. Louis MO PD,Lake St. Louis MO PD,Carroll County GA SO
Davidson County NC SO,Davidson County NC SO,Carroll County GA SO
Carrollton TX PD,"Carrollton TX PD,Carrollton TX PD - Parks ",
Gainesville GA PD,"Gainesville GA PD,Gainesville PD (GA) Flex",Carroll County GA SO
St. Johns County FL SO,"St. Johns County FL SO (LR),St. Johns County FL SO",Carroll County GA SO
Venice FL PD,Venice FL PD ,Carroll County GA SO
Paris KY PD,Paris KY PD,
Elmore OH PD,Elmore OH PD,
Redford Twp MI PD,Redford Twp MI PD,
Horry County SC PD,Horry County SC PD,
Marion County OH SO,Marion County OH SO,Carroll County GA SO
Thomas County GA SO,Thomas County GA SO ,Carroll County GA SO
Copiah County MS SO,Copiah County SO Flex Cams (MS),
Pickens County SC SO,Pickens County SC SO,Carroll County GA SO
St. Clair County MI SO,St. Clair County MI SO,
Cheviot OH PD,Cheviot OH PD,
Greenwood Independent School District TX ,Greenwood Independent School District TX ,
Willoughby OH PD,Willoughby OH PD,
Fort Oglethorpe GA PD,Fort Oglethorpe GA PD,Carroll County GA SO
Monroe NC PD,Monroe NC PD,Carroll County GA SO
Morehead KY PD,Morehead KY PD,Carroll County GA SO
McKinney TX PD,"McKinney TX PD - LPR Ubicquia,McKinney TX PD",Carroll County GA SO
Cuyahoga Heights OH PD,Cuyahoga Heights OH PD,
Indian River County FL SO,Indian River County FL SO,
Selma NC PD,Selma NC PD ,Carroll County GA SO
Salem OH PD,Salem OH PD,
Louisville OH PD,Louisville OH PD,
Laurens SC PD,Laurens SC PD,
Greenbrier TN PD,Greenbrier TN PD,
Lone Tree CO PD,"Lone Tree CO PD (FalconHwy),Lone Tree CO PD",
Opelika AL PD,Opelika AL PD,Carroll County GA SO
Livingston TX PD,Livingston TX PD,
Lantana FL PD,"Lantana FL PD Flex,Lantana FL PD",Carroll County GA SO
Jacksonville Beach FL PD,Jacksonville Beach FL PD,Carroll County GA SO
MS - Biloxi PD,Biloxi PD (MS),Carroll County GA SO
Sour Lake TX PD,Sour Lake TX PD,
Brook Park OH PD,Brook Park OH PD,
Vernon County WI SO,"Vernon County WI SO Flex,Vernon County WI SO",Carroll County GA SO
Southern Regl PA PD,Southern Regl PA PD,Carroll County GA SO
Gilbert AZ PD,AZ - Gilbert PD,
Colbert County AL SO,Colbert County AL SO,
Golf Manor OH PD,Golf Manor OH PD,Carroll County GA SO
Alpharetta GA PD,"Alpharetta GA PD,Alpharetta GA PD - RedSpeed",Carroll County GA SO
Rockport TX PD ,Rockport TX PD,
Bessemer AL PD,Bessemer AL PD,Carroll County GA SO
Markle IN PD,Markle IN PD,
Effingham County GA SO,Effingham County SO (GA),Carroll County GA SO
Anthony TX PD,Anthony TX PD ,
Highland Park MI PD,"Highland Park MI PD (FLEX),Highland Park MI PD",
Oakwood GA PD,Oakwood GA PD,Carroll County GA SO
Green Lake County WI SO,Green Lake County WI SO (LPR),
Jasper County Sheriff IA ,Jasper County Sheriff IA,
West Lafayette IN PD,West Lafayette IN PD,Carroll County GA SO
Worth County GA SO,Worth County GA SO,Carroll County GA SO
Derby KS PD,Derby KS PD,
Mauldin SC PD,Mauldin SC PD ,Carroll County GA SO
Laurens County SC SO,Laurens County SC SO,Carroll County GA SO
Indiana Department of Natural Resources,Indiana Department of Natural Resources,
Wilkes County GA SO,Wilkes County GA SO ,Carroll County GA SO
Quincy MA PD ,Quincy MA PD,
Treasure Island FL PD,Treasure Island FL PD,
Melbourne FL PD,Melbourne FL PD,Carroll County GA SO
Linden IN PD,Linden IN PD,
Stamping Ground KY PD,Stamping Ground KY PD,
Onalaska TX PD ,Onalaska TX PD ,
Auburn NY PD,Auburn City NY PD,Carroll County GA SO
Deer Park TX PD,Deer Park TX PD ,
Athens IL PD,Athens IL PD,
Plainfield IN PD,Plainfield IN PD,
Rocky River OH PD,Rocky River OH PD,
Athens-Clarke County GA PD,Athens Clarke County GA PD,Carroll County GA SO
[Federal] Wright Patterson OH Air Force Base,Wright Patterson OH Air Force Base - Falcon,Carroll County GA SO
Crawford County MO,Crawford County MO SO,
Van Alstyne TX PD,Van Alstyne TX PD ,
Manchester MO PD,Manchester MO PD,Carroll County GA SO
Reedsburg WI PD,Reedsburg WI PD,
Fairfield Glade TN PD,Fairfield Glade TN PD,
Hilton Head Island SC,Hilton Head Island SC,
Mercer County OH SO,Mercer County OH SO,
Memphis TN PD,Memphis TN PD - Wing LPR Test,
Franklin County KY SO,Franklin County KY SO,
Kernersville NC PD,Kernersville NC PD,Carroll County GA SO
Greenville County SC SO,"Greenville County SC SO -Falcon Flex,Greenville County SC SO",Carroll County GA SO
Chanute KS PD,Chanute KS PD,Carroll County GA SO
Gary IN PD,Gary IN PD,
Hueytown AL PD,Hueytown AL PD,Carroll County GA SO
Lumpkin County SO GA,Lumpkin County SO (GA),Carroll County GA SO
New Haven IN PD,New Haven PD IN,Carroll County GA SO
Elmore County AL SO,Elmore County AL SO,Carroll County GA SO
Thornton CO PD,Thornton CO PD,Carroll County GA SO
Huntsville AL PD,"Huntsville AL PD,Huntsville AL PD - I-565 Cameras",Carroll County GA SO
West Bend WI PD,West Bend WI PD,
Crystal City MO PD,Crystal City MO PD,
Warren County KY SO,Warren County KY SO,Carroll County GA SO
Lynbrook Village NY PD,Lynbrook Village NY PD,
Des Peres MO DPS,Des Peres MO DPS,
OK - Jones PD,Jones PD (OK),
Knox County TN SO,Knox County TN SO,Carroll County GA SO
Panama City FL PD,"Panama City FL PD (Flex),Panama City FL PD",Carroll County GA SO
Hebron IN PD,Hebron IN PD,
Angier NC PD,Angier NC PD,Carroll County GA SO
Vincennes IN PD,Vincennes IN PD,Carroll County GA SO
Irondale AL PD,Irondale AL PD,Carroll County GA SO
Clearwater FL PD,Clearwater FL PD,Carroll County GA SO
Brunswick County NC SO,Brunswick County NC SO,Carroll County GA SO
Bogata TX PD ,Bogata TX PD ,
City of Delavan WI PD,City of Delavan WI PD,
Jackson County FL SO,Jackson County FL SO,
Arcola IL PD,Arcola IL PD (LPR),
Baytown TX PD,Baytown TX PD ,
Wabash County IN SO,"Wabash County IN SO (Flex),Wabash County IN SO",Carroll County GA SO
North Richland Hills TX PD,"North Richland Hills TX PD Flex,North Richland Hills TX PD",
Southaven MS PD,Southaven MS PD,
Jefferson County OH SO,Jefferson County OH SO,
Ellettsville IN PD,Ellettsville IN PD,
Sun Valley PD ID ,Sun Valley PD ID ,Carroll County GA SO
Oxford AL PD,Oxford AL PD,Carroll County GA SO
Sevierville TN PD,Sevierville TN PD,
Crawfordsville IN PD,Crawfordsville IN PD,
Nicholasville KY PD,Nicholasville KY PD,Carroll County GA SO
Madison Heights MI PD,"Madison Heights MI PD Condors,Madison Heights MI PD",
Port St. Lucie FL PD,Port St. Lucie FL PD,
Reeds Spring MO PD,Reeds Spring MO PD,
Baker LA PD ,Baker LA PD,
Saint Croix Falls WI PD,Saint Croix Falls WI PD,
Sikeston MO DPS,Sikeston MO PD,Carroll County GA SO
Zionsville IN PD,Zionsville IN PD,Carroll County GA SO
Cumberland Metro IN PD,Cumberland Metro IN PD,Carroll County GA SO
Tilton IL PD,Tilton IL PD,
Lindale TX PD,Lindale TX PD,
Paris TN PD,Paris TN PD,Carroll County GA SO
Cherokee County AL SO,Cherokee County AL SO,Carroll County GA SO
Pittsburg KS PD,Pittsburg KS PD ,
City of Hurstbourne (KY),City of Hurstbourne (KY),
Griffin GA PD,"Griffin GA PD - Flex,Griffin GA PD - Falcon",Carroll County GA SO
Licking County OH SO,"Licking County OH SO (FLEX),Licking County OH SO",Carroll County GA SO
Galveston TX PD,Galveston TX PD (LPR),
North County Cooperative MO PD,"City of Wellston MO - North County Coop MO PD,City of Dellwood MO - North County Coop MO PD,City of Vinita Park MO - North County Coop MO PD",Carroll County GA SO
Gulf Stream FL PD,Gulf Stream FL PD,Carroll County GA SO
Columbia County NY SO,Columbia County NY SO,
Plant City FL PD,Plant City FL PD,
Northport AL PD,Northport AL PD,
Marble Falls TX PD,"Marble Falls TX PD,Marble Falls TX PD (Condor)",
Atlantic Beach FL PD,Atlantic Beach FL PD,Carroll County GA SO
Pitt County NC SO,"Pitt County NC SO,Pitt County NC SO (Flex)",Carroll County GA SO
Reading OH PD,Reading OH PD,
Rockwood TN PD,Rockwood TN PD,Carroll County GA SO
South Central MO Drug Task Force,South Central MO Drug Task Force,
Iredell County NC SO,Iredell County NC SO,Carroll County GA SO
Highland IN PD,Highland IN PD,
Seneca SC PD,Seneca SC PD,Carroll County GA SO
Pine Bluff AR PD,"Pine Bluff AR PD (Condor),Pine Bluff AR PD",
Maggie Valley NC PD,Maggie Valley NC PD,Carroll County GA SO
Knox County SO NE,Knox County SO NE,
OH - Metroparks Toledo,Metroparks Toledo OH,
Florence County SC SO,"Florence County SC Sheriff's Office,Florence County SC SO (Flex)",Carroll County GA SO
Hackleburg AL PD,Hackleburg AL PD,Carroll County GA SO
Crowley TX PD,Crowley TX PD,Carroll County GA SO
Crawford County WI SO,Crawford County WI SO,
North College Hill OH PD,North College Hill OH PD,
Texarkana TX PD,Texarkana TX PD,
Fulton IL PD,Fulton IL PD,
WakeMed Campus PD and Public Safety (NC),WakeMed Campus PD & Public Safety (NC),
Chatham IL PD,"Chatham IL PD Condors,Chatham IL PD (Flex),Chatham IL PD",
Gulfport MS PD,Gulfport MS PD ,Carroll County GA SO
Berea KY PD,Berea KY PD,
Trussville AL PD,Trussville AL PD,Carroll County GA SO
Lee's Summit MO PD,Lee's Summit MO PD,
Simpsonville KY PD,Simpsonville KY PD,
Stanley NC PD,Stanley NC PD,
Sullivan County TN SO,Sullivan County TN SO,Carroll County GA SO
Meriwether County GA SO,"Meriwether County GA SO (FLEX) ,Meriwether County GA SO",Carroll County GA SO
Ward AR PD,Ward AR PD,
Long County GA SO,Long County GA SO,Carroll County GA SO
Bristol CT PD,Bristol CT PD,
Newton County MS SO,Newton County MS SO,Carroll County GA SO
Village of Clearview WV PD,Village of Clearview WV PD,Carroll County GA SO
Georgia State Patrol GA PD,Georgia State Patrol GA PD,Carroll County GA SO
Union County NC SO,"Union County NC SO (Flex),Union County NC SO",
Cocoa FL PD,Cocoa FL PD,Carroll County GA SO
Belmont NC PD,Belmont NC PD,Carroll County GA SO
Franklin Township PA PD,Franklin Township PA PD,
Rutherford County NC SO,Rutherford County NC SO,Carroll County GA SO
Blount County Commission (AL),Blount County Commission (AL),Carroll County GA SO
Saratoga Springs NY PD,Saratoga Springs NY PD,
Vance AL PD,Vance AL PD,
Woodstock AL PD,Woodstock AL PD,
Walterboro SC PD,Walterboro SC PD,
Goose Creek SC PD ,Goose Creek SC PD ,Carroll County GA SO
Fuquay-Varina NC PD,Fuquay Varina NC PD,Carroll County GA SO
Coolidge AZ PD,Coolidge AZ PD,
Green Island NY PD,Green Island NY PD,
Jefferson County KY SO,Jefferson County KY SO,Carroll County GA SO
Bridgeport Township MI PD,Bridgeport Twp PD MI,
 Germantown OH PD,Germantown OH PD,Carroll County GA SO
Kenosha County WI SO,Kenosha County WI SO,
Thunderbolt GA PD,Thunderbolt GA PD,Carroll County GA SO
Centralia IL PD,Centralia IL PD ,
Sugarcreek Township OH PD,Sugarcreek Township OH PD,
Southmayd TX PD ,Southmayd TX PD ,
Hempstead Village NY PD,Hempstead Village NY PD,Carroll County GA SO
Keller TX PD ,Keller TX PD ,
Pittsboro IN PD,Pittsboro IN PD,Carroll County GA SO
Royal Oak MI PD,Royal Oak MI PD,
Amberley Village OH PD,Amberley Village OH PD - LPR,
Taylor County GA SO ,Taylor County GA SO ,Carroll County GA SO
Gulfport FL PD,Gulfport FL PD,Carroll County GA SO
Chippewa PA PD,Chippewa Twp PA PD,Carroll County GA SO
Monroe County MI SO ,Monroe County MI SO,Carroll County GA SO
West Buechel KY PD,West Buechel KY PD,
West Fargo ND PD,West Fargo ND PD ,
OH - Williamsburg PD,Williamsburg PD OH,
Lenox GA PD ,Lenox GA PD ,Carroll County GA SO
Olive Branch MS PD,Olive Branch MS PD,Carroll County GA SO
Fort Loramie OH PD,Fort Loramie OH PD,Carroll County GA SO
Vernon Parish LA SO,Vernon Parish LA SO,Carroll County GA SO
Lexington SC PD,Lexington SC PD,Carroll County GA SO
Boone County IL SO,"Boone Co. IL SO,Boone Co. IL SO (Flex)",Carroll County GA SO
Milton MA PD ,Milton MA PD ,
Mentor OH PD,Mentor OH PD,
Liberty Hill TX PD,Liberty Hill TX PD,
Tyrone GA PD,Tyrone GA PD,Carroll County GA SO
Lowndes County GA SO,Lowndes County GA SO ,Carroll County GA SO
Town of Campbell WI PD,Town of Campbell WI PD,
Connersville IN PD,Connersville IN PD,
Roman Forest TX PD ,Roman Forest TX PD ,
Sharonville OH PD,Sharonville OH PD,Carroll County GA SO
Holly Hill FL PD,Holly Hill FL PD,
Douglas County NE SO,Douglas County NE SO,
Troup County GA SO,Troup County GA SO,Carroll County GA SO
Hendersonville NC PD,Hendersonville NC PD,Carroll County GA SO
Missouri Department of Public Safety,Missouri Department of Public Safety,
Liberty MO PD,Liberty MO PD,
Saline County IL SO,Saline County IL SO,Carroll County GA SO
Duluth GA PD,"Duluth GA PD,Duluth GA PD - RedSpeed",Carroll County GA SO
Shepherdsville KY PD,Shepherdsville KY PD,Carroll County GA SO
Scottsbluff NE PD,Scottsbluff NE PD,
Summerset SD PD,Summerset SD PD,Carroll County GA SO
Park Hills MO PD,Park Hills MO PD,
Sauk Prairie WI PD,Sauk Prairie WI PD,Carroll County GA SO
Adel GA PD ,Adel GA PD ,Carroll County GA SO
Lancaster SC PD,"Lancaster SC PD,Lancaster SC PD (Flex)",Carroll County GA SO
Washington MO PD,Washington MO PD,
Shelby County IL SO,Shelby County IL SO,
Cherokee County GA SO,"Cherokee County GA SO (Flex),Cherokee County GA SO (Condor),Cherokee County GA SO",Carroll County GA SO
Lawrence District Attorney PA,Lawrence District Attorney PA (Flex),
Macon County AL SO,Macon County SO AL,
Yancey County NC SO,"Yancey County NC SO,Yancey County NC SO (Flex)",Carroll County GA SO
Florence Co. WI SO,Florence County WI SO,
Hopkinsville KY PD,Hopkinsville KY PD,Carroll County GA SO
Wolverine Lake MI PD,Wolverine Lake MI PD,
Capitan NM PD,Capitan NM PD,
Moore County NC SO,Moore County NC SO,Carroll County GA SO
TX - Cuero PD,Cuero PD (TX),
Rusk CO TX SO,"Rusk County SO (TX) LPR,Rusk County SO (TX) Flex LPR",
Alexandria IN PD,Alexandria IN PD,
Dallas GA PD,"Dallas GA PD (Condor),Dallas GA PD",Carroll County GA SO
Toledo OH PD,"Toledo OH PD (Flex),Toledo OH PD",
Wright City MO PD,Wright City MO PD,
Adairville KY PD,Adairville KY PD,Carroll County GA SO
Ottawa County MI SO,Ottawa County MI SO,
Ulysses KS PD,Ulysses KS PD,
Fort Wayne IN PD ,"Fort Wayne PD (IN),Fort Wayne IN PD (Flex)",
OK - Idabel PD,Idabel PD (OK),
Union Pacific Railroad PD,Union Pacific RR PD (Flex),
Madisonville KY PD,"Madisonville KY PD,Madisonville KY PD (Flex)",Carroll County GA SO
Trenton IL PD,Trenton IL PD,
Georgetown IL PD,Georgetown IL PD,
Utica City NY PD,Utica City NY PD,
Lexington KY PD,Lexington KY PD,Carroll County GA SO
Addison TX PD,Addison TX PD,
St. Joseph County SO IN,St. Joseph County SO IN,
Denton County TX SO,Denton County TX SO ,
Kingston Springs TN PD,Kingston Springs TN PD,Carroll County GA SO
Emerson GA PD,Emerson GA PD,Carroll County GA SO
Defuniak Springs FL PD,Defuniak Springs FL PD,Carroll County GA SO
Harvey County KS SO,Harvey County KS SO ,Carroll County GA SO
Seguin TX PD,Seguin TX PD,Carroll County GA SO
City of West TX PD,City of West PD TX ,
Newberry County SC SO ,Newberry County SC SO ,Carroll County GA SO
Sarasota FL PD,Sarasota FL PD,Carroll County GA SO
Duncan SC PD,Duncan SC PD,Carroll County GA SO
Fort Walton Beach FL PD,"Fort Walton Beach FL PD,Fort Walton Beach FL PD (Flex)",Carroll County GA SO
Mar Mac IA PD,Mar-Mac IA PD ,
Johnson County TN SO,Johnson County TN SO,Carroll County GA SO
Suwanee GA PD,"Suwanee GA PD,Suwanee GA PD - Wing",Carroll County GA SO
OH - Stark Parks Public Safety,Stark Parks Public Safety OH,
Burlington IA PD,Burlington PD (IA),
Glendale OH PD,"Glendale OH PD,Glendale OH PD",Carroll County GA SO
Holland MI PD,Holland MI PD,
Tallapoosa GA PD,Tallapoosa GA PD,Carroll County GA SO
Dougherty County GA PD ,"Dougherty County GA PD (Condors),Dougherty County GA PD ",Carroll County GA SO
Berlin CT PD,Berlin CT PD,
Columbus GA PD,"Columbus PD Falcon Flex (GA),Columbus GA PD - Redspeed,Columbus GA PD",Carroll County GA SO
Gray GA PD ,Gray GA PD ,Carroll County GA SO
LaGrange GA PD,"LaGrange GA PD,LaGrange GA PD - Redspeed",Carroll County GA SO
Forest Park OH PD,Forest Park OH PD,
Medicine Lodge KS PD,Medicine Lodge KS PD,Carroll County GA SO
Ferdinand IN PD,Ferdinand IN PD,
Guilderland NY PD ,Guilderland NY PD ,
Dublin OH PD,"Dublin OH PD,Dublin OH PD (FLEX)",Carroll County GA SO
Fishers IN PD,"Fishers IN PD (Condor),Fishers IN PD",Carroll County GA SO
Martin County TX SO,Martin County TX SO,
Remerton GA PD,Remerton GA PD,Carroll County GA SO
Benton County WA SO,Benton County WA SO,Carroll County GA SO
Harris County Const TX Pct 4,Heatherloch MUD TX,
South Portland ME PD,South Portland ME PD,
Sumter County SC SO,"SC - Sumter Co Sheriff's Office (Flex),SC - Sumter Co Sheriff's Office",Carroll County GA SO
Glasgow KY PD,Glasgow KY PD,Carroll County GA SO
Portage MI PD,Portage MI PD,
University of Louisville KY PD,"University of Louisville KY PD,University of Louisville KY PD (Flex)",
Antigo WI PD,Antigo WI PD,
Washington County SO - GA ,Washington County GA SO,Carroll County GA SO
Garden City MI PD,Garden City MI PD ,Carroll County GA SO
Platte County MO SO,Platte County MO SO,
Wooster OH PD,Wooster OH PD,
Mason PD - OH,Mason OH PD,Carroll County GA SO
Cabot AR PD,Cabot AR PD,Carroll County GA SO
Coshocton County OH SO,Coshocton County OH SO,Carroll County GA SO
Sylvania GA PD,Sylvania GA PD,Carroll County GA SO
Warren MI PD,Warren MI PD,Carroll County GA SO
Gosper County NE SO,Gosper County NE SO,
Alamogordo NM PD,Alamogordo NM PD,
Middleton WI PD,Middleton WI PD,
Whitewater WI PD,Whitewater WI PD,Carroll County GA SO
Rhea County TN SO,Rhea County TN SO,Carroll County GA SO
Luling TX PD,Luling TX PD,
Morgan County AL SO,Morgan County AL SO,Carroll County GA SO
St. John MO PD,St. John MO PD,
Locust Grove OK PD,Locust Grove OK PD,
Brevard County FL SO ,Brevard County FL SO ,Carroll County GA SO
Madison County NC SO,Madison County NC SO,Carroll County GA SO
Crestview FL PD,Crestview FL PD ,Carroll County GA SO
Port Fourchon Harbor LA PD,Port Fourchon Harbor LA PD,Carroll County GA SO
Oregon OH PD,Oregon Oh PD,
Lauderdale County AL SO,Lauderdale County AL SO,
Ellijay GA PD,Ellijay GA PD,Carroll County GA SO
Danville KY PD,Danville KY PD,Carroll County GA SO
Canton GA PD,Canton GA PD,Carroll County GA SO
Avon IN PD,Avon IN PD,Carroll County GA SO
Town of East Fishkill NY PD,Town of East Fishkill NY PD,
Oxford MS PD,Oxford MS PD,Carroll County GA SO
Lavon TX PD ,Lavon TX PD ,Carroll County GA SO
Terrell TX PD ,Terrell TX PD (LPR),
Lenoir City TN PD,Lenoir City TN PD,
Palestine TX PD,Palestine TX PD,
Hermitage PA PD,Hermitage PA PD,
Selma TX PD ,Selma TX PD,
Mount Pleasant SC PD,"Mount Pleasant SC PD (Flex),Mount Pleasant SC PD",Carroll County GA SO
Villa Rica GA PD,"Villa Rica GA PD (Flex),Villa Rica GA PD",Carroll County GA SO
Butler Township PA PD,Butler Township PA PD,Carroll County GA SO
Marion County MO SO,Marion County MO SO,
McCracken County KY SO,McCracken County KY SO,Carroll County GA SO
Anchorage KY PD,Anchorage KY PD,
St. Francois County MO SO,St. Francois County MO SO,
Hendricks County IN SO,Hendricks County IN SO,
Laurens County GA SO,Laurens County GA SO,Carroll County GA SO
Searcy AR PD ,Searcy AR PD ,
Sidney OH PD,Sidney OH PD,
Franklin GA PD,Franklin GA PD,Carroll County GA SO
Lafayette County MS SO,"Lafayette County MS SO,Lafayette County MS SO (Flex)",Carroll County GA SO
Madison GA PD,"Madison GA PD,Madison GA PD (Flex)",Carroll County GA SO
Manor TX PD,Manor TX PD,
Rochester IL PD,Rochester IL PD (Flex),
Warr Acres OK PD,Warr Acres OK PD,
Lincoln County NC SO,Lincoln County NC SO,
Berea OH PD,Berea OH PD,
Caney KS PD,Caney KS PD,
Missouri City TX PD,Missouri City TX PD,
Monroe GA PD,Monroe GA PD,Carroll County GA SO
Ladue MO PD,Ladue MO PD,Carroll County GA SO
Erlanger KY PD,Erlanger KY PD,Carroll County GA SO
Coweta County GA SO,"Coweta County GA SO - GSD,Coweta County GA SO,Coweta County GA SO (Condor),Coweta County GA SO - GSD (Temp)",Carroll County GA SO
Sedalia MO PD,Sedalia MO PD - Falcon,
Brooklet GA PD,Brooklet GA PD,Carroll County GA SO
Bowdon GA PD,"Bowdon GA PD,Bowdon GA PD (CONDOR)",Carroll County GA SO
Sheboygan WI PD,Sheboygan WI PD,Carroll County GA SO
Taylorsville KY PD,Taylorsville KY PD,
Blue Ash OH PD,Blue Ash OH PD,
Huron OH PD,Huron OH PD,
Florence SC PD,Florence SC PD,Carroll County GA SO
Smithfield NC PD,Smithfield PD (NC),Carroll County GA SO
Gainesville FL PD,Gainesville FL PD,Carroll County GA SO
Gilchrist County FL SO,Gilchrist County FL SO,Carroll County GA SO
Cicero IN PD,Cicero IN PD,
Indian Hills KY PD,Indian Hills KY PD,Carroll County GA SO
Huffman ISD TX PD,Huffman TX ISD PD ,
Lansing IL PD,Lansing IL PD ,
Terre Haute IN PD,"Terre Haute PD IN (Trailer),Terre Haute PD IN",Carroll County GA SO
Phenix City AL PD,Phenix City AL PD,Carroll County GA SO
Lamar County GA SO,"Lamar County SO GA,Lamar County SO GA Flex",Carroll County GA SO
Springfield MO PD,Springfield MO PD,Carroll County GA SO
Tyler TX PD,Tyler TX PD,
Hotchkiss CO PD,Hotchkiss CO PD,
Akron OH PD,Akron OH PD,
North Canton OH PD,North Canton OH PD,
Nolensville TN PD,Nolensville TN PD,
St. Lucie County FL SO,St. Lucie County FL SO,Carroll County GA SO
Fulton MS PD,Fulton MS PD,Carroll County GA SO
Bond County IL SO ,Bond County IL SO ,
Pontotoc MS PD,Pontotoc MS PD,Carroll County GA SO
Wheeler County NE SO ,Wheeler County NE SO,Carroll County GA SO
Dyersburg TN PD,Dyersburg TN PD,
Hancock County IN SO,Hancock County IN SO,Carroll County GA SO
New Hanover County NC SO,New Hanover County NC SO,Carroll County GA SO
Hart County GA SO,Hart County GA SO,Carroll County GA SO
Erwin TN PD,Erwin PD Flex Cams (TN),
Monroe MI PD,Monroe MI PD,Carroll County GA SO
Catawba Nation Tribal SC PD ,Catawba Nation Tribal SC PD ,
Helena AL PD,Helena AL PD,
D'Iberville MS PD,D'Iberville MS PD,
Lincoln County TN SO,Lincoln County SO (TN),Carroll County GA SO
Brunswick OH PD,Brunswick OH PD,
Moundridge KS PD,Moundridge PD (KS) Falcon Cameras,
Barry County SO MO,Barry County MO SO,
Fairview Park OH PD,Fairview Park OH PD,
Parker AZ PD,Parker AZ PD,
Alabaster AL PD,Alabaster AL PD,Carroll County GA SO
Fulton County IN SO ,Fulton County IN SO,
Slocomb AL PD,Slocomb AL PD,
Alexander AR PD,Alexander PD (AR),
Union City GA PD,Union City GA PD,Carroll County GA SO
Galena Park ISD TX PD,Galena Park ISD TX PD,
Morristown IN PD,Morristown IN PD,
Hickory NC PD,Hickory PD (NC),
Angleton PD TX,Angleton PD TX ,
Walton County FL SO,Walton County FL SO,Carroll County GA SO
Indian Hill OH PD,Indian Hill OH PD,
Johns Creek GA PD,Johns Creek GA PD,Carroll County GA SO
MS - Senatobia PD,Senatobia PD (MS),Carroll County GA SO
Alma GA PD,Alma GA PD (RedSpeed),
East Baton Rouge LA SO,East Baton Rouge Parish LA SO,
Hanover IN PD,Hanover IN PD,
Gahanna OH PD,Gahanna OH PD,Carroll County GA SO
Hamburg Village NY PD,"Hamburg Village NY PD,Hamburg Village NY PD (Flex)",
Kokomo IN PD,Kokomo IN PD,Carroll County GA SO
Saint Johns AZ PD,Saint Johns AZ PD,
Cocke County TN SO,Cocke County TN SO,
Niceville FL PD,Niceville FL PD,Carroll County GA SO
Tangipahoa Parish LA SO,Tangipahoa Parish LA SO,Carroll County GA SO
Lexington TN PD,Lexington TN PD,
FL- Sanford PD,Sanford FL PD,
Clay County TX SO ,Clay County TX SO ,
Lexington NC PD ,Lexington NC PD ,Carroll County GA SO
Reagan County TX SO ,Reagan County TX SO ,
Greer SC PD,Greer SC PD,Carroll County GA SO
Bethany Beach DE PD,Bethany Beach DE PD,
Florida State University Campus PD FL,Florida State University Campus PD FL,Carroll County GA SO
Spartanburg SC PD,"Spartanburg SC PD (Flex),Spartanburg SC PD",Carroll County GA SO
Marshall County Drug Task Force WV,Marshall County WV DTF - LPR,Carroll County GA SO
Auburn IN PD,Auburn IN PD,
Ardmore AL PD,Ardmore AL PD,
Niles OH PD,Niles OH PD,
Wilkinson County GA SO,Wilkinson County GA SO,Carroll County GA SO
Mauston WI PD ,Mauston WI PD ,
Lookout Mountain GA PD ,Lookout Mountain GA PD ,Carroll County GA SO
Charleston IL PD,Charleston IL PD,
Mountain City TN PD,Mountain City TN PD,Carroll County GA SO
Elon University NC PD,Elon University Campus PD,
Columbia County GA SO,"Columbia County GA SO Mobile Trailer,Columbia County GA SO",Carroll County GA SO
Breckenridge CO PD,Breckenridge CO PD,
Covington TN PD,Covington TN PD,
Vandalia OH PD,Vandalia OH PD,Carroll County GA SO
Texas Financial Crimes Intelligence Center,TX Financial Crimes Intelligence Center (Flex),
Harris County Const TX Pct 1 ,Harris County TX MUD No. 119 ,
Fairfield PD - OH ,Fairfield OH PD,Carroll County GA SO
Buncombe County NC SO,Buncombe County NC SO,Carroll County GA SO
Sandy Springs GA PD,"Sandy Springs GA PD Flex,Sandy Springs GA PD",Carroll County GA SO
Anderson County TN SO,Anderson County TN SO,Carroll County GA SO
Lake County FL SO,Lake County FL SO,Carroll County GA SO
Boone County AR SO,Boone County AR SO,
SUNY-Onondaga Community College Campus NY PD,SUNY-Onondaga Community College Campus NY PD,
Iberville Parish LA SO,Iberville LA SO,Carroll County GA SO
Bibb County SO GA,"Bibb County GA SO ,Bibb County GA SO (LR)",Carroll County GA SO
Madison County MS SO ,Madison County MS SO,Carroll County GA SO
Curry Co NM SO,Curry Co NM SO,
Waterville OH PD,Waterville OH PD,Carroll County GA SO
Warren OH PD,Warren OH PD,
Wood County WI SO,"Wood County WI SO,Wood County WI SO (FLEX)",
Kalamazoo Township MI PD,Kalamazoo Township MI PD,
Department of Natural Resources - GA,Georgia Department of Natural Resources (Falcon Flex),Carroll County GA SO
Suwannee County FL SO,Suwanee County FL SO,Carroll County GA SO
Morristown TN PD,Morristown TN PD,
Leesburg GA PD,"Leesburg GA PD,Leesburg GA PD - redspeed",Carroll County GA SO
University Circle OH PD,University Circle PD OH,
Rogers AR PD,Rogers AR PD,Carroll County GA SO
Marinette County SO (WI),Marinette County SO (WI),
La Paz County AZ SO,La Paz County AZ SO,Carroll County GA SO
Live Oak FL PD,Live Oak FL PD,Carroll County GA SO
Mt. Washington KY PD,Mt. Washington KY PD,Carroll County GA SO
Ocilla GA PD,Ocilla GA PD,Carroll County GA SO
Mahoning Twp PA PD,Mahoning Twp PA PD,Carroll County GA SO
Cactus TX PD ,Cactus TX PD ,
Chester Township OH PD,Chester Township PD OH,
Jefferson County SO IN,Jefferson County SO IN,
Gaston SC PD,"Gaston SC PD (Flex),Gaston SC PD",
Robertson County TN SO,Robertson County SO TN,Carroll County GA SO
Swainsboro GA PD,Swainsboro GA PD LPR,Carroll County GA SO
Braidwood IL PD,Braidwood IL PD,
White County TN SO,White County TN SO,
Kaukauna WI PD,Kaukauna WI PD,
Shelby County AL SO,Shelby County AL SO,Carroll County GA SO
Sylvania Township OH PD,Sylvania Township OH PD,
Calhoun County AL SO,Calhoun County AL SO,Carroll County GA SO
Milltown IN PD,Milltown IN PD,
Wartburg TN PD,Wartburg TN PD,Carroll County GA SO
Twinsburg OH PD,Twinsburg OH PD,
Quogue Village NY PD,Quogue Village NY PD,
Collier County FL SO,Collier County FL SO,
Ector County TX SO,Ector County TX SO,
Sylvania OH PD,Sylvania OH PD,
Lake City FL PD,"Lake City FL PD Raven,Lake City FL PD",Carroll County GA SO
IA - Eldridge PD,Eldridge PD (IA),
Decatur IN PD,Decatur IN PD,Carroll County GA SO
Washington County FL SO,Washington County FL SO,
Marion AR PD,Marion AR PD,
Glades County FL SO,"Glades County FL SO (Flex),Glades County FL SO",
Elm Grove WI PD,Elm Grove WI PD,
Metropolis IL PD,Metropolis IL PD,Carroll County GA SO
AL - Autauga County SO,Autauga County SO (AL),
Juneau County WI SO,Juneau County WI SO,
Crystal Springs MS PD,Crystal Springs MS PD,
Waller TX PD,Waller TX PD,
Clawson MI PD,Clawson MI PD,
Seminole County GA SO,Seminole County GA SO,Carroll County GA SO
Georgia Southwestern State University Campus PD ,Georgia Southwestern State University Campus PD ,Carroll County GA SO
Sevier County TN SO,Sevier County TN SO,Carroll County GA SO
Fairlawn OH PD,Fairlawn OH PD,Carroll County GA SO
Dearborn Heights MI PD,Dearborn Heights MI PD,
Sauk County WI SO,Sauk County WI SO ,
Republic MO PD,Republic MO PD,Carroll County GA SO
St. Clair County AL SO,St. Clair County AL SO,
AL- Clarke County SO,Clarke County SO (AL),
Fairfax OH PD,"Fairfax OH PD (Live View),Fairfax OH PD",Carroll County GA SO
El Cajon CA PD,EL Cajon CA PD,Carroll County GA SO
Marinette WI PD,Marinette WI PD,
Elizabeth CO PD,Elizabeth CO PD,
Tipp City OH PD,Tipp City OH PD,Carroll County GA SO
Fairfield CT PD,"Fairfield CT PD,Fairfield CT PD - Axis Wing LPR",
Southgate KY PD,Southgate KY PD,
Ozarks Drug Enforcement Team MO,Ozarks Drug Enforcement Team MO,
Belton MO PD,Belton MO PD,
Escambia County FL SO,Escambia County FL SO ,Carroll County GA SO
Reno TX PD,Reno TX PD,
Hoover AL PD,Hoover PD (AL),Carroll County GA SO
Rose Hill KS PD,Rose Hill KS PD,
Springfield TN PD ,Springfield TN PD ,
Collegedale TN PD,Collegedale TN PD,Carroll County GA SO
Johnson County TX SO,"Johnson County TX SO (Flex),Johnson County TX SO (WingLPR)",Carroll County GA SO
Hanceville AL PD,Hanceville AL PD,
Piperton TN PD,Piperton TN PD,Carroll County GA SO
Erie County OH SO,Erie County OH SO,
Newport KY PD,Newport KY PD,Carroll County GA SO
Vigo County IN SO,Vigo County IN SO,
St. Matthews KY PD,Saint Matthews KY PD,
Pea Ridge AR PD,Pea Ridge AR PD,Carroll County GA SO
Chambers County TX SO,Chambers County TX SO ,
Wisconsin State Capitol Police (WI),"Wisconsin State Capitol Police (WI),Wisconsin State Capitol Police (WI) FLEX",
Indian River Shores FL PD,Indian River Shores FL PD,
Union County GA SO,Union County GA SO,Carroll County GA SO
San Luis AZ PD,San Luis AZ PD,
Oxford GA PD,Oxford GA PD,Carroll County GA SO
Oviedo FL PD,Oviedo FL PD,Carroll County GA SO
Milan MI PD,Milan MI PD,
Homewood AL PD,Homewood AL PD*,Carroll County GA SO
Canton IL PD,Canton IL PD,
Milton IN PD,Milton IN PD,Carroll County GA SO
Reynolds GA PD,Reynolds GA PD,Carroll County GA SO
Deactivated,"Pearland TX PD (Flex),Shelby County AL SO Condors (DNU)",
MS - Wayne County SO,Wayne County SO (MS),
Overland MO PD,Overland MO PD,Carroll County GA SO
Cheatham County TN SO,Cheatham County TN SO,Carroll County GA SO
Clarkston GA PD,Clarkston GA PD,Carroll County GA SO
Fort Pierce FL PD,Fort Pierce FL PD,Carroll County GA SO
West Hartford CT PD,West Hartford CT PD,
Kane County Forest Preserve IL PD ,Kane County Forest Preserve IL PD ,
Jasper IN PD,Jasper IN PD,Carroll County GA SO
Huber Heights OH PD,Huber Heights OH PD,
Meridian Community College MS PD,Meridian Community College MS PD,
Berrien County MI SO,Berrien County MI SO,
Lodi WI PD,Lodi WI PD,
Miamisburg OH PD ,Miamisburg OH PD,
Jack County TX SO,Jack County TX SO ,Carroll County GA SO
Ozark MO PD,Ozark MO PD,
Walworth County WI SO,Walworth County WI SO,
Newton MS PD,Newton MS PD,
Pokagon Tribal MI PD,Pokagon Tribal MI PD,
Berkeley IL PD,Berkeley IL PD,
CSX Railroad PD,CSX Railroad TN PD,Carroll County GA SO
Tiverton RI PD,Tiverton RI PD,
Homer Village NY PD,"Homer Village NY PD (Flex),Homer Village NY PD",Carroll County GA SO
Walls MS PD,Walls MS PD ,Carroll County GA SO
Windcrest TX PD,Windcrest PD TX ,
Lyndhurst OH PD,Lyndhurst OH PD,
Vernon CT PD,Vernon CT PD,
Robeson County NC SO,Robeson County NC SO,Carroll County GA SO
The Colony TX PD,The Colony TX PD,
Lake Jackson TX PD,Lake Jackson TX PD,
Metter GA PD,Metter GA PD,Carroll County GA SO
Marion County WV SO,Marion County WV SO,Carroll County GA SO
Erath County TX SO ,Erath County TX SO ,
Mount Pleasant WI PD,Mount Pleasant WI PD,
Inc Village of Lake Success NY,Inc Village of Lake Success NY,
Altoona IA PD,Altoona IA PD,Carroll County GA SO
Scott City MO PD,Scott City MO PD,
Sumner County TN SO,Sumner County TN SO,Carroll County GA SO
Portage WI PD,Portage WI PD,
Cartersville GA PD,Cartersville GA PD,Carroll County GA SO
Frontenac KS PD,Frontenac KS PD ,
Champaign County IL SO,Champaign County IL SO,
Bienville Parish LA SO ,Bienville Parish LA SO,Carroll County GA SO
Clear Lake WI PD,Clear Lake WI PD,
Caswell County NC SO,Caswell County NC SO,Carroll County GA SO
Beech Grove IN PD,Beech Grove IN PD,
Columbus OH PD,Columbus OH PD,
Parke County IN SO,Parke County IN SO,Carroll County GA SO
Fairmont NC PD,Fairmont NC PD,Carroll County GA SO
Payson AZ PD,Payson AZ PD,
Fairfield Township OH PD,Fairfield Township OH PD,Carroll County GA SO
Monroe County TN SO,Monroe County TN SO (flex),Carroll County GA SO
El Dorado AR PD,El Dorado AR PD,Carroll County GA SO
Loudon TN PD,Loudon TN PD,Carroll County GA SO
Woodlawn OH PD,Woodlawn OH PD,Carroll County GA SO
Racine WI PD,Racine WI PD,
Groesbeck TX PD ,Groesbeck TX PD ,
Pearland TX PD ,Pearland (TX) PD,
Zanesville OH PD,Zanesville OH PD,Carroll County GA SO
Crossville TN PD,Crossville TN PD,Carroll County GA SO
Kimberling City MO PD,Kimberling City MO PD,
Oconee County SC SO,Oconee County SC SO,Carroll County GA SO
Lithopolis OH PD,Lithopolis OH PD,Carroll County GA SO
Lavonia GA PD,Lavonia GA PD,Carroll County GA SO
White Lake Twp MI PD,White Lake Twp MI PD,
Troy AL PD,Troy AL PD,Carroll County GA SO
Gray County TX SO ,Gray County TX SO ,
Louisville Airport PD,Louisville Airport PD,
Sparta TN PD,Sparta TN PD,
Lincoln Park MI PD,Lincoln Park MI PD,
West Terre Haute IN PD,West Terre Haute IN PD,Carroll County GA SO
LaFayette County FL SO,"LaFayette County FL SO,Lafayette County FL SO (Flex)",Carroll County GA SO
Chesterfield Twp MI PD,Chesterfield MI PD,
Eau Claire County WI SO,Eau Claire County WI SO,Carroll County GA SO
Franklin County MO SO ,Franklin County MO SO ,Carroll County GA SO
Newport TN PD,Newport TN PD,
Sparks Police Department - NV ,Sparks NV PD,
White Pine TN PD,White Pine TN PD,Carroll County GA SO
Groveport OH PD,Groveport OH PD,
Amarillo TX PD,Amarillo PD TX ,Carroll County GA SO
Glen Cove NY PD,Glen Cove NY PD,Carroll County GA SO
Pascagoula MS PD,Pascagoula MS PD,Carroll County GA SO
University of Iowa PD (IA),University of Iowa Campus PD,
Charleston SC PD,Charleston SC PD,Carroll County GA SO
Lockland OH PD,Lockland OH PD,
 IN - West Baden Springs PD,West Baden Springs PD IN,
Madison County AL SO,Madison County SO Falcon (AL),Carroll County GA SO
Flora- IL - PD,Flora IL PD,Carroll County GA SO
Jefferson County MO SO,Jefferson County MO SO,Carroll County GA SO
Lac Courte Oreilles Tribal Police WI,Lac Courte Oreilles Tribal Police WI,
Mt. Zion IL PD,Mt. Zion IL PD,
Van Buren MI PD,Van Buren Township MI PD,
SEMO Drug Task Force MO,SEMO MO Drug Task Force ,
Garfield Heights OH PD,"Garfield Heights OH PD (FLEX),Garfield Heights OH PD",
Simpsonville SC PD,Simpsonville SC PD,Carroll County GA SO
Lauderdale County TN SO,Lauderdale County TN SO,
Killeen TX PD,Killeen PD TX,Carroll County GA SO
Blackshear GA PD,"Blackshear GA PD - Raven,Blackshear GA PD",Carroll County GA SO
Brentwood MO PD,Brentwood MO PD,Carroll County GA SO
OH - Highland County SO,Highland Co SO OH,Carroll County GA SO
Irmo SC PD,Irmo SC PD,Carroll County GA SO
Cambridge City IN PD,Cambridge City IN PD,Carroll County GA SO
Grandview MO PD,Grandview MO PD,Carroll County GA SO
Westland MI PD,Westland MI PD,
Sarpy County NE SO,Sarpy County NE SO,Carroll County GA SO
Greenville GA PD,Greenville GA PD,Carroll County GA SO
Chatsworth GA PD,Chatsworth GA PD,Carroll County GA SO
Barber County KS SO,Barber County KS SO,
South Hutchinson KS PD,South Hutchinson KS PD,
Westminster CO PD,Westminster CO PD,
Hancock County GA SO,Hancock County GA SO,Carroll County GA SO
Whitfield County GA SO,Whitfield County GA SO,Carroll County GA SO
Heritage Creek KY PD,Heritage Creek KY PD,
Springfield OH PD,Springfield OH PD,Carroll County GA SO
Purcell OK PD,Purcell OK PD ,
Concord NC PD,Concord NC PD,
Adairsville GA PD,Adairsville GA PD,Carroll County GA SO
Kaufman TX PD,Kaufman PD TX (LPR),
Winfield AL PD,Winfield AL PD,
Jackson MI PD,Jackson MI PD,
Pierce Township OH PD,Pierce Township OH PD,
Stevens Point WI PD,Stevens Point WI PD,Carroll County GA SO
Audrain County MO SO,Audrain County MO SO,
Dadeville AL PD,Dadeville AL PD,
Winterville NC PD,Winterville NC PD,Carroll County GA SO
Pratt County KS SO,Pratt County KS SO,Carroll County GA SO
Jackson County GA SO,Jackson County GA SO,Carroll County GA SO
Carmel IN PD,"Carmel IN PD,Carmel IN PD - Wing LPR",Carroll County GA SO
Cookeville TN PD,Cookeville TN PD,Carroll County GA SO
Coffee County GA SO,Coffee County GA SO,Carroll County GA SO
Lanett AL PD,Lanett AL PD,Carroll County GA SO
Butler IN PD,Butler IN PD,
Lafayette IN PD,Lafayette PD IN,
Okeechobee County FL SO,Okeechobee County FL SO,Carroll County GA SO
Jefferson County WI SO,Jefferson County WI SO ,
Polk County MO SO,"Polk County MO SO,Polk County MO SO (Flex)",
Upson County GA SO,Upson County GA SO,Carroll County GA SO
Lake County IN SO,Lake County SO IN,
Snyder TX PD,Snyder TX PD,
Ahoskie NC PD,Ahoskie NC PD,Carroll County GA SO
Buchanan County MO SO,Buchanan County MO SO,
Benton County AR SO,Benton County AR SO,
Aransas Pass TX PD,Aransas Pass TX PD,
Hamburg Town NY PD,"Hamburg Town NY PD,Hamburg Town NY PD (Flex)",
Lake Delton WI PD,Lake Delton WI PD,Carroll County GA SO
Windsor CO PD,Windsor CO PD,Carroll County GA SO
Leesburg AL PD,Leesburg AL PD,Carroll County GA SO
Suffolk County NY SO,Suffolk County NY SO,Carroll County GA SO
Branson MO PD,Branson MO PD,Carroll County GA SO
Albertville AL PD,Albertville AL PD,
Coldwater MI PD,Coldwater MI PD,
Hope Mills NC PD ,Hope Mills NC PD ,Carroll County GA SO
Town of Connelly Springs NC,Town of Connelly Springs NC,
Springport Twp MI PD,Springport Twp MI PD,
Westerville OH PD,Westerville OH PD,
Laurel Park NC PD,Laurel Park NC PD,Carroll County GA SO
Rowan County NC SO,"Rowan County NC SO,NC - Rowan County SO - Insight Omnia",Carroll County GA SO
Mohave County AZ SO,AZ - Mohave County Sheriff's Office,Carroll County GA SO
Perrysburg Twp OH PD,Perrysburg Twp OH PD,
Spring Hill TN PD,Spring Hill TN PD,
Butner NC PD,Butner NC PD,Carroll County GA SO
Cleveland County NC SO ,Cleveland County NC SO ,Carroll County GA SO
Cottonwood AZ PD,Cottonwood AZ PD,
Monona WI PD,Monona WI PD,
Union OH PD,Union OH PD,
Boone NC PD,Boone NC PD,
Gastonia NC PD,Gastonia NC PD - LPR,Carroll County GA SO
Towns County GA SO ,Towns County GA SO ,Carroll County GA SO
Middlebury IN PD,Middlebury IN PD,
Kill Devil Hills NC PD,Kill Devil Hills NC PD,Carroll County GA SO
Palmyra MO PD,Palmyra MO PD,
Fishkill Town NY PD,Fishkill Town NY PD,Carroll County GA SO
Wilton Manors FL PD,Wilton Manors FL PD (Falcon Flex) ,Carroll County GA SO
Nixa MO PD,Nixa MO PD,
Cibolo TX PD,Cibolo TX PD ,
IN - Jasonville PD,Jasonville PD IN,
Giles County TN SO,Giles County TN SO,Carroll County GA SO
Howard County IN SO,IN - Howard County SO,
Wabaunsee County SO (KS),Wabaunsee County SO (KS),Carroll County GA SO
Ste. Genevieve County MO SO ,Ste. Genevieve County MO SO,
Peru IN PD,Peru IN PD,Carroll County GA SO
Caldwell CO TX SO ,Caldwell County TX SO ,Carroll County GA SO
Hazleton PA PD,Hazleton PA PD,Carroll County GA SO
Rainbow City AL PD,Rainbow City AL PD,
Hardin County TN SO,Hardin County TN SO,
Youngstown OH PD,Youngstown OH PD,
St. John Parish LA SO,St. John Parish LA SO,Carroll County GA SO
Cottleville MO PD,Cottlevile MO PD,
Valley Center KS DPS,Valley Center KS DPS,
Waunakee WI PD,Waunakee WI PD,
Calera AL PD,Calera AL PD,
Grafton MA PD,Grafton MA PD,
Trousdale County TN SO,Trousdale County TN SO,Carroll County GA SO
Gallia County OH SO,Gallia County OH SO,
Snowflake-Taylor AZ PD,Snowflake-Taylor AZ PD,
Hendersonville TN PD,Hendersonville TN PD,Carroll County GA SO
Ashland WI PD,Ashland WI PD,
Gatlinburg TN PD ,Gatlinburg TN PD,
Reno NV PD,Reno NV PD,
West Greenwich RI PD,West Greenwich RI PD,
Pooler GA PD,Pooler GA PD,Carroll County GA SO
Blackman/Leoni Public Safety MI,Blackman/Leoni Public Safety MI,
Griffith IN PD,Griffith IN PD,Carroll County GA SO
Germantown TN PD,Germantown TN PD,Carroll County GA SO
Scotia Village NY PD,Scotia Village NY PD,
Spartanburg County SC SO,Spartanburg County SC SO (Flex),Carroll County GA SO
Fairburn GA PD,Fairburn GA PD,Carroll County GA SO
Marlborough Town NY PD,Marlborough Town NY PD,
Galveston County TX SO,Galveston County TX SO ,
Toronto OH PD,Toronto OH PD,
Ashville AL PD,Ashville AL PD,Carroll County GA SO
Summit County OH SO,Summit County OH SO ,
Hamblen County TN SO,Hamblen County TN SO,Carroll County GA SO
Fremont OH PD,Fremont OH PD,
OH - Mariemont PD,Mariemont PD OH,
Town of Hochatown OK ,Town of Hochatown OK ,
IN - Angola PD,Angola PD IN,
Miami Township OH PD (Clermont),Miami Township PD - OH (Clermont CO),
Kentwood MI PD,Kentwood MI PD,
Wayne County UT SO,Wayne County UT SO,
Hutto TX PD,Hutto TX PD ,
Jonesborough PD TN,Jonesborough PD TN,
Surfside Beach SC PD,Surfside Beach SC PD,Carroll County GA SO
Tennessee Valley Authority Police,Tennessee Valley Authority Police,
Turner County GA SO,"Turner County GA SO,Turner County GA SO (FLEX) ",Carroll County GA SO
Crawford County KS SO,Crawford County KS SO,
Buckeye AZ PD,Buckeye AZ PD (Flex),
Colerain Township PD - OH ,Colerain Township OH PD,Carroll County GA SO
Missouri Department of Conservation,Department of Conservation (MO),Carroll County GA SO
Trenton OH PD,Trenton OH PD,
Shelbyville TN PD,Shelbyville TN PD,Carroll County GA SO
Spalding County GA SO,Spalding County GA SO,Carroll County GA SO
Mount Vernon OH PD,Mount Vernon OH PD,Carroll County GA SO
Barron County WI SO,Barron County WI SO,
Cleveland Heights OH PD,Cleveland Heights OH PD,
Bolingbrook IL PD,Bolingbrook IL PD,
Columbus NC PD,Columbus NC PD,Carroll County GA SO
Kingsport TN PD,Kingsport TN PD,
Columbia County WI SO,Columbia County WI SO,Carroll County GA SO
Davison Township MI PD,Davison Township MI PD,
Davie FL PD,Davie FL PD,
Seymour IN PD ,Seymour IN PD,Carroll County GA SO
Alachua County FL SO,Alachua County FL SO,Carroll County GA SO
Milan TN PD,Milan TN PD,Carroll County GA SO
Fountain CO PD,Fountain CO PD,
Jesup GA PD,Jesup PD (GA),Carroll County GA SO
Oldham County KY PD,Oldham County KY PD,
Chesterton IN PD ,Chesterton IN PD,
Nekoosa WI PD,Nekoosa WI PD,
Pocahontas AR PD,Pocahontas AR PD,
Maumee OH PD,Maumee OH PD,
Vonore TN PD,Vonore TN PD ,
Mansfield OH PD,Mansfield OH PD,Carroll County GA SO
Sterling Heights MI PD,Sterling Heights MI PD,Carroll County GA SO
Fall River MA PD,Fall River MA PD,
Millis MA PD,Millis MA PD,
Grand Blanc Twp MI PD,Grand Blanc Twp MI PD,
Dale County AL SO,Dale County AL SO,Carroll County GA SO
Phelps County MO SO,Phelps County MO SO,
Marianna FL PD,Marianna FL PD ,Carroll County GA SO
Ross Township OH PD,Ross Township OH PD,
Dodge City KS PD,Dodge City KS PD,Carroll County GA SO
Washington Co Parks and Recreation (GA),Washington Co Parks and Recreation (GA),
Marshall WI PD,Marshall WI PD,
Tippecanoe County IN SO,Tippecanoe County IN SO,Carroll County GA SO
AL - Gadsden PD,Gadsden PD (AL),
Clay County MO SO,Clay County MO SO,
Williamson Co. IL SO,Williamson Co. IL SO,
Taylor MI PD,"Taylor MI PD,Taylor MI PD (CONDOR)",
South Central OH Major Crimes Unit,South Central OH Major Crimes Unit,
Hiram GA PD,Hiram GA PD,Carroll County GA SO
Adrian MI PD,Adrian MI PD,Carroll County GA SO
Alexander County NC SO,Alexander County NC SO,Carroll County GA SO
Monroe County WI SO,Monroe County WI SO,
OH - Mt. Healthy PD ,Mt. Healthy OH PD,
Muskegon MI PD,Muskegon MI PD,
Cohoes NY PD,Cohoes City NY PD,
Millen GA Public Safety Dept ,Millen GA Public Safety Dept ,
Wyoming OH PD,Wyoming OH PD ,Carroll County GA SO
Hoschton GA PD,Hoschton GA PD ,Carroll County GA SO
Coffeyville KS PD,Coffeyville KS PD,Carroll County GA SO
Grantville GA PD,Grantville GA PD,Carroll County GA SO
Edinburgh IN PD,Edinburgh IN PD,
Pell City AL PD,Pell City AL PD,Carroll County GA SO
Webster County GA SO,Webster County GA SO,Carroll County GA SO
Fraser MI DPS,Fraser MI DPS,
Wyandotte Nation OK PD ,Wyandotte Nation OK PD ,
Coral Springs FL PD,Coral Springs FL PD,Carroll County GA SO
Halifax County NC SO,Halifax County NC SO,Carroll County GA SO
Florissant MO PD,Florissant MO PD,Carroll County GA SO
Wyoming MI PD,Wyoming MI PD,
Walters State Community College TN Campus PD,Walters State Community College TN Campus PD,
Holmes County FL SO,Holmes County FL SO,Carroll County GA SO
Porter County IN SO,Porter County IN SO,
Houston Housing Authority TX,Houston PD (TX) -  Houston Housing Authority,
Ponder TX PD ,Ponder TX PD ,
Scott County KY SO,Scott Co KY SO,
Pasco County FL SO,"Pasco County FL SO,Pasco County FL SO - Flex",
Wappingers Falls Village NY PD,Wappingers Falls Village NY PD,
Erie County NY SO,Erie County NY SO,
Enon OH PD,Enon OH PD,Carroll County GA SO
Guernsey County OH SO,Guernsey County OH SO,Carroll County GA SO
Crawford County IL SO ,Crawford County IL SO ,
Jefferson County TN SO,Jefferson County TN SO,
Lackawanna City NY PD,Lackawanna City NY PD,
Putnam County IN SO,Putnam County IN SO,
Vienna IL PD,Vienna IL PD,
Athens County OH SO,Athens County SO - OH,
Horizon TX PD ,Horizon TX PD ,
Maiden NC PD,Maiden NC PD,
Covington County AL SO,Covington County SO (AL),Carroll County GA SO
AR - Arkadelphia PD,Arkadelphia PD (AR),
Oxford PD - OH,Oxford OH PD,Carroll County GA SO
Orange Beach AL PD,Orange Beach AL PD,Carroll County GA SO
Loris SC PD,Loris SC PD,Carroll County GA SO
Prospect PD KY,Prospect PD KY,
Clay County GA SO ,Clay County GA SO. ,Carroll County GA SO
Grosse Tete LA PD,Grosse Tete LA PD,Carroll County GA SO
Washington County OH SO,Washington County OH SO,Carroll County GA SO
Lubbock County TX SO ,Lubbock County TX SO ,
Zachary LA PD,Zachary PD (LA),
Pinellas Park FL PD,Pinellas Park FL PD,Carroll County GA SO
Indianapolis Metro PD IN,"IMPD Falcons to Raven,Indianapolis IN Metro PD",Carroll County GA SO
Rossford OH PD,Rossford OH PD,
Menomonee Falls WI PD,Menomonee Falls WI PD,Carroll County GA SO
Carson City NV SO,Carson City SO NV,
Moffat County SO CO,Moffat County SO CO,
Parkville MO PD,Parkville MO PD,
Columbiana AL PD,Columbiana AL PD,
Mint Hill NC PD,Mint Hill NC PD,Carroll County GA SO
Castroville TX PD ,Castroville TX PD ,
Lee County AL SO,Lee County AL SO,
Bartholomew County IN SO,Bartholomew Co. IN SO,
Jackson AL PD,Jackson AL PD,
Prescott Valley AZ PD,Prescott Valley AZ PD,
Westport CT PD,"Westport CT PD (Condor),Westport CT PD,Westport CT PD (WING)",
Wamego KS PD,Wamego KS PD,
Cumberland WI PD,Cumberland WI PD,
Warrenton NC PD ,Warrenton NC PD ,Carroll County GA SO
Grants Pass OR PD,Grants Pass OR PD,
Vero Beach FL PD,Vero Beach FL PD,Carroll County GA SO
Harrison County IN SO,Harrison County IN SO,
Ohio State Fire Marshal,Ohio State Fire Marshal (Flex),Carroll County GA SO
Niagara Falls City NY PD,Niagara Falls City NY PD,Carroll County GA SO
Marion NC PD,Marion NC PD,Carroll County GA SO
Carroll County OH SO,Carroll County OH SO,
Kenosha WI PD,Kenosha WI PD,Carroll County GA SO
St. Bernard Parish LA SO,St. Bernard Parish LA SO,
Pigeon Forge TN PD,Pigeon Forge TN PD,
Newark OH PD,Newark OH PD,
Harvey IL PD,Harvey IL PD - LPR,
OH - Blanchester PD,Blanchester PD OH,
Rush County IN SO,Rush County IN SO,
Onondaga County NY SO ,Onondaga County NY SO,Carroll County GA SO
Sterling IL PD,Sterling IL PD,
Cross Plains TN PD,Cross Plains TN PD,
Wauwatosa WI PD,Wauwatosa WI PD,
Raytown MO PD,Raytown MO PD,Carroll County GA SO
Georgetown KY PD,Georgetown KY PD,
Aviston IL PD,Aviston IL PD,Carroll County GA SO
Perry County MO SO,Perry County MO SO,Carroll County GA SO
Hartford City IN PD,Hartford City IN PD,Carroll County GA SO
West Des Moines IA PD,West Des Moines IA PD,Carroll County GA SO
Lufkin TX PD,Lufkin PD TX,Carroll County GA SO
Craven County NC SO,Craven County NC SO,Carroll County GA SO
Menasha WI PD,Menasha WI PD,
Blairsville GA PD,Blairsville GA PD,
Newton IA PD,Newton IA PD,
Sullivan County IN SO,Sullivan County IN SO,Carroll County GA SO
Clay County IN SO,Clay County IN SO,
Novi MI PD,Novi MI PD,
Mount Dora FL PD,Mount Dora FL PD,
Martins Ferry OH PD,Martins Ferry OH PD,
Riley County KS PD,Riley County KS PD,
Clover SC PD,Clover SC PD,Carroll County GA SO
Ankeny IA PD,Ankeny IA PD,Carroll County GA SO
Rockmart GA PD,Rockmart GA PD,Carroll County GA SO
Gladstone MO PD,Gladstone MO PD,
Florence KY PD,Florence KY PD,
Eastborough KS PD,Eastborough KS PD,
Aberdeen NC PD,Aberdeen NC PD,
Southside AL PD,Southside AL PD,Carroll County GA SO
Navajo County AZ SO,Navajo County AZ SO,
Loudon County TN SO,Loudon County TN SO,Carroll County GA SO
Middletown KY PD,Middletown KY PD,
Seneca MO PD,Seneca MO PD,
Cottage Grove WI PD,Cottage Grove WI PD,
Lenoir County NC SO,Lenoir County NC SO ,
Riviera Beach FL PD,Riviera Beach FL PD,Carroll County GA SO
McCaysville GA PD,McCaysville GA PD,Carroll County GA SO
Palm Beach County FL SO,Palm Beach County FL SO,Carroll County GA SO
OK - Washita County SO,Washita County SO (OK),Carroll County GA SO
Nichols Hills OK PD,Nichols Hills OK PD ,
Jessamine County KY SO,Jessamine Co KY SO,Carroll County GA SO
University of Illinois- Springfield,University of Illinois- Springfield,
Hendry County FL SO,Hendry County FL SO,
Ottawa County OH SO,Ottawa County OH SO,
Texarkana AR PD,Texarkana AR PD,
Sunbury OH PD,Sunbury OH PD,
Waukon IA PD,Waukon IA PD,
Roseville MI PD,Roseville MI PD,Carroll County GA SO
Bristol IN PD,Bristol IN PD,
New Castle IN PD,New Castle IN PD,
Gulf Shores AL PD,Gulf Shores AL PD,Carroll County GA SO
Lauderdale County MS SO,Lauderdale County MS SO ,Carroll County GA SO
Sardis City AL PD,Sardis City AL PD,
Tuscaloosa AL PD,Tuscaloosa AL PD,Carroll County GA SO
Ouachita Parish LA SO,Ouachita Parish LA SO,Carroll County GA SO
Elmira City NY PD,Elmira City NY PD,
Las Vegas Metro NV PD,Las Vegas Metro PD - NV (LPR Cams),
Margate FL PD,Margate FL PD ,
Eureka MO PD,Eureka MO PD,
Currituck County NC SO,Currituck County NC SO,
Jefferson Parish LA SO,Jefferson Parish LA SO,
Louisville Metro KY PD,Louisville Metro KY PD,Carroll County GA SO
Genoa Township OH PD ,Genoa Township OH PD,
St. James Parish LA SO,St James Parish LA SO,Carroll County GA SO
Brecksville OH PD,Brecksville OH PD,
Kenner LA PD,Kenner LA PD,Carroll County GA SO
Duncan OK PD,Duncan PD (OK),
Raleigh NC PD,Raleigh NC PD,Carroll County GA SO
Beachwood OH PD,Beachwood PD OH,
Tomah WI PD,Tomah WI PD,
Burnett County WI SO,Burnett County WI SO,
Prescott AZ PD,Prescott AZ PD,Carroll County GA SO
Elkhart PD IN,Elkhart IN PD,
Hugo OK PD,Hugo OK PD,
Ball State University IN PD,Ball State University PD,
Lafayette County MO SO,Lafayette County MO SO,
Cedar Lake IN PD,Cedar Lake IN PD,
Kure Beach NC PD,Kure Beach NC PD,
Pelham AL PD,Pelham AL PD,Carroll County GA SO
Forest City NC PD,Forest City NC PD,
Austell GA PD,Austell GA PD,Carroll County GA SO
Dunn NC PD,Dunn NC PD,Carroll County GA SO
Heard County GA SO,Heard County GA SO,Carroll County GA SO
Centerville OH PD,Centerville OH PD,
Montgomery County KS SO,Montgomery County KS SO,
Brighton AL PD,Brighton AL PD,
Bradley IL PD,Bradley IL PD,
North Myrtle Beach SC PD,North Myrtle Beach SC PD,
El Reno OK PD,El Reno OK PD ,
OH - South Bloomfield PD,South Bloomfield PD OH,
Pottawatomie County KS SO,Pottawatomie County KS SO,Carroll County GA SO
Idaho Falls ID PD,Idaho Falls ID PD,
Southern Pines NC PD,Southern Pines NC PD,
Jasper County IN SO,Jasper County IN SO,
Coastal Bend College Campus PD ,Coastal Bend College Campus PD ,
IA - Storm Lake PD,Storm Lake PD (IA),Carroll County GA SO
Garner NC PD,Garner NC PD,
Bosque County TX SO ,Bosque County TX SO ,
Decatur County IN SO,Decatur County IN SO,
Shelby Township MI PD,Shelby Township MI PD,
Dyer County TN SO,Dyer County TN SO ,
Washington County IN SO,Washington County IN SO,
Rutledge TN PD,Rutledge TN PD,
Sawyer County WI SO,Sawyer County WI SO,
OH - Johnny Appleseed Metropolitan Park District PD,Johnny Appleseed Metropolitan Park District OH,
RIG WI DTF,RIG WI DTF,
Ellsworth County KS SO,Ellsworth County KS SO,Carroll County GA SO
Johnston County NC SO,Johnston County NC SO,
Maricopa County AZ SO,Maricopa County AZ SO,
Double Springs AL PD,Double Springs AL PD,
Darlington County SC SO,Darlington County SC SO,Carroll County GA SO
Murphysboro IL PD ,Murphysboro IL PD ,
Owensboro KY PD,Owensboro KY PD,Carroll County GA SO
Muskego WI PD,Muskego WI PD,Carroll County GA SO
Algood TN PD,Algood TN PD,
Franklin MA PD,Franklin MA PD,
Talladega County AL SO,Talladega County AL SO,Carroll County GA SO
Tomball TX PD,Tomball TX PD,
Miami Gardens FL PD,Miami Gardens FL PD,
Bexley OH PD,Bexley OH PD,
South Daytona FL PD,South Daytona FL PD,Carroll County GA SO
Kansas City KS PD,Kansas City KS PD,
Brookfield WI PD,Brookfield WI PD,
GA - Atkinson County SO,Atkinson County SO GA ,Carroll County GA SO
Ocean Isle Beach NC PD,Ocean Isle Beach NC PD,
UT - Cedar City PD,Cedar City PD UT ,
Purdue University IN PD,Purdue University PD,
Clark Co. IL Sheriff's Dept.,Clark Co. IL SO,
Tulsa OK PD,"Tulsa OK PD,1 Tulsa OK PD (Flex)",
Dutchess County NY SO,Dutchess County NY SO,
Colorado State Parks,Colorado State Parks,
Marion IL PD,Marion IL PD,Carroll County GA SO
Waukesha WI PD,Waukesha WI PD,
Washington County WI SO,Village of Richfield,Carroll County GA SO
St. Martin Parish LA SO,St. Martin Parish LA SO,Carroll County GA SO
Batavia OH PD,Batavia OH PD,Carroll County GA SO
Franklin County GA SO,Franklin County GA SO,Carroll County GA SO
Tybee Island GA PD,"Tybee Island GA PD (Flex),Tybee Island GA PD",Carroll County GA SO
Sunset Hills MO PD,Sunset Hills MO PD,Carroll County GA SO
Temple GA PD,Temple GA PD ,Carroll County GA SO
Bridgeton MO PD,Bridgeton MO PD,Carroll County GA SO
Plaquemines Parish LA SO,Plaquemines Parish LA SO,Carroll County GA SO
Osage Beach MO PD,Osage Beach MO PD,
Bryant AR PD,Bryant AR PD,Carroll County GA SO
Saline County AR SO,Saline County AR SO,Carroll County GA SO
AR - Alma PD,Alma PD (AR),
Hillsdale MO PD,Hillsdale MO PD,
Forrest County MS SO,Forrest County MS SO,Carroll County GA SO
Lonoke County AR SO,Lonoke County AR SO,Carroll County GA SO
Mayfield KY PD,Mayfield KY PD,Carroll County GA SO
University of Central Missouri PD,University of Central Missouri PD,Carroll County GA SO
Berrien County GA SO,Berrien County GA SO,Carroll County GA SO
Orting WA PD,,Carroll County GA SO
Colorado State Patrol,,Carroll County GA SO
Struthers OH PD,,Carroll County GA SO
Danville IN PD,,Carroll County GA SO
Caruthersville MO PD,,Carroll County GA SO
Rapides Parish LA SO,,Carroll County GA SO
Highland Heights KY PD,,Carroll County GA SO
Carpentersville IL PD,,Carroll County GA SO
Orleans Levee District PD,,Carroll County GA SO
Ligonier IN PD,,Carroll County GA SO
Clinton CT PD,,Carroll County GA SO
Holbrook MA PD,,Carroll County GA SO
Hamilton County FL SO,,Carroll County GA SO
Stone County MS SO,,Carroll County GA SO
Guilford County NC SO,,Carroll County GA SO
Nashville GA PD,,Carroll County GA SO
Gibsonville NC PD,,Carroll County GA SO
Newtown OH PD,,Carroll County GA SO
Juab County UT SO,,Carroll County GA SO
Kendall County TX SO,,Carroll County GA SO
OH - Middletown PD ,,Carroll County GA SO
[Federal] Federal Bureau of Investigation (FBI),,Carroll County GA SO
Clyde PD OH,,Carroll County GA SO
Lake County OH SO,,Carroll County GA SO
Harris County TX SO,,Carroll County GA SO
Tampa FL PD,,Carroll County GA SO
Kleberg TX County Attorney's Task Force,,Carroll County GA SO
Dent County MO SO,,Carroll County GA SO
OH - Bridgeport PD,,Carroll County GA SO
Bedford VA PD,,Carroll County GA SO
Tooele City PD UT,,Carroll County GA SO
Eminence KY PD,,Carroll County GA SO
Byram MS PD,,Carroll County GA SO
Oneonta AL PD,,Carroll County GA SO
Smyth County VA SO,,Carroll County GA SO
Windsor- IL- PD,,Carroll County GA SO
Cherokee County GA DA,,Carroll County GA SO
Dillon SC PD,,Carroll County GA SO
Show Low AZ PD,,Carroll County GA SO
Auburn WA PD,,Carroll County GA SO
Custer County CO SO,,Carroll County GA SO
Anoka County MN SO,,Carroll County GA SO
Town of Bean Station PD  TN,,Carroll County GA SO
Poughkeepsie City NY PD,,Carroll County GA SO
TN ROCIC,,Carroll County GA SO
Wapakoneta OH PD,,Carroll County GA SO
New Knoxville OH PD,,Carroll County GA SO
Idaho State Police ID,,Carroll County GA SO
Alabama Department of Corrections,,Carroll County GA SO
Nassau County FL SO,,Carroll County GA SO
Waynesville NC PD,,Carroll County GA SO
New York State Police NY,,Carroll County GA SO
Florida Department of Law Enforcement (FDLE),,Carroll County GA SO
Abbeville SC PD,,Carroll County GA SO
Jackson MO PD,,Carroll County GA SO
Moundville AL PD,,Carroll County GA SO
Creedmoor NC PD,,Carroll County GA SO
Vance County NC SO,,Carroll County GA SO
Pembroke Pines FL PD,,Carroll County GA SO
Wedowee AL PD,,Carroll County GA SO
Woodhaven MI PD,,Carroll County GA SO
Huntington County IN SO,,Carroll County GA SO
Vermillion County IN SO,,Carroll County GA SO
NYS Crime Analysis Center Network,,Carroll County GA SO
Middleburg Heights OH PD,,Carroll County GA SO
Johnson County IN SO,,Carroll County GA SO
Franklin County OH SO,,Carroll County GA SO
OH - Butler County SO,,Carroll County GA SO
Alvin TX PD,,Carroll County GA SO
University of North Carolina at Pembroke NC PD,,Carroll County GA SO
Greene County IN SO,,Carroll County GA SO
Washoe County NV SO,,Carroll County GA SO
Calumet Park IL PD,,Carroll County GA SO
Fletcher NC PD,,Carroll County GA SO
Clovis NM PD,,Carroll County GA SO
Wilmette IL PD ,,Carroll County GA SO
Hamilton Township OH PD,,Carroll County GA SO
Scotch Plains NJ PD,,Carroll County GA SO
Boynton Beach FL PD,,Carroll County GA SO
Fairmont State University WV PD,,Carroll County GA SO
Troy OH PD,,Carroll County GA SO
Dekalb County GA DOT,,Carroll County GA SO
Wabash IN PD,,Carroll County GA SO
Kenton County KY SO,,Carroll County GA SO
Greenfield CA PD,,Carroll County GA SO
Clay County NC SO,,Carroll County GA SO
Kansas City MO PD,,Carroll County GA SO
Holland TX PD ,,Carroll County GA SO
Shreveport LA PD,,Carroll County GA SO
Elloree SC PD,,Carroll County GA SO
Harrison County WV SO,,Carroll County GA SO
Huntingburg IN PD,,Carroll County GA SO
Cole County MO SO,,Carroll County GA SO
Wake Forest NC PD,,Carroll County GA SO
Richmond KY PD,,Carroll County GA SO
Old Fort NC PD ,,Carroll County GA SO
Town of Groton CT PD,,Carroll County GA SO
Hickory Creek TX PD,,Carroll County GA SO
Harlan County NE SO ,,Carroll County GA SO
Hinckley IL PD,,Carroll County GA SO
Lee County IL SO,,Carroll County GA SO
McPherson County KS SO,,Carroll County GA SO
Macon County MO SO,,Carroll County GA SO
South Carolina Law Enforcement Division - SLED,,Carroll County GA SO
Bellevue KY PD,,Carroll County GA SO
Cumberland County PA DA,,Carroll County GA SO
Mansfield TX PD,,Carroll County GA SO
Culpeper VA PD ,,Carroll County GA SO
University of South Florida FL PD,,Carroll County GA SO
Somerset County NJ Prosecutors Office,,Carroll County GA SO
Missouri Information Analysis Center,,Carroll County GA SO
Nebraska State Patrol,,Carroll County GA SO
Jackson WI PD,,Carroll County GA SO
Harrisonville MO PD,,Carroll County GA SO
Wrightsville Beach NC PD,,Carroll County GA SO
Tompkins County NY Sheriff's Office,,Carroll County GA SO
Spring City TN PD,,Carroll County GA SO
SC - Columbia Metropolitan Airport PD ,,Carroll County GA SO
Vienna WV PD,,Carroll County GA SO
Dayton PD - OH,,Carroll County GA SO
Woodruff SC PD ,,Carroll County GA SO
Marshall TX PD,,Carroll County GA SO
Chatham County NC SO,,Carroll County GA SO
ECU Health NC PD,,Carroll County GA SO
Wilson County TN SO,,Carroll County GA SO
Pinellas County FL SO,,Carroll County GA SO
Barbour County AL SO,,Carroll County GA SO
Smith County TX SO,,Carroll County GA SO
[Federal] Natchez Trace Parkway MS - National Park Service,,Carroll County GA SO
AR - Newton County SO,,Carroll County GA SO
Augusta University GA PD ,,Carroll County GA SO
Carson County TX SO ,,Carroll County GA SO
Cedar County IA SO,,Carroll County GA SO
Neosho County KS SO,,Carroll County GA SO
Brownsburg IN PD,,Carroll County GA SO
Kaysville UT PD,,Carroll County GA SO
Fort Collins Police Services (FCPS),,Carroll County GA SO
Glencoe IL PD,,Carroll County GA SO
Virginia State Police,,Carroll County GA SO
Adams County IL SO,,Carroll County GA SO
Riverside County CA District Attorney,,Carroll County GA SO
Slinger WI PD,,Carroll County GA SO
Weber City VA PD,,Carroll County GA SO
MS - Yazoo City PD,,Carroll County GA SO
Hillsboro OH PD,,Carroll County GA SO
Ohio Bureau of Criminal Investigation,,Carroll County GA SO
Seminole County FL SO,,Carroll County GA SO
UNC Asheville NC PD,,Carroll County GA SO
Carterville IL PD,,Carroll County GA SO
TX - Vidor PD ,,Carroll County GA SO
Van Wert OH PD,,Carroll County GA SO
Parrish AL PD ,,Carroll County GA SO
Powhatan County VA SO,,Carroll County GA SO
DO NOT USE ,,Carroll County GA SO
Maury County TN SO,,Carroll County GA SO
University of Tennessee Health Science Center Memphis TN PD,,Carroll County GA SO
Auburn ME PD,,Carroll County GA SO
Whiteville NC PD,,Carroll County GA SO
Goodyear AZ PD,,Carroll County GA SO
Niagara Frontier Transit Authority (NFTA) PD,,Carroll County GA SO
Bloomington IL PD,,Carroll County GA SO
Bourbon County KS SO,,Carroll County GA SO
Ohio County SO WV,,Carroll County GA SO
St Mary Parish LA SO,,Carroll County GA SO
Van Buren County TN SO,,Carroll County GA SO
Utah County UT SO - Vineyard PD,,Carroll County GA SO
Charlestown PD IN,,Carroll County GA SO
St. Landry Parish SO LA,,Carroll County GA SO
Boyd TX PD,,Carroll County GA SO
Fayetteville NC PD,,Carroll County GA SO
Hillsborough NC PD,,Carroll County GA SO
Granbury TX PD,,Carroll County GA SO
White County IL SO,,Carroll County GA SO
Roxboro NC PD,,Carroll County GA SO
Northampton County VA SO,,Carroll County GA SO
Cornelia GA PD,,Carroll County GA SO
Sachse TX PD,,Carroll County GA SO
Loudoun County VA SO,,Carroll County GA SO
Fort Lauderdale FL PD ,,Carroll County GA SO
Auburn CA PD,,Carroll County GA SO
White County AR SO ,,Carroll County GA SO
Dixie County FL SO,,Carroll County GA SO
West Virginia Fusion Center (WV),,Carroll County GA SO
Cheraw SC PD,,Carroll County GA SO
Branchville SC PD,,Carroll County GA SO
Glynn County GA SO,,Carroll County GA SO
Glen Carbon IL PD,,Carroll County GA SO
Hoke County NC SO,,Carroll County GA SO
Pine Hill AL PD,,Carroll County GA SO
Bellefontaine PD - OH ,,Carroll County GA SO
York ME PD,,Carroll County GA SO
California Highway Patrol,,Carroll County GA SO
Limestone County AL SO ,,Carroll County GA SO
Gwinnett County DAs Office,,Carroll County GA SO
Grove City OH PD,,Carroll County GA SO
Chipley FL PD,,Carroll County GA SO
Flint MI PD,,Carroll County GA SO
Tulsa County OK SO ,,Carroll County GA SO
Hartsville SC PD,,Carroll County GA SO
Goodlettsville TN PD,,Carroll County GA SO
Pottawattamie County IA SO ,,Carroll County GA SO
Jackson Parish LA SO,,Carroll County GA SO
Russellville AR PD,,Carroll County GA SO
North Carolina State Bureau of Investigation (NCSBI),,Carroll County GA SO
Franklin County VA SO,,Carroll County GA SO
Pinebluff NC PD,,Carroll County GA SO
New Albany OH PD,,Carroll County GA SO
Mt. Juliet TN PD,,Carroll County GA SO
Cleveland MS PD,,Carroll County GA SO
Lebanon KY PD,,Carroll County GA SO
Grand Chute WI PD,,Carroll County GA SO
Dearborn MI PD,,Carroll County GA SO
Montgomery County IN SO,,Carroll County GA SO
Lehigh County PA (RIIC),,Carroll County GA SO
Shinnston WV PD,,Carroll County GA SO
Cedar Bluff VA PD,,Carroll County GA SO
Summit County Sheriff's Office (CO),,Carroll County GA SO
Scarborough ME PD,,Carroll County GA SO
Nassau County NY PD,,Carroll County GA SO
Wilton CT PD,,Carroll County GA SO
Rockingham County VA SO,,Carroll County GA SO
Michigan Department of Corrections (MDOC),,Carroll County GA SO
Wilmington OH PD,,Carroll County GA SO
Morrisville NC PD,,Carroll County GA SO
Jeffersonville IN PD,,Carroll County GA SO
Lowell MA PD,,Carroll County GA SO
Regional Vehicle Burglary Suppression Taskforce TX,,Carroll County GA SO
Fort Thomas KY PD,,Carroll County GA SO
Glastonbury CT PD,,Carroll County GA SO
South Dakota Division of Criminal Investigation SD ,,Carroll County GA SO
Society SC PD,,Carroll County GA SO
Lake Wales FL PD,,Carroll County GA SO
Urbana OH PD,,Carroll County GA SO
Putnam County FL SO,,Carroll County GA SO
Jasper County SC SO,,Carroll County GA SO
Argo AL PD,,Carroll County GA SO
GA - MCS/OCU/Intelligence,,Carroll County GA SO
Clinton County SO - OH,,Carroll County GA SO
Carbondale IL PD,,Carroll County GA SO
Rutherfordton NC PD ,,Carroll County GA SO
Wilkesboro NC PD,,Carroll County GA SO
Goshen TWP OH PD,,Carroll County GA SO
OH - Sabina PD ,,Carroll County GA SO
Clemson University SC PD,,Carroll County GA SO
Roanoke VA PD,,Carroll County GA SO
Virginia Department of Wildlife Resources (DWR),,Carroll County GA SO
Metropolitan Washington DC PD,,Carroll County GA SO
Colonial Beach VA PD,,Carroll County GA SO
Campbell County VA SO,,Carroll County GA SO
Rockport IN PD,,Carroll County GA SO
Panola County MS SO,,Carroll County GA SO
Santa Ana CA PD,,Carroll County GA SO
Austin County TX SO,,Carroll County GA SO
Phelps County NE SO,,Carroll County GA SO
Ross Township PA PD,,Carroll County GA SO
Burlington NC PD,,Carroll County GA SO
Sullivan  IL PD,,Carroll County GA SO
Fairmont WV PD,,Carroll County GA SO
Romulus MI PD,,Carroll County GA SO
Hamilton County OH SO,,Carroll County GA SO
Mill Creek WA PD,,Carroll County GA SO
Kettering OH PD ,,Carroll County GA SO
Mississippi Department of Public Safety,,Carroll County GA SO
Harpersville AL PD ,,Carroll County GA SO
Truett McConnell University GA Campus PD,,Carroll County GA SO
Ohio State Highway Patrol,,Carroll County GA SO
Pawnee County KS SO,,Carroll County GA SO
Nags Head NC PD,,Carroll County GA SO
University City MO PD,,Carroll County GA SO
Charlotte Mecklenburg NC PD,,Carroll County GA SO
Monongalia WV County SO,,Carroll County GA SO
Holly Hill SC PD,,Carroll County GA SO
Radcliff KY PD,,Carroll County GA SO
Marion OH PD,,Carroll County GA SO
Luzerne County PA DA's Office,,Carroll County GA SO
Muskingum County OH SO,,Carroll County GA SO
Dickson County TN SO,,Carroll County GA SO
Hutchinson KS PD,,Carroll County GA SO
Aurora OH PD ,,Carroll County GA SO
Gasconade Co MO SO,,Carroll County GA SO
Freeport ME PD,,Carroll County GA SO
Caddo Parish LA SO,,Carroll County GA SO
Jackson County MS SO,,Carroll County GA SO
Dover DE PD,,Carroll County GA SO
Hernando County FL SO,,Carroll County GA SO
Douglas County NV SO,,Carroll County GA SO
Bayfield County WI SO,,Carroll County GA SO
Springboro OH PD,,Carroll County GA SO
Murfreesboro TN PD,,Carroll County GA SO
Franklin County NC SO,,Carroll County GA SO
Thomasville NC PD,,Carroll County GA SO
Camden County GA SO,,Carroll County GA SO
Houston Arson Bureau TX,,Carroll County GA SO
MOCIC ,,Carroll County GA SO
Neshkoro WI PD,,Carroll County GA SO
Medina Township OH PD,,Carroll County GA SO
Aurora IL PD,,Carroll County GA SO
Steele AL PD,,Carroll County GA SO
Taylorsville NC PD,,Carroll County GA SO
River Falls WI PD,,Carroll County GA SO
Buffalo County WI SO,,Carroll County GA SO
Pennsylvania State PD,,Carroll County GA SO
Seward County NE SO,,Carroll County GA SO
McDonough County IL SO,,Carroll County GA SO
Luray VA PD,,Carroll County GA SO
Canon GA PD,,Carroll County GA SO
Fredericksburg City VA PD,,Carroll County GA SO
Kemper County MS SO,,Carroll County GA SO
Pendleton  SC PD,,Carroll County GA SO
Fairfield CA PD,,Carroll County GA SO
Decatur IL PD,,Carroll County GA SO
Arlington PD (WA),,Carroll County GA SO
Edisto Beach SC PD,,Carroll County GA SO
Franklin County PA SO,,Carroll County GA SO
Reeves CO TX SO,,Carroll County GA SO
Rutherford County TN SO,,Carroll County GA SO
