Organization Name,Networks Shared With Me,Networks I'm Sharing
Forest Park OH PD,Forest Park OH PD,"Kennesaw State University,Kennesaw State University Raven"
Terre Haute IN PD,"Terre Haute PD IN (Trailer),Terre Haute PD IN",Kennesaw State University
Cheviot OH PD,Cheviot OH PD,Kennesaw State University
Delhi Twp OH PD,Delhi Twp OH PD,
OH - Mariemont PD,Mariemont PD OH,Kennesaw State University
White County TN SO,White County TN SO,
Pigeon Forge TN PD,Pigeon Forge TN PD,
Green Township OH PD,Green Township OH PD,
OH - Williamsburg PD,Williamsburg PD OH,Kennesaw State University
Fairfield PD - OH ,Fairfield OH PD,Kennesaw State University
Deer Park OH PD,Deer Park PD OH,Kennesaw State University
OH - Highland County SO,Highland Co SO OH,Kennesaw State University
Pierce Township OH PD,Pierce Township OH PD,Kennesaw State University
OH - Milford PD,Milford PD OH,Kennesaw State University
Lockland OH PD,Lockland OH PD,Kennesaw State University
Ross Township OH PD,Ross Township OH PD,Kennesaw State University
DeSoto County MS SO,,Kennesaw State University
Halls TN PD,,Kennesaw State University
College Park GA PD,"College Park GA PD - Falcon,College Park PD - Flex","Kennesaw State University,Kennesaw State University Raven"
Gwinnett County GA PD,"Gwinnett County GA PD (LR),Gwinnett County GA PD,Gwinnett County GA PD - Solar Video,Gwinnett County GA PD - RedSpeed","Kennesaw State University,Kennesaw State University Raven"
Sumter County GA SO ,"Sumter County GA School District ,Sumter County GA SO",Kennesaw State University
South Russell OH PD ,South Russell OH PD,
Green Island NY PD,Green Island NY PD,
Evans County GA SO,Evans County GA SO,Kennesaw State University
Carson City NV SO,Carson City SO NV,
Pulaski County MO SO,Pulaski County MO SO,
Carrollton TX PD,"Carrollton TX PD,Carrollton TX PD - Parks ",
St. Peters MO PD,St. Peters MO PD,Kennesaw State University
Heath TX DPS,Heath TX DPS,
Leeds AL PD,Leeds AL PD,Kennesaw State University
Jackson MS PD,Jackson MS PD,Kennesaw State University
Hamburg Village NY PD,"Hamburg Village NY PD,Hamburg Village NY PD (Flex)",
Baldwin County GA SO,"Baldwin County GA SO (Flex),Baldwin County GA SO - RedSpeed,Baldwin County GA SO,Baldwin County GA SO - Annex","Kennesaw State University,Kennesaw State University Raven"
Athens IL PD,Athens IL PD,
Ancient City Capital,"Granada Square (MS),PSG Vesta Derby Oaks LLC (KY),AHPC TROPICAL RIDGE APARTMENTS LLC,AHPC PARKS AT RIVERCREST LLC (SC),FOUNTAIN CITY APARTMENTS LLC (GA),AHPC Lakeview at Cottage Hill 2021 LLC (AL),MILLENNIA JAX 2021 LLC (FL),AHPC Terraces at Fieldstone Apartments LLC (GA),AHPC PROSPER FAIRWAYS APARTMENTS LLC (SC) ,2018 IAVF TIMBER OAKS LLC (IL),Bandywood (MS),Patriot Grove (MS),Eban Village (TX),AHPC Plantations at Pine Lake (FL),AHPC SOCIAL TALLAHASSEE LLC (FL),Beacon Pointe (MS),ALPINE APARTMENT HOMES LLC (GA),Bern-Mas (LA),AHPC Hub Tallahassee LLC (Ocala Rd) (FL),HHF - McDaniels Street (GA),The Cove at NOLA (LA),Social 1600 (FL),Sunset on the Bayou (AL),Iberia South (LA),Brookwood Apartments (LA),Regency Woods (MS),Gardenia Grove (MS),AHPC Orchard Park 2021 LLC (SC) ,Patriot Grove,Greenbrier Apartments (WV),Kingston Point (LA),Village Hills Apartments (WV),The Rubix (Patriot Suites) (NV),2018 IAVF PRAIRIE VIEW LLC (IL),AHPC Cordova Regency (FL) ,Crestview at Cordova (FL) ,PSG Pine Forest Park (TX),AHPC Vista Towers 2021 LLC (SC),AHPC Inverness Lakes 2021 LLC (AL),Patriot Plaza (FL),Autumn Trace Apts (MS),AHPC Verandas at Rocky Ridge 2021 LLC (AL)",
Fairfield Glade TN PD,Fairfield Glade TN PD,
Oak Lawn IL PD,Oak Lawn IL PD,
Glynn County GA PD ,Glynn County GA PD ,Kennesaw State University
Woodford County IL SO,Woodford County IL SO,
Rabun County GA SO,"Rabun County GA SO (Flex),Rabun County GA SO ","Kennesaw State University,Kennesaw State University Raven"
Statesboro GA PD,"Statesboro GA PD (Flex),Statesboro GA PD,Statesboro GA PD (Raven)","Kennesaw State University,Kennesaw State University Raven"
La Follette TN PD,Lafollette TN PD ,Kennesaw State University
Park Forest IL PD,Park Forest IL PD,
Pickens County SC SO,Pickens County SC SO,Kennesaw State University
University of Central Missouri PD,University of Central Missouri PD,Kennesaw State University
Pickens County GA SO,"Pickens County GA SO,Pickens County GA SO - Redspeed,Pickens County GA SO (FLEX) ",Kennesaw State University
Tyler TX PD,Tyler TX PD,
Alabama Department of Corrections,"Alabama Department of Corrections,Alabama Dept of Corrections (Flex)",Kennesaw State University
Gilbert AZ PD,AZ - Gilbert PD,
Wapello County IA SO,Wapello County IA SO,Kennesaw State University
UT Southwestern Medical Center TX ,UT Southwestern Medical Center TX ,
Snellville GA PD,"Snellville GA PD (RedSpeed),Snellville GA PD - Raven,Snellville GA PD (Live Video) ,Snellville GA PD,City of Snellville (GA) - Flex","Kennesaw State University,Kennesaw State University Raven"
FL- Sanford PD,Sanford FL PD,Kennesaw State University
Roane County TN SO,"Roane County Schools TN,Roane County TN SO",
Tybee Island GA PD,Tybee Island GA PD,Kennesaw State University
Grafton MA PD,Grafton MA PD,
Oxford MS PD,Oxford MS PD,Kennesaw State University
New London WI PD,New London WI PD,
Defuniak Springs FL PD,Defuniak Springs FL PD,Kennesaw State University
Fort Oglethorpe GA PD,Fort Oglethorpe GA PD,Kennesaw State University
Charleston SC PD,Charleston SC PD,Kennesaw State University
North Platte NE PD,North Platte NE PD,
Port St. Lucie FL PD,Port St. Lucie FL PD,Kennesaw State University
Randolph County AR SO ,Randolph County AR SO ,
La Grange Park IL PD,Village of LaGrange Park IL PD,
Newton County GA SO,"Newton County GA SO Flex,Newton County GA SO","Kennesaw State University,Kennesaw State University Raven"
KU Medical Center KS PD,University of Kansas Medical Center PD (KS),
Marion County OH SO,Marion County OH SO,Kennesaw State University
Dream Finders Home (GA),"Harris Creek (GA),Creekbend Overlook (GA),Stonewall Station (GA),Fern Dale (GA)",
Oliver Springs TN PD,Oliver Springs TN PD,Kennesaw State University
Brecksville OH PD,Brecksville OH PD,
Richland County SC SO,Richland County SC SO,Kennesaw State University
Greene County IN Prosecutors,Greene County Prosecutors IN,
Snyder TX PD,Snyder TX PD,
Douglas GA PD,"Douglas GA PD,Douglas GA PD - Live Video ",Kennesaw State University
Doraville GA PD,"Doraville GA PD (Condor),Doraville GA PD (Raven),Doraville GA PD,Doraville GA PD (Trailer)","Kennesaw State University,Kennesaw State University Raven"
Harris County TX SO,"Harris County WCID No. 133 ,Harris County TX MUD No. 278 (Clayton's Corner),Harris Fort Bend Counties TX MUD No. 3,Harris County TX SO,Harris County TX MUD No. 120,Harris County TX MUD No. 102 ,Harris County TX MUD No. 49,Harris County TX WCID No. 96,East Aldine Management District TX ,Harris County Commissioner Court TX Precinct 2,FallBrook MUD TX ",
Vernon Parish LA SO,Vernon Parish LA SO,Kennesaw State University
Friendswood TX PD,"Friendswood TX PD - Wing,Friendswood TX PD,Parkwood Village (TX),San Joaquin Estates (TX),West Ranch, Friendswood (TX)",Kennesaw State University
AL - Autauga County SO,Autauga County SO (AL),Kennesaw State University
Gluckstadt MS PD,"Gluckstadt MS PD (Flex),Gluckstadt MS PD",Kennesaw State University
Stone Mountain GA PD,Stone Mountain GA PD,Kennesaw State University
Belmont NC PD,Belmont NC PD,Kennesaw State University
Tipp City OH PD,Tipp City OH PD,Kennesaw State University
Southaven MS PD,Southaven MS PD,Kennesaw State University
Navajo County AZ SO,Navajo County AZ SO,
Canton IL PD,Canton IL PD,Kennesaw State University
Del City OK PD,Del City OK PD,
Ware County GA SO ,Ware County GA SO ,"Kennesaw State University,Kennesaw State University Raven"
Lady Lake FL PD,"Lady Lake FL PD (Flex),Lady Lake FL PD",Kennesaw State University
Montgomery County TX SO,"Montgomery County TX SO,Montgomery County TX So (FLEX)",Kennesaw State University
Alcoa TN PD,Alcoa TN PD,Kennesaw State University
Flock City PD - Law Enforcement Demo,"DFR ALPR - Demo 8,Flock Safety Condor Training,Tennessee Demo Cameras,Medford Trailer Temp Network,LE Trailer Demo FF,DFR ALPR - Demo 5,Aviation ALPR Demo,Grass Vally CA Demo ,DFR ALPR - Demo 7,DFR ALPR - Demo 3,Demo,Albany GA PD - Demo,DFR ALPR - Demo 6,Empty Now.     ,DFR ALPR - Demo 1,DFR ALPR - Demo 2,Lookup Demo","Kennesaw State University,Kennesaw State University Raven"
Seneca MO PD,Seneca MO PD,
Cobb County GA PD,"Cobb County GA PD - Flex,Cobb County GA PD,Cobb County Parks & Rec","Kennesaw State University,Kennesaw State University Raven"
Leesburg GA PD,"Leesburg GA PD - redspeed,Leesburg GA PD","Kennesaw State University,Kennesaw State University Raven"
Altoona IA PD,Altoona IA PD,"Kennesaw State University,Kennesaw State University Raven"
Port Wentworth GA PD,"Port Wentworth GA PD (Ravens),Port Wentworth GA",
Farmersville TX PD ,Farmersville TX PD ,
Anderson IN PD,"Anderson IN PD,Anderson IN PD (Raven)",Kennesaw State University
Addison TX PD,Addison TX PD,
Caney KS PD,Caney KS PD,
Harris County Const TX Pct 5,"Harris County TX MUD No. 419 ,Harris County TX MUD No. 489 ,Memorial Management District ,Clay Road MUD (TX),Harris County TX MUD No. 490 ",
Walton County FL SO,Walton County FL SO,Kennesaw State University
Festus MO PD,Festus MO PD,
Ward County TX SO,Ward County SO (TX),
Southern Regl PA PD,Southern Regl PA PD,Kennesaw State University
North Kingstown RI PD,North Kingstown RI PD,
Atlanta GA PD,"Atlanta GA PD - Genetec,Atlanta GA PD,Atlanta GA PD Airport Division,Atlanta GA PD (Condor),Atlanta GA PD (Flex),Genetec Test Network,Atlanta GA PD (LR) ","Kennesaw State University,Kennesaw State University Raven"
Forsyth County GA SO,"Forsyth County GA SO,Forsyth County GA SO (Flex)","Kennesaw State University,Kennesaw State University Raven"
Carrollton GA PD,"Carrollton GA PD Condor,Carrollton GA PD,Carrollton GA PD - Wing Live,Carrollton PD (GA) Flex,Carrollton GA PD Raven,Carrollton GA PD - Wing Gateway Partnership,Carrollton GA PD - Tanner Street Parking Deck","Kennesaw State University,Kennesaw State University Raven"
DeKalb County GA PD,"Dekalb County GA PD - LPR,DeKalb County GA PD (GSD),Gresham Park Rec Center - Avigilon,DeKalb County PD Parks - LPR","Kennesaw State University,Kennesaw State University Raven"
Fannin County GA SO,"Fannin County GA SO (FLEX) ,Fannin County GA SO","Kennesaw State University,Kennesaw State University Raven"
Valdosta State University GA PD,Valdosta State Univ GA PD,"Kennesaw State University,Kennesaw State University Raven"
Floyd County IN SO,Floyd County IN SO,Kennesaw State University
Chester Township OH PD,Chester Township PD OH,
Derby KS PD,Derby KS PD,
Muscogee County GA SO,Muscogee County GA SO,"Kennesaw State University,Kennesaw State University Raven"
New Bremen OH PD,New Bremen OH PD,
Putnam County IN SO,Putnam County IN SO,
Jonesboro GA PD,"Jonesboro GA PD (Flex),Jonesboro GA PD,Jonesboro GA PD - Redspeed","Kennesaw State University,Kennesaw State University Raven"
North College Hill OH PD,North College Hill OH PD,
Fountain CO PD,Fountain CO PD,
Wauconda IL PD,"Wauconda IL PD ,Wauconda IL PD Flex",
Tarpon Springs FL PD,"Tarpon Springs PD - Wing,Tarpon Springs FL PD,Tarpon Springs FL PD (Flex)",Kennesaw State University
Lexington NE PD,Lexington NE PD,
Ahoskie NC PD,Ahoskie NC PD,Kennesaw State University
Canton GA PD,"Canton GA PD,Canton GA PD - Redspeed,Canton GA PD - Gateways,Canton GA PD - Avigilon Dumpster","Kennesaw State University,Kennesaw State University Raven"
Town of Hildebran (NC),Town of Hildebran (NC),
Monon IN PD,Monon IN PD,Kennesaw State University
Wilkinson County GA SO,Wilkinson County GA SO,"Kennesaw State University,Kennesaw State University Raven"
Westfield IN PD,Westfield IN PD,Kennesaw State University
Hillsborough County FL SO,"Hillsborough County Pierce Garage IB ,Hillsborough County FL SO (Flex),Hillsborough County FL SO",Kennesaw State University
Spring Arbor MI PD,Spring Arbor MI PD,
Roswell GA PD,"Roswell GA PD (Flex),Roswell GA PD - (RedSpeed),Roswell GA Wing ,Roswell GA PD","Kennesaw State University,Kennesaw State University Raven"
Michigan City IN PD,Michigan City IN PD,Kennesaw State University
Shelby County AL SO,"Shelby County AL SO,Shelby County AL SO Condors",Kennesaw State University
Schuyler Co. IL SO,Schuyler Co. IL SP,Kennesaw State University
Allen County KS SO,Allen County KS SO,
Nixa MO PD,Nixa MO PD,
McDuffie County GA SO,McDuffie County GA SO,Kennesaw State University
Creve Coeur MO PD,Creve Coeur MO PD,
Round Rock TX PD,"Round Rock TX PD,Round Rock TX PD (Falcon Flex) ",Kennesaw State University
Camden SC PD,Camden SC PD,Kennesaw State University
Alexander AR PD,Alexander PD (AR),Kennesaw State University
Ingalls IN PD,Ingalls IN PD,Kennesaw State University
Florence Co. WI SO,Florence County WI SO,
Titusville FL PD,Titusville FL PD,Kennesaw State University
Rochester IL PD,Rochester IL PD (Flex),
Wabaunsee County SO (KS),Wabaunsee County SO (KS),Kennesaw State University
Conyers GA PD,"Conyers GA PD,Conyers Ga PD - Redspeed","Kennesaw State University,Kennesaw State University Raven"
Montezuma GA PD,Montezuma GA PD,"Kennesaw State University,Kennesaw State University Raven"
Graves County KY SO,Graves County KY SO,Kennesaw State University
Worth County GA SO,Worth County GA SO,Kennesaw State University
Flossmoor IL PD,Flossmoor IL PD ,
Dodge County WI SO,"Dodge County WI SO,Dodge County WI SO Flex",
Sterling IL PD,Sterling IL PD,
Mahoning Twp PA PD,Mahoning Twp PA PD,Kennesaw State University
Whitley County IN Prosector,Whitley County IN Prosector,Kennesaw State University
Garrard County KY SO,Garrard County KY SO,Kennesaw State University
Eastern Adams Regional PA PD,Eastern Adams Regional PA PD,
Elyria OH PD,Elyria OH PD,Kennesaw State University
Perry GA PD,"Perry GA PD (Flex),Perry GA PD - Redspeed,Perry GA PD (Live Video) ,Perry GA PD","Kennesaw State University,Kennesaw State University Raven"
Sandy Springs GA PD,"Sandy Springs GA PD Flex,Sandy Springs GA PD","Kennesaw State University,Kennesaw State University Raven"
Muscle Shoals AL PD,"Muscle Shoals AL PD,Muscle Shoals AL Walmart",Kennesaw State University
Eastborough KS PD,Eastborough KS PD,
Clawson MI PD,Clawson MI PD,
Gun Lake Tribal PD MI,Gun Lake Tribal PD MI,
Purdue University IN PD,Purdue University PD,
Cuyahoga Falls OH PD,"Cuyahoga Falls OH PD (FLEX) ,Cuyahoga Falls OH PD",Kennesaw State University
Noblesville IN PD,Noblesville IN PD,Kennesaw State University
Sugar Hill GA PD,"Sugar Hill GA PD,Sugar Hill GA PD (Flex)","Kennesaw State University,Kennesaw State University Raven"
Hamilton County IN SO,"Hamilton County IN SO (Flex),Hamilton County IN SO (Condors),Hamilton County IN SO (Community Cameras),Hamilton County IN SO (Trailers)",Kennesaw State University
Douglas County IL SO,Douglas County IL SO,
Bosque County TX SO ,Bosque County TX SO ,
Franklin County KY SO,Franklin County KY SO,
Thomson GA PD,Thomson GA PD,"Kennesaw State University,Kennesaw State University Raven"
Mount Zion GA PD,Mount Zion GA PD,"Kennesaw State University,Kennesaw State University Raven"
Dallas TX PD,"Love Field Airport Dallas TX,Dallas TX PD",Kennesaw State University
Gray GA PD ,"Gray GA PD ,Gray GA PD Condor",Kennesaw State University
Leake County MS SO,Leake County MS SO,Kennesaw State University
Stockbridge GA PD,"Stockbridge GA PD - Redspeed,Stockbridge GA PD (Live Video) ,Stockbridge GA PD,Stockbridge GA PD (Flex)","Kennesaw State University,Kennesaw State University Raven"
Napoleon OH PD,Napoleon OH PD,
Sheridan AR PD,Sheridan AR PD,Kennesaw State University
Houston TX PD,"Houston PD (TX) – Gulfton MgmtD,Houston PD (TX) – Flex Cams,Houston PD (TX) – EADO MgmtD,Houston PD (TX) – HCTX MUD 390 (Condors),Houston PD (TX) – Southwest MgmtD,Houston PD (TX) – International MgmtD,Houston PD (TX) – HCTX MUD 150,Houston PD (TX) – Uptown Houston MgmtD,Houston PD (TX) – HCTX MUD 390,Houston PD (TX) – HCTX MUD 404,Houston PD (TX) - Energy Corridor MgmtD,Houston PD (TX) – Spring Branch MgmtD,Houston PD (TX) – Hobby Area MgmtD,Houston PD (TX) – HCTX ID 18,Southwest Houston Redevelopment Authority TX,Houston PD (TX) -  Houston Housing Authority,Houston PD (TX) – Brays Oaks MgmtD,Houston PD (TX),Midtown Municipal Management District TX ,Westchase Municipal Management District (TX)","Kennesaw State University,Kennesaw State University Raven"
Sevier County TN SO,Sevier County TN SO,Kennesaw State University
Clayton NC PD ,"Clayton NC PD (Flex),Clayton NC PD",Kennesaw State University
Waukesha County WI SO,"Waukesha County WI SO (City of Pewaukee WI),Waukesha County WI SO (Village of Sussex),Waukesha County WI SO (Village of Lisbon)",
Cuyahoga Heights OH PD,Cuyahoga Heights OH PD,
Rome GA PD,"Rome GA PD,Rome GA PD - Redspeed","Kennesaw State University,Kennesaw State University Raven"
Maysville GA PD,Maysville GA PD,"Kennesaw State University,Kennesaw State University Raven"
Johnson City TN PD,Johnson City TN PD,Kennesaw State University
Tulsa OK PD,"1 Tulsa OK PD (Flex),Tulsa OK PD",
Ozark MO PD,Ozark MO PD,
Tell City IN PD,Tell City IN PD,Kennesaw State University
Crawford County IN SO,Crawford County IN SO,Kennesaw State University
Texas Department of Criminal Justice,Texas Department of Criminal Justice,
MS - Biloxi PD,Biloxi PD (MS),Kennesaw State University
Hazleton PA PD,Hazleton PA PD,Kennesaw State University
Collier County FL SO,Collier County FL SO,Kennesaw State University
Westerville OH PD,Westerville OH PD,
North Richland Hills TX PD,"North Richland Hills TX PD Flex,North Richland Hills TX PD",
Douglasville GA PD," Douglasville GA PD - Hunter Park Exterior Cams,Douglasville GA PD - Club Drive Maintenance ,Douglasville GA PD - City Hall,Douglasville GA PD - Willing Workers Park,Douglasville GA PD - CourtHouse Square Exterior Cams,Douglasville GA PD (Live Video) ,Douglasville GA PD - Amphitheater Exterior Cams,Douglasville GA PD,Douglasville GA PD - Cedar Mountain Facility Exterior Cams,Douglasville GA PD - Conference Center Exterior cams,Douglasville GA PD - West Pines Golf Course,Douglasville GA PD - PD Exterior Live Video,Douglasville GA PD - Jessie Davis Exterior Cams","Kennesaw State University,Kennesaw State University Raven"
Posey County IN SO,Posey County IN SO,Kennesaw State University
Cortland OH PD,"Cortland OH PD,Cortland OH PD (CONDOR)",
Columbia County GA SO,"Columbia County GA SO Mobile Trailer,Columbia County GA SO",Kennesaw State University
Harris County GA SO,"Harris County GA SO Falcon Flex,Harris County GA SO","Kennesaw State University,Kennesaw State University Raven"
Roseville MI PD,Roseville MI PD,Kennesaw State University
Slinger WI PD,Slinger WI PD,Kennesaw State University
Cibolo TX PD,Cibolo TX PD ,
Walls MS PD,Walls MS PD ,Kennesaw State University
O'Fallon MO PD,"O'Fallon MO PD,O'Fallon MO PD (Flex)",Kennesaw State University
Pembroke GA PD,Pembroke GA PD,
Riverdale GA PD,"Riverdale GA PD,Riverdale GA PD - RedSpeed,Riverdale GA PD (Flex)","Kennesaw State University,Kennesaw State University Raven"
Lamar County GA SO,"Lamar County SO GA,Lamar County SO GA Flex",Kennesaw State University
Currituck County NC SO,Currituck County NC SO,
Bartow County GA SO,"Bartow County GA SO,Bartow County GA SO Flex","Kennesaw State University,Kennesaw State University Raven"
Taylor County GA SO ,Taylor County GA SO ,Kennesaw State University
Cabot AR PD,Cabot AR PD,Kennesaw State University
Elizabethtown KY PD,Elizabethtown KY PD,Kennesaw State University
Bridgeport Township MI PD,Bridgeport Twp PD MI,
City of Delavan WI PD,City of Delavan WI PD,
Carroll County GA SO,Carroll County GA SO,"Kennesaw State University,Kennesaw State University Raven"
Plymouth MI PD,Plymouth MI PD - LPR,
Floyd County GA PD,"Floyd County GA PD,Floyd County GA PD (Flex),Floyd County GA PD - RedSpeed,Floyd County GA PD (SpotGenius - Parking) ","Kennesaw State University,Kennesaw State University Raven"
Department of Natural Resources - GA,Georgia Department of Natural Resources (Falcon Flex),"Kennesaw State University,Kennesaw State University Raven"
Valdosta GA PD,"Valdosta GA PD (falcon flex) ,Valdosta GA PD",Kennesaw State University
Hamilton AL PD ,Hamilton AL PD ,
Revere MA PD,"Revere MA PD,The Squire (MA)",
Clayton County GA PD,"Clayton County GA PD,Clayton County GA PD (Redspeed)","Kennesaw State University,Kennesaw State University Raven"
Jacksonville FL SO,"Jacksonville FL SO (LR),Jacksonville FL SO,Jacksonville FL SO (Flex)",Kennesaw State University
Greenville AL PD,"Greenville AL PD,Greenville AL PD (Flex)",
Morgan County GA SO,"Morgan County Board of Commissioners (GA),Morgan County GA - Wing LVI,Morgan County GA SO",Kennesaw State University
Salina KS PD,Salina KS PD,Kennesaw State University
Madisonville TN PD,"Madisonville TN PD (Flex),Madisonville TN PD",Kennesaw State University
Pender County NC SO ,Pender County NC SO ,Kennesaw State University
Hiram GA PD,Hiram GA PD,"Kennesaw State University,Kennesaw State University Raven"
Palm Beach County FL SO,Palm Beach County FL SO,Kennesaw State University
Farmer City IL PD,Farmer City IL PD,Kennesaw State University
Harrison OH PD,Harrison OH PD,Kennesaw State University
Laurens SC PD,Laurens SC PD,Kennesaw State University
Georgia Southern University PD (GA),Georgia Southern University PD (GA),Kennesaw State University
Norcross GA PD,"Norcross GA PD - Redspeed,Norcross GA PD,Norcross GA PD (Video),Norcross GA PD (Flex)","Kennesaw State University,Kennesaw State University Raven"
Algood TN PD,Algood TN PD,Kennesaw State University
Dalton GA PD,"Dalton GA PD - Flex,Dalton GA PD",Kennesaw State University
Arcola IL PD,Arcola IL PD (LPR),
White Lake Twp MI PD,White Lake Twp MI PD,
Berkeley IL PD,Berkeley IL PD,
Molena GA PD,Molena GA PD,Kennesaw State University
Monroe GA PD,Monroe GA PD,Kennesaw State University
Clarksville IN PD,Clarksville PD IN,Kennesaw State University
Troy MI PD ,Troy MI PD,
Horizon TX PD ,Horizon TX PD ,
Knox County IL SO,Knox County IL SO,Kennesaw State University
North County Cooperative MO PD,"City of Vinita Park MO - North County Coop MO PD,City of Dellwood MO - North County Coop MO PD,City of Wellston MO - North County Coop MO PD",Kennesaw State University
Idaho Falls ID PD,Idaho Falls ID PD,
Jackson MI PD,Jackson MI PD,
Griffith IN PD,Griffith IN PD,Kennesaw State University
Senoia GA PD,"Senoia Ga PD (Live Video) ,Senoia GA PD","Kennesaw State University,Kennesaw State University Raven"
Coolidge GA PD,"Coolidge GA PD (Condor),Coolidge GA PD",
Wilson County TX SO,Wilson County TX SO ,
Salem OH PD,Salem OH PD,
Town of East Fishkill NY PD,Town of East Fishkill NY PD,
Sweet Springs MO PD,Sweet Springs MO PD,
Madison County GA SO,Madison County GA SO,Kennesaw State University
Mooresville NC PD,"Mooresville NC PD,Mooresville NC PD Condors",Kennesaw State University
Strongsville OH PD,Strongsville OH PD,
Peachtree Corners GA Marshal's Office,"Peachtree Corners GA,Peachtree Corners GA (Condor)","Kennesaw State University,Kennesaw State University Raven"
Wartburg TN PD,Wartburg TN PD,"Kennesaw State University,Kennesaw State University Raven"
Rainbow City AL PD,Rainbow City AL PD,Kennesaw State University
University City MO PD,University City MO PD,Kennesaw State University
Winchester KY PD,Winchester KY PD,
Ponder TX PD ,Ponder TX PD ,
Michigan State Police,Michigan State Police,
Reading OH PD,Reading OH PD,Kennesaw State University
Sumter County FL SO,"Sumter County FL SO (Flex),Sumter County FL SO",
Goose Creek SC PD ,Goose Creek SC PD ,Kennesaw State University
Lansing MI PD,Lansing MI PD,
De Pere WI PD,De Pere WI PD,
Monroe County TN SO,"Monroe County TN SO,Monroe County TN SO (flex)",Kennesaw State University
Moncks Corner SC PD,"Moncks Corner SC PD (Flex),Moncks Corner SC PD",Kennesaw State University
Hartwell GA PD,Hartwell GA PD,
Peachtree City GA PD,"Peachtree City GA PD (Condor),Peachtree City GA PD","Kennesaw State University,Kennesaw State University Raven"
IA - Eldridge PD,Eldridge PD (IA),
 IN - West Baden Springs PD,West Baden Springs PD IN,
LaGrange KY PD,LaGrange KY PD,
New Albany IN PD,New Albany IN PD,
Augusta KS DPS,Augusta KS DPS,
St. Martin Parish LA SO,St. Martin Parish LA SO,Kennesaw State University
Auburn IN PD,Auburn IN PD,
St. Joseph MO PD,St. Joseph MO PD,
Ludowici GA PD,"Ludowici GA PD Condor,City of Ludowici",Kennesaw State University
Warrenton NC PD ,Warrenton NC PD ,Kennesaw State University
Franklin County MO SO ,Franklin County MO SO ,Kennesaw State University
Concordia KS PD,Concordia KS PD,
Linden IN PD,Linden IN PD,
Maryland Heights MO PD,"Maryland Heights MO PD,Maryland Heights Visitor Center (MO)",Kennesaw State University
Tupelo MS PD,"Tupelo MS PD (Flex),Tupelo MS PD",
Marion IN PD,"Marion IN PD (FLEX),Marion IN PD",Kennesaw State University
MS - Philadelphia PD,Philadelphia PD Falcon Cams (MS),Kennesaw State University
Hapeville GA PD,"Hapeville GA PD,Hapeville GA PD - Redspeed","Kennesaw State University,Kennesaw State University Raven"
Kane County Forest Preserve IL PD ,Kane County Forest Preserve IL PD ,
Henry County GA PD,"Henry County GA - Wing LVI (Redspeed),Henry County GA PD - Raven,Henry County GA PD - Wing,Henry County GA PD","Kennesaw State University,Kennesaw State University Raven"
Chamblee GA PD,"Chamblee GA PD - Redspeed,Chamblee GA PD,Chamblee GA PD (Condor),Chamblee GA PD - Wing","Kennesaw State University,Kennesaw State University Raven"
Vernon County WI SO,"Vernon County WI SO Flex,Vernon County WI SO",Kennesaw State University
Orange Beach AL PD,Orange Beach AL PD,Kennesaw State University
Missouri Department of Public Safety,Missouri Department of Public Safety,
Duncan OK PD,Duncan PD (OK),
Morristown IN PD,Morristown IN PD,
Hancock County IN SO,Hancock County IN SO,Kennesaw State University
McMinnville TN PD,McMinnville TN PD,Kennesaw State University
Hardeeville SC PD,"Hardeeville SC PD,Hardeeville SC PD (Flex)",Kennesaw State University
Dacono CO PD,Dacono CO PD,
Lakeland FL PD,"Lakeland FL PD,Lakeland FL PD (Flex)",Kennesaw State University
Laurens County GA SO,Laurens County GA SO,"Kennesaw State University,Kennesaw State University Raven"
Town of Newburgh NY PD,Town of Newburgh NY PD,Kennesaw State University
Ladue MO PD,Ladue MO PD,Kennesaw State University
Suwanee GA PD,"Suwanee GA PD,Suwanee GA PD - Wing","Kennesaw State University,Kennesaw State University Raven"
Marshall County AL SO,Marshall County AL SO,Kennesaw State University
Milton GA PD,"Milton GA PD,Milton GA PD (Flex)","Kennesaw State University,Kennesaw State University Raven"
Rockmart GA PD,Rockmart GA PD,"Kennesaw State University,Kennesaw State University Raven"
AL - Jacksonville State University Campus PD,Jacksonville State University Campus PD (AL),Kennesaw State University
Erath County TX SO ,Erath County TX SO ,
Eatonton GA PD,"Eatonton GA PD Condor,Eatonton GA PD","Kennesaw State University,Kennesaw State University Raven"
Lumberton NC PD,Lumberton NC PD,Kennesaw State University
Livingston TX PD,Livingston TX PD,
Crawford County KS SO,Crawford County KS SO,
Liberty Village NY PD,Liberty Village NY PD,
St. Augustine FL PD,St. Augustine FL PD,Kennesaw State University
Burnett County WI SO,Burnett County WI SO,
Union City GA PD,Union City GA PD,"Kennesaw State University,Kennesaw State University Raven"
Jefferson County KY SO,Jefferson County KY SO,Kennesaw State University
South Portland ME PD,South Portland ME PD,
Lauderdale County TN SO,Lauderdale County TN SO,Kennesaw State University
Macon County GA SO,Macon County GA SO,Kennesaw State University
Indianapolis International Airport IN PD,Indianapolis International Airport IN PD,
Hoopeston IL PD ,Hoopeston IL PD ,Kennesaw State University
Ozarks Drug Enforcement Team MO,Ozarks Drug Enforcement Team MO,
Gallia County OH SO,Gallia County OH SO,Kennesaw State University
Southmayd TX PD ,Southmayd TX PD ,
Glendale OH PD,"Glendale OH PD,Glendale OH PD",Kennesaw State University
Fort Loramie OH PD,"Fort Loramie OH PD (FLEX),Fort Loramie OH PD",
Herrin IL PD,Herrin IL PD,Kennesaw State University
Plainview TN PD,Plainview TN PD,
Lafayette IN PD,Lafayette PD IN,Kennesaw State University
University of Georgia GA PD,University of Georgia GA PD ,"Kennesaw State University,Kennesaw State University Raven"
Goddard KS PD,Goddard KS PD,
Troy OH PD,Troy OH PD,Kennesaw State University
TX - Vernon PD,Vernon PD (TX),
Fort Worth TX PD ,"Fort Worth TX PD - PID 7 Heritage,Fort Worth TX PD - Milestone Live PTZ,Sun Valley PID,Fort Worth TX PD Wing LPR Cameras (Q1700),Fort Worth Code Compliance,Fort Worth TX PD PID #11 Stockyards,Fort Worth TX PD - Wing LVT,East Lancaster PID,Fort Worth TX PD,Fort Worth TX PD - Las Vegas Trail",Kennesaw State University
Dare County NC SO,Dare County NC SO,
Lincoln Park MI PD,Lincoln Park MI PD,
Clio MI PD,Clio MI PD,
Monroe County GA SO,Monroe County GA SO,"Kennesaw State University,Kennesaw State University Raven"
Burlington IA PD,Burlington PD (IA),
Racine WI PD,Racine WI PD,
Posen IL PD,Posen IL PD,
College Place WA PD,College Place WA PD,
Dekalb County SO (GA),DeKalb County SO (GA),Kennesaw State University
Jerome County ID SO,Jerome County ID SO,
Woodlawn OH PD,Woodlawn OH PD,Kennesaw State University
Georgia Tech GA PD,"Georgia Tech GA PD,Georgia Tech GA PD - Raven,Georgia Tech DFR,Georgia Tech GA PD (FLEX) ","Kennesaw State University,Kennesaw State University Raven"
Blount County TN SO,Blount County TN SO,Kennesaw State University
Lincoln Parish LA SO,Lincoln Parish LA SO ,Kennesaw State University
Blairsville GA PD,Blairsville GA PD,Kennesaw State University Raven
Olmsted Falls OH PD,Olmsted Falls OH PD,
Brookhaven GA PD,"Brookhaven Parks (GA),Brookhaven Parks Ashford Forest (GA),Brookhaven GA PD (LR),Brookhaven GA PD (Falcon)","Kennesaw State University,Kennesaw State University Raven"
Payson AZ PD,Payson AZ PD,
Bleckley County GA SO,Bleckley County GA SO ,Kennesaw State University
St. Charles Parish LA SO,"St. Charles Parish LA SO,St. Charles Parish LA SO (Flex)",Kennesaw State University
Cedartown GA PD,"Cedartown GA PD - Redspeed,Cedartown GA PD Condor,Cedartown GA PD","Kennesaw State University,Kennesaw State University Raven"
Sarcoxie MO PD,Sarcoxie MO PD,
Miami County Park District OH Rangers,Miami County Park District OH Rangers,
Cape Girardeau MO PD,Cape Girardeau MO PD,Kennesaw State University
Portage MI PD,Portage MI PD,
Johnston IA PD,Johnston IA PD,
Logan County NE SO,Logan County NE SO,
Lookout Mountain GA PD ,"Lookout Mountain GA PD (Condor),Lookout Mountain GA PD ",Kennesaw State University
Erlanger KY PD,Erlanger KY PD,"Kennesaw State University,Kennesaw State University Raven"
Sauk Village IL PD,Sauk Village IL PD ,Kennesaw State University
Gwinnett County School PD,Gwinnett County School PD,"Kennesaw State University,Kennesaw State University Raven"
Pittsboro IN PD,Pittsboro IN PD,Kennesaw State University
Scott County MS SO,Scott County MS SO,Kennesaw State University
Upson County GA SO,Upson County GA SO,Kennesaw State University
Georgetown IL PD,Georgetown IL PD,Kennesaw State University
Fairmount IN PD,Fairmount IN PD,Kennesaw State University
Thunderbolt GA PD,Thunderbolt GA PD,Kennesaw State University
Elbert County GA SO,Elbert County GA SO ,Kennesaw State University
Washington County TN SO,"Washington County TN SO,Washington County TN SO (Flex)",Kennesaw State University
Ellijay GA PD,Ellijay GA PD,"Kennesaw State University,Kennesaw State University Raven"
Franklin County AL SO,"Franklin County AL SO (Flex),Franklin County AL SO",Kennesaw State University
Henry County IL SO,Henry County IL SO,Kennesaw State University
Butler IN PD,Butler IN PD,
Hutchins TX PD  ,Hutchins TX PD,
Kalamazoo Township MI PD,Kalamazoo Township MI PD,
Baker County GA SO,"Baker County GA SO,Baker County GA SO (CONDOR)",Kennesaw State University
South Sioux City NE PD ,South Sioux City NE PD ,
Gastonia NC PD,Gastonia NC PD,Kennesaw State University
OK - Idabel PD,Idabel PD (OK),
Fairburn GA PD,Fairburn GA PD,"Kennesaw State University,Kennesaw State University Raven"
Johnson County KS SO,"Johnson County KS SO,Johnson County KS SO (Flex)",
Savannah PD - GA ,"Savannah Code Compliance,Savannah GA PD,Savannah GA PD (Flex)","Kennesaw State University,Kennesaw State University Raven"
Madison GA PD,"Madison GA PD (Flex),Madison GA PD","Kennesaw State University,Kennesaw State University Raven"
Dearborn MI PD,Dearborn MI PD,Kennesaw State University
Republic MO PD,Republic MO PD,Kennesaw State University
Ellsworth County KS SO,Ellsworth County KS SO,Kennesaw State University
Ridgefield CT PD,Ridgefield CT PD,
KS - Meade County SO,Meade County SO (KS),
Lafourche Parish LA SO,Lafourche Parish LA SO,
Decatur GA PD,Decatur GA PD,"Kennesaw State University,Kennesaw State University Raven"
Washington MO PD,Washington MO PD,
Garfield Heights OH PD,"Garfield Heights OH PD (FLEX),Garfield Heights OH PD",
AR - Mountain View PD,Mountain View PD (AR),Kennesaw State University
LaFayette County FL SO,"Lafayette County FL SO (Flex),LaFayette County FL SO",Kennesaw State University
Martinsville IN PD,Martinsville IN PD,
Decatur County GA SO,Decatur County GA SO,"Kennesaw State University,Kennesaw State University Raven"
Talladega County AL SO,Talladega County AL SO,Kennesaw State University
Paris KY PD,Paris KY PD,Kennesaw State University
Minster OH PD,Minster OH PD,Kennesaw State University
Mt. Zion IL PD,Mt. Zion IL PD,
Sylvania OH PD,Sylvania OH PD,
Rossville GA PD,"Rossville GA PD (Condor),Rossville GA PD","Kennesaw State University,Kennesaw State University Raven"
Jackson County NC SO,"Jackson County NC SO,Jackson County NC SO - Falcon Flex",Kennesaw State University
Groveport OH PD,Groveport OH PD,Kennesaw State University
Union County NC SO,"Union County NC SO (Flex),Union County NC SO",Kennesaw State University
Frederick CO PD,Frederick CO PD,
Beaumont TX PD,Beaumont TX PD ,Kennesaw State University
Chanute KS PD,Chanute KS PD,Kennesaw State University
Indiana State Police IN PD,"Indiana State Police IN PD (LR),Indiana State Police IN PD,Indiana State Police IN PD (Flex)",Kennesaw State University
Orlando FL PD,"Orlando FL PD (LR),Orlando FL PD ",Kennesaw State University
Greenville GA PD,Greenville GA PD,Kennesaw State University
Lexington KY PD,Lexington KY PD,Kennesaw State University
Wolverine Lake MI PD,Wolverine Lake MI PD,
Mesquite TX PD,"Mesquite PD TX,Mesquite TX PD (Falcon Flex) ",
Wilton Manors FL PD,Wilton Manors FL PD (Falcon Flex) ,Kennesaw State University
Clayton MO PD,Clayton MO PD,Kennesaw State University
Kaufman TX PD,Kaufman PD TX (LPR),
Fuquay-Varina NC PD,Fuquay Varina NC PD,Kennesaw State University
Beacon City NY PD,"Beacon City NY PD,Beacon City NY PD (Flex)",
Douglas County NE SO,Douglas County NE SO,
Henderson County NC SO ,"Henderson County NC SO (Flex),Henderson County NC SO",Kennesaw State University
Newton IA PD,Newton IA PD,
Las Vegas NM PD,Las Vegas NM PD,Kennesaw State University
Whitesburg GA PD,"Whitesburg GA PD (Redspeed),Whitesburg GA PD","Kennesaw State University,Kennesaw State University Raven"
Tomah WI PD,Tomah WI PD,
Montezuma IN PD,Montezuma IN PD,
Bulloch County GA SO,Bulloch County GA SO ,"Kennesaw State University,Kennesaw State University Raven"
Covington GA PD,"Covington GA PD,Covington Housing Authority ","Kennesaw State University,Kennesaw State University Raven"
San Luis AZ PD,San Luis AZ PD,
Dyer County TN SO,Dyer County TN SO ,Kennesaw State University
Jessamine County KY SO,Jessamine Co KY SO,Kennesaw State University
MS - Flowood PD,Flowood PD Falcons (MS),Kennesaw State University
North Myrtle Beach SC PD,North Myrtle Beach SC PD,Kennesaw State University
Georgetown KY PD,Georgetown KY PD,Kennesaw State University
Xenia OH PD,Xenia OH PD,
West Terre Haute IN PD,West Terre Haute IN PD,Kennesaw State University
Cookeville TN PD,Cookeville TN PD,Kennesaw State University
Clear Lake WI PD,Clear Lake WI PD,
Monahans TX PD,Monahans TX PD,
Davenport FL PD,Davenport FL PD,
Lyons GA PD,"Lyons GA PD (Condor),Lyons GA PD",Kennesaw State University
Creve Coeur IL PD,Creve Coeur IL PD,
Richardson TX PD,Richardson TX PD ,Kennesaw State University
McDonough GA PD,"McDonough GA PD (Condor),McDonough GA PD,McDonough GA PD - Raven,McDonough GA PD - RedSpeed",Kennesaw State University
Selma TX PD ,Selma TX PD,
Montgomery County OH SO,Montgomery County OH SO,
Bethlehem PA PD,"Bethlehem PA PD (Flex),Bethlehem PA PD (Wing),Bethlehem PA PD",
South Bend IN Airport Transit PD ,South Bend IN Airport Transit PD,
Muttontown NY PD,Muttontown NY PD,
Crisp County GA SO,"Crisp County GA SO,Crisp County GA SO Condor,GA-Crisp County SO Wing","Kennesaw State University,Kennesaw State University Raven"
Marietta GA PD,"Marietta GA PD - Condor,Marietta GA PD - Falcon,Marietta GA PD - Raven,Marietta GA  - FlockOS Live Video,Marietta GA PD - Flex","Kennesaw State University,Kennesaw State University Raven"
Blackshear GA PD,"Blackshear GA PD,Blackshear GA PD - Raven",Kennesaw State University
Clinton Township MI PD,Clinton Township MI PD,
GA - Georgia Piedmont Technical College ,"Georgia Piedmont Technical College Campus PD ,GA - Georgia Piedmont Technical College (RAVEN)","Kennesaw State University,Kennesaw State University Raven"
Stephens County GA SO,Stephens County GA SO,Kennesaw State University
Bellville TX PD ,Bellville TX PD ,
Waukesha WI PD,Waukesha WI PD,Kennesaw State University
Georgia State University GA PD,"Georgia State University GA PD - Raven,Georgia State University GA PD",Kennesaw State University
Villa Rica GA PD,"Villa Rica GA PD,Villa Rica GA PD (Flex)","Kennesaw State University,Kennesaw State University Raven"
Harper County KS SO,Harper County KS SO,Kennesaw State University
Fairview Park OH PD,Fairview Park OH PD,
St. James Parish LA SO,St James Parish LA SO,Kennesaw State University
Quapaw Nation OK Marshals Service,Quapaw Nation Marshals Service (OK),
Lawrence County IN SO,Lawrence County IN SO,
Bristol CT PD,Bristol CT PD,
Port Fourchon Harbor LA PD,Port Fourchon Harbor LA PD,Kennesaw State University
New Baden IL PD,New Baden IL PD,Kennesaw State University
MS - Itawamba Community College Campus PD,Itawamba Community College Campus PD (MS),Kennesaw State University
Oak Ridge TN PD ,Oak Ridge TN PD,Kennesaw State University
Pea Ridge AR PD,Pea Ridge AR PD,Kennesaw State University
Breckenridge CO PD,Breckenridge CO PD,
Berkeley County SC SO,Berkeley County SC SO,Kennesaw State University
Homewood AL PD,Homewood AL PD*,Kennesaw State University
IN - Angola PD,Angola PD IN,
Union County SC SO,"Union County SC SO,Union County SO SC (Flex)",Kennesaw State University
Glasgow KY PD,Glasgow KY PD,Kennesaw State University
Auburn Hills MI PD,Auburn Hills MI PD,
Warrick County IN SO,Warrick Co IN SO,Kennesaw State University
Butts County GA SO,"Butts County GA SO - Raven,Butts County GA SO","Kennesaw State University,Kennesaw State University Raven"
Sarasota County FL SO,Sarasota County FL SO,Kennesaw State University
Aurora CO PD,Aurora CO PD,
Chatham IL PD,"Chatham IL PD (Flex),Chatham IL PD,Chatham IL PD Condors",Kennesaw State University
Mohave County AZ SO,AZ - Mohave County Sheriff's Office,Kennesaw State University
Franklin County FL SO,"Franklin County FL SO,Franklin County FL SO - Flex ","Kennesaw State University,Kennesaw State University Raven"
Boone County IN SO,Boone County IN SO,
Monterey TN PD,Monterey TN PD,Kennesaw State University
Fitzgerald GA PD,Fitzgerald GA PD - Falcon,"Kennesaw State University,Kennesaw State University Raven"
Calhoun GA PD,"Calhoun GA PD (Condor),Calhoun GA PD","Kennesaw State University,Kennesaw State University Raven"
East Point GA PD,"East Point GA PD - Redspeed,East Point GA PD,East Point GA PD (Raven)","Kennesaw State University,Kennesaw State University Raven"
Quincy FL PD,Quincy FL PD,
Lone Tree CO PD,"Lone Tree CO PD,Lone Tree CO PD (FalconHwy)",
Cottleville MO PD,Cottlevile MO PD,Kennesaw State University
Marion County WV SO,Marion County WV SO,Kennesaw State University
Alabama Law Enforcement Agency (ALEA),"Alabama Law Enforcement Agency (ALEA),ALEA (LR),ALEA",Kennesaw State University
Gulf Stream FL PD,Gulf Stream FL PD,Kennesaw State University
Albany GA PD,"Albany GA PD Raven,Albany GA PD,Albany GA PD - Wing LVI (Redspeed),Albany GA PD Condor","Kennesaw State University,Kennesaw State University Raven"
Rowan County NC SO,"NC - Rowan County SO - Insight Omnia,Rowan County NC SO",Kennesaw State University
Cheyenne WY PD,Cheyenne WY PD,Kennesaw State University
Coles County IL SO ,"Coles County IL SO,Ashmore IL PD ",
Hayden AL PD,Hayden AL PD,
Lafayette Parish LA SO,Lafayette Parish LA SO ,
Village of Clearview WV PD,Village of Clearview WV PD,Kennesaw State University
Phelps County MO SO,Phelps County MO SO,Kennesaw State University
Savannah International Airport GA PD,Savannah International Airport GA PD,Kennesaw State University
Eau Claire County WI SO,Eau Claire County WI SO,Kennesaw State University
Apex NC PD,Apex NC PD,Kennesaw State University
Des Peres MO DPS,Des Peres MO DPS,Kennesaw State University
Norton Shores MI PD,Norton Shores MI PD,
[Federal] US Postal Inspection Service,US Postal Inspection Service - Flex,"Kennesaw State University,Kennesaw State University Raven"
Sparta TN PD,Sparta TN PD,Kennesaw State University
Pleasant Prairie WI PD,Pleasant Prairie WI PD,
Hamilton County TN SO,Hamilton County TN SO,Kennesaw State University
Greenfield WI PD,Greenfield WI PD,
Western Michigan University MI PD,Western Michigan University MI PD,
Henderson County KY SO,"Henderson County KY SO (Condor),Henderson County KY SO,Henderson County KY SO (Flex)",Kennesaw State University
Marathon County WI SO,"Town Of Rib Mountain (WI),Marathon County WI SO",
Grantville GA PD,Grantville GA PD,Kennesaw State University
Habersham County GA SO,Habersham County GA SO,"Kennesaw State University,Kennesaw State University Raven"
Lake St. Louis MO PD,Lake St. Louis MO PD,Kennesaw State University
Blue Ridge GA PD,"Blue Ridge GA PD (Flex),Blue Ridge GA PD",Kennesaw State University
Person County NC SO,"Person County NC SO,Person County NC SO (LR),Person County NC SO (Flex)",Kennesaw State University
Louisburg NC PD,Louisburg NC PD,Kennesaw State University
Marion SC PD,"Marion SC PD Flex,Marion SC PD",Kennesaw State University
Fultondale AL PD,Fultondale AL PD,Kennesaw State University
Dawson County GA SO,Dawson County GA SO,"Kennesaw State University,Kennesaw State University Raven"
Fairfield CT PD,"Fairfield CT PD - Axis Wing LPR,Fairfield CT PD",
Banks County GA SO,Banks County GA SO,"Kennesaw State University,Kennesaw State University Raven"
Fort Bend County Const TX Pct 4,"Fort Bend County TX MUD 194,Fort Bend County MUD 215 - Pct 4,Fort Bend County TX MUD 146 ",
White House TN PD,White House TN PD (LPR),Kennesaw State University
Folly Beach SC PD,Folly Beach SC PD,
Madison County IN SO,Madison County IN SO,Kennesaw State University
Flint Township MI PD,Flint Township MI PD,
Branson MO PD,Branson MO PD,Kennesaw State University
Alabaster AL PD,Alabaster AL PD,Kennesaw State University
Yancey County NC SO,"Yancey County NC SO (Flex),Yancey County NC SO",Kennesaw State University
Bellbrook OH PD ,Bellbrook OH PD,
Roman Forest TX PD ,Roman Forest TX PD ,
Hancock County GA SO,Hancock County GA SO,"Kennesaw State University,Kennesaw State University Raven"
Wixom MI PD,Wixom MI PD,Kennesaw State University
Mattoon IL PD,Mattoon IL PD,Kennesaw State University
Cherokee County GA SO,"Cherokee County GA SO,Cherokee County GA SO (Flex),Cherokee County GA SO (Condor)","Kennesaw State University,Kennesaw State University Raven"
[Federal] US GSA Office of Inspector General,US - GSA Office of Inspector General,
Oakbrook Terrace IL PD,Oakbrook Terrace IL PD,
Sioux City IA PD,Sioux City IA PD,Kennesaw State University
Allegan County SO MI,Allegan County SO MI,
Westlake OH PD,Westlake OH PD,
Johnston City IL PD,Johnston City IL PD,Kennesaw State University
Steubenville OH PD,Steubenville OH PD,
Beaufort SC PD ,Beaufort SC PD ,Kennesaw State University
Lincoln County TN SO,Lincoln County SO (TN),Kennesaw State University
Union Township PD (Clermont Co) - OH,"Union Township OH (Clermont Co) PD,Union Township OH PD Flex",Kennesaw State University
Golf Manor OH PD,Golf Manor OH PD,"Kennesaw State University,Kennesaw State University Raven"
Long County GA SO,Long County GA SO,"Kennesaw State University,Kennesaw State University Raven"
Splendora TX PD,Splendora PD TX,
Lenox GA PD ,Lenox GA PD ,Kennesaw State University
RIG WI DTF,RIG WI DTF,
Fairfax OH PD,"Fairfax OH PD,Fairfax OH PD (Live View)",Kennesaw State University
OH - Stark Parks Public Safety,Stark Parks Public Safety OH,Kennesaw State University
Kershaw County SC SO,Kershaw County SC SO,Kennesaw State University
Spartanburg County SC SO,Spartanburg County SC SO (Flex),Kennesaw State University
Huber Heights OH PD,Huber Heights OH PD,
East Hampton Village NY PD,East Hampton Village NY PD,Kennesaw State University
Utica City NY PD,Utica City NY PD,
Falfurrias TX PD,Falfurrias TX PD,
Macon County NC SO,"Macon County NC SO,Macon County NC SO (Flex)",Kennesaw State University
Lavon TX PD ,Lavon TX PD ,
Coolidge AZ PD,Coolidge AZ PD,
Lineville AL PD,Lineville AL PD,Kennesaw State University
Polk County MO SO,"Polk County MO SO,Polk County MO SO (Flex)",
Pooler GA PD,Pooler GA PD,"Kennesaw State University,Kennesaw State University Raven"
Logan County KY SO ,Logan County KY SO,Kennesaw State University
Audrain County MO SO,Audrain County MO SO,
Monroe MI PD,Monroe MI PD,
Kingston TN PD,Kingston TN PD,Kennesaw State University
Knox County SO NE,Knox County SO NE,
Oconee County SC SO,Oconee County SC SO,Kennesaw State University
Clayton GA PD,"Clayton GA PD,Clayton GA PD (Condors)",Kennesaw State University
Hendersonville NC PD,Hendersonville NC PD,Kennesaw State University
Ste. Genevieve County MO SO ,Ste. Genevieve County MO SO,Kennesaw State University
Lee County SC SO,"Lee County SC SO,Lee County SC SO (Flex)",Kennesaw State University
University Circle OH PD,University Circle PD OH,
Lawrenceville GA PD,"Lawrenceville GA PD - Raven,Lawrenceville GA PD (Flex),Lawrenceville GA PD","Kennesaw State University,Kennesaw State University Raven"
Craven County NC SO,Craven County NC SO,Kennesaw State University
Columbus IN PD,Columbus IN PD,Kennesaw State University
Spalding County GA SO,Spalding County GA SO,Kennesaw State University
Blountsville AL PD,Blountsville AL PD,Kennesaw State University
Kokomo IN PD,Kokomo IN PD,Kennesaw State University
Medicine Lodge KS PD,Medicine Lodge KS PD,Kennesaw State University
OH - Blanchester PD,Blanchester PD OH,Kennesaw State University
Forest Park GA PD,"Forest Park GA PD,Forest Park GA PD - Redspeed","Kennesaw State University,Kennesaw State University Raven"
Greenwood SC PD,Greenwood SC PD,Kennesaw State University
Kenmore Village NY PD,Kenmore Village NY PD,
East Peoria IL PD,East Peoria IL PD,
Lincoln AL PD,"Lincoln AL PD (Flex),Lincoln AL PD",Kennesaw State University
Lancaster County SC SO ,"Lancaster County SC SO,Lancaster County SC SO (Flex)",Kennesaw State University
Moore OK PD,Moore OK PD,
Bristol IN PD,Bristol IN PD,
Johnson County TN SO,Johnson County TN SO,Kennesaw State University
White County GA SO,White County GA SO,"Kennesaw State University,Kennesaw State University Raven"
Shelbyville IN PD ,"Shelbyville IN PD (Flex),Shelbyville IN PD ",Kennesaw State University
Lancaster SC PD,"Lancaster SC PD (Flex),Lancaster SC PD",Kennesaw State University
Erwin TN PD,Erwin PD Flex Cams (TN),
Jefferson County SO IN,Jefferson County SO IN,Kennesaw State University
Peotone IL PD ,Peotone IL PD ,
Cass County IN SO,"Cass County IN SO (Flex),Cass County IN SO",Kennesaw State University
Tennessee Valley Authority Police,Tennessee Valley Authority Police,"Kennesaw State University,Kennesaw State University Raven"
Thomas County GA SO,Thomas County GA SO ,Kennesaw State University
Gwinnett County GA SO,"Gwinnett County GA SO (Falcon Flex) ,Gwinnett County SO - NPF LPR Study (GA),Gwinnett County Sheriff's Office (GA)","Kennesaw State University,Kennesaw State University Raven"
Florence KY PD,Florence KY PD,
Treasure Island FL PD,Treasure Island FL PD,
Loveland CO PD,Loveland CO PD,Kennesaw State University
Center Point AL PD,Center Point AL,
Middle Tennessee State TN PD ,Middle Tennessee State TN PD ,Kennesaw State University
Matteson IL PD,Matteson IL PD,
Kentwood MI PD,Kentwood MI PD,
Conway AR PD,Conway AR PD,Kennesaw State University
Russell County AL SO,Russell County AL SO,Kennesaw State University
Commerce GA PD,Commerce GA PD,Kennesaw State University
Chatham County GA SO,Chatham County GA SO,Kennesaw State University
Jackson County FL SO,Jackson County FL SO,Kennesaw State University
Jemison AL PD,Jemison AL PD,Kennesaw State University
Lakeside Park-Crestview Hills KY PD,Lakeside Park-Crestview Hills KY PD,"Kennesaw State University,Kennesaw State University Raven"
Georgia Southwestern State University Campus PD ,Georgia Southwestern State University Campus PD ,Kennesaw State University
Niceville FL PD,Niceville FL PD,Kennesaw State University
Henry County IN SO,Henry County IN SO,Kennesaw State University
Humble TX PD,Humble TX PD,
Gilmer County GA SO,"Gilmer County GA SO ,Gilmer County GA SO (Live Video) ","Kennesaw State University,Kennesaw State University Raven"
Sumter SC PD,Sumter SC PD,
Stevens Point WI PD,Stevens Point WI PD,Kennesaw State University
Jonesboro AR PD,"Jonesboro AR PD (Flex),Jonesboro AR PD ",Kennesaw State University
Illinois Attorney General,Illinois Attorney General (Flex),Kennesaw State University
Irwin County GA SO,Irwin County GA SO,Kennesaw State University
Davidson NC PD,"Davidson NC PD,Town of Davidson NC - Wing Live",Kennesaw State University
Louisville Airport PD,Louisville Airport PD,Kennesaw State University
Georgia Attorney General's Office  - GA,Office of the Attorney General (GA) - Flex,"Kennesaw State University,Kennesaw State University Raven"
Grand County CO SO,Grand County CO SO,
Adams County IN SO,Adams County IN SO,
Morristown TN PD,Morristown TN PD,Kennesaw State University
Marysville OH PD,Marysville OH PD,Kennesaw State University
Florissant MO PD,Florissant MO PD,Kennesaw State University
Killeen TX PD,Killeen PD TX,Kennesaw State University
Paris TN PD,Paris TN PD,Kennesaw State University
Davison Township MI PD,Davison Township MI PD,
Auburn NY PD,Auburn City NY PD,Kennesaw State University
Perry County MO SO,Perry County MO SO,Kennesaw State University
Purcell OK PD,Purcell OK PD ,Kennesaw State University
Saint Johns AZ PD,Saint Johns AZ PD,
Newark OH PD,Newark OH PD,Kennesaw State University
Newport TN PD,Newport TN PD,
Tallapoosa GA PD,Tallapoosa GA PD,"Kennesaw State University,Kennesaw State University Raven"
Powell OH PD,Powell OH PD,Kennesaw State University
Morrow OH PD,Morrow OH PD,Kennesaw State University
McCook IL PD,McCook IL PD,
Steger IL PD,Steger IL PD ,
Elkhart County IN SO,"Elkhart Co IN SO ,Elkhart County IN SO (FLEX)",
Indian Hill OH PD,Indian Hill OH PD,
Redford Twp MI PD,Redford Twp MI PD,
Fish and Wildlife Commission FL PD,"FL - Florida Fish & Wildlife Wing,Fish and Wildlife Commission FL PD",Kennesaw State University
West Carrollton OH PD,"West Carrollton OH PD,West Carrolton OH PD (CONDOR)",
Oakland TN PD,"Oakland TN PD,Oakland TN PD (FLEX)",Kennesaw State University
Wyoming MI PD,Wyoming MI PD,
Lakemore OH PD,Lakemore OH PD,
West Des Moines IA PD,West Des Moines IA PD,
Coldwater MI PD,Coldwater MI PD,
Baytown TX PD,Baytown TX PD ,
Perrysburg Twp OH PD,Perrysburg Twp OH PD,
Smyrna TN PD,Smyrna TN PD,Kennesaw State University
Hilliard OH PD,Hilliard OH PD,
Lauderdale County AL SO,Lauderdale County AL SO,Kennesaw State University
Cocoa Beach FL PD,Cocoa Beach FL PD,Kennesaw State University
Fishers IN PD,"Fishers IN PD (Condor),Fishers IN PD",Kennesaw State University
Clinton MO PD,Clinton MO PD,
Milford MI PD,Milford MI PD,Kennesaw State University
Wells County IN SO,Wells County IN SO,Kennesaw State University
LaGrange GA PD,"LaGrange GA PD,LaGrange GA PD - Redspeed",Kennesaw State University
Calhoun County AL SO,Calhoun County AL SO,Kennesaw State University
Kennesaw GA PD,Kennesaw GA PD,"Kennesaw State University,Kennesaw State University Raven"
Wentzville MO PD,"Wentzville Parks and Recreation MO,Wentzville MO PD",Kennesaw State University
Hotchkiss CO PD,Hotchkiss CO PD,
St. Lucie County FL SO,St. Lucie County FL SO,Kennesaw State University
Waller TX PD,Waller TX PD,
Hannibal MO PD,Hannibal MO PD,
Shelbyville TN PD,Shelbyville TN PD,Kennesaw State University
Montgomery County KS SO,Montgomery County KS SO,
[Federal] Wright Patterson OH Air Force Base,Wright Patterson OH Air Force Base - Falcon,Kennesaw State University
Warren County OH SO,"Warren County OH SO,South Lebanon OH (Warren Co)",Kennesaw State University
Vincennes IN PD,Vincennes IN PD,Kennesaw State University
Covington County AL SO,Covington County SO (AL),Kennesaw State University
Tahlequah OK PD,Tahlequah OK PD,
Bay County FL SO,Bay County FL SO,Kennesaw State University
Wisconsin State Capitol Police (WI),"Wisconsin State Capitol Police (WI),Wisconsin State Capitol Police (WI) FLEX",
Sylvania GA PD,Sylvania GA PD,"Kennesaw State University,Kennesaw State University Raven"
Streator IL PD,Streator IL PD,
Collierville TN PD,"Collierville TN PD FLEX,Collierville TN PD",Kennesaw State University
Helena AL PD,Helena AL PD,Kennesaw State University
AL- Clarke County SO,Clarke County SO (AL),Kennesaw State University
Edison State Community College,Edison State Community College (OH),"Kennesaw State University,Kennesaw State University Raven"
Southfield MI PD,Southfield MI PD,
Mentor OH PD,Mentor OH PD,
Flagler County FL SO,Flager County SO (FL),Kennesaw State University
Christian County MO SO,"City of Fremont Hills MO - Christian Co MO SO,Christian County MO SO",
Navajo State Park CO PD,Navajo State Park CO PD,
Brunswick OH PD,Brunswick OH PD,
Brunswick County NC SO,Brunswick County NC SO,Kennesaw State University
Germantown TN PD,Germantown TN PD,Kennesaw State University
Gosper County NE SO,Gosper County NE SO,
Anderson County TN SO,Anderson County TN SO,Kennesaw State University
Lyndhurst OH PD,Lyndhurst OH PD,
Stanley NC PD,Stanley NC PD,Kennesaw State University
Muskegon County MI SO,Muskegon County MI SO,
Tattnall County GA SO,Tattnall County GA SO,Kennesaw State University
Missouri City TX PD,Missouri City TX PD,
Hyde Park NY PD,"Hyde Park NY PD (Flex),Hyde Park NY PD",
Odessa TX PD,Odessa TX PD,
Dutchess County NY SO,Dutchess County NY SO,
Licking County OH SO,"Licking County OH SO (FLEX),Licking County OH SO",Kennesaw State University
Lake Delton WI PD,Lake Delton WI PD,
Troy AL PD,Troy AL PD,Kennesaw State University
Clarendon County SC SO ,Clarendon County SC SO ,Kennesaw State University
Woodstock AL PD,Woodstock AL PD,
Rock County WI SO,"Rock County WI SO (Flex),Rock County WI SO",Kennesaw State University
Haywood County NC SO,"Haywood County SO (NC) Flex,Haywood County SO (NC)",Kennesaw State University
Crystal Lake IL PD,Crystal Lake IL PD ,
Bedminster Twp NJ PD ,Bedminster Twp NJ PD ,
Gas City IN PD,Gas City IN PD,Kennesaw State University
MS - Senatobia PD,Senatobia PD (MS),Kennesaw State University
Guilderland NY PD ,Guilderland NY PD ,
New Paris OH PD,New Paris OH PD,
Lathrup Village MI PD,Lathrup Village MI PD,
Sale City GA PD ,"Sale City GA PD (Flex) ,Sale City GA PD","Kennesaw State University,Kennesaw State University Raven"
South Hutchinson KS PD,South Hutchinson KS PD,
Chenoa IL PD,Chenoa IL PD,
Oak Grove MO PD,Oak Grove MO PD,
South Bend IN PD,South Bend IN PD,
Suwannee County FL SO,Suwanee County FL SO,Kennesaw State University
Metropolis IL PD,Metropolis IL PD,Kennesaw State University
Reinhardt University GA PD ,Reinhardt University GA PD ,Kennesaw State University
Carlsbad NM PD,Carlsbad PD (NM),
Mansfield OH PD,Mansfield OH PD,Kennesaw State University
Ridgeland MS PD,Ridgeland MS PD,Kennesaw State University
OH - Chillicothe PD,Chillicothe PD OH,
Bixby OK PD,Bixby PD (OK),Kennesaw State University
Alamogordo NM PD,Alamogordo NM PD,
Decatur AL PD,Decatur AL PD,Kennesaw State University
Wyandotte Nation OK PD ,Wyandotte Nation OK PD ,
Webster Groves MO PD,Webster Groves MO PD,Kennesaw State University
Miami Gardens FL PD,Miami Gardens FL PD,
Holly Springs GA PD,Holly Springs GA PD ,"Kennesaw State University,Kennesaw State University Raven"
Lantana FL PD,"Lantana FL PD Flex,Lantana FL PD",Kennesaw State University
Rockport TX PD ,Rockport TX PD,
Waunakee WI PD,Waunakee WI PD,
Rockdale IL PD ,Rockdale IL PD,
Chesterfield MO PD,Chesterfield MO PD,Kennesaw State University
Dawson GA PD,Dawson GA PD ,Kennesaw State University
University of Texas Permian Basin PD,University of Texas Permian Basin PD,
Lebanon TN PD,Lebanon TN PD,Kennesaw State University
Ulysses KS PD,Ulysses KS PD,
St. Clair County MI SO,St. Clair County MI SO,
Wichita Falls TX PD ,"Wichita Falls TX PD (Flex),Wichita Falls TX PD ",Kennesaw State University
Albany City NY PD,"Albany City NY PD,Albany City NY PD (Flex)",
Columbia County FL SO,Columbia County FL SO,Kennesaw State University
Cass County MO SO,"City of Freeman MO - Cass County MO SO,Cass County MO SO",
Walton County GA SO,"Walton County GA SO,Walton County GA SO (Flex)","Kennesaw State University,Kennesaw State University Raven"
Hermitage PA PD,Hermitage PA PD,
Delaware County OH SO,Delaware County OH SO,Kennesaw State University
Cleveland County NC SO ,Cleveland County NC SO ,Kennesaw State University
Coral Springs FL PD,Coral Springs FL PD,Kennesaw State University
Independence KY PD,Independence KY PD,Kennesaw State University
Holmen WI PD,Holmen WI PD,
Woodstock GA PD,"Woodstock GA PD,Woodstock GA PD - Wing (RedSpeed)","Kennesaw State University,Kennesaw State University Raven"
Greendale IN PD,Greendale IN PD,
Marion IL PD,Marion IL PD,Kennesaw State University
Coshocton County OH SO,Coshocton County OH SO,Kennesaw State University
Columbus NC PD,Columbus NC PD,Kennesaw State University
Waveland MS PD,Waveland PD (MS),
Bradford County FL SO,Bradford County FL SO,Kennesaw State University
NE - Colfax Co SO,Colfax Co SO (NE),Kennesaw State University
Fairlawn OH PD,Fairlawn OH PD,Kennesaw State University
St. Bernard Parish LA SO,St. Bernard Parish LA SO,Kennesaw State University
Columbus OH PD,Columbus OH PD,
Homerville GA PD,Homerville GA PD,Kennesaw State University
Van Buren MI PD,Van Buren Township MI PD,
Lexington TN PD,Lexington TN PD,Kennesaw State University
Capitan NM PD,Capitan NM PD,
Millen GA Public Safety Dept ,Millen GA Public Safety Dept ,
Metter GA PD,Metter GA PD,Kennesaw State University
Jackson TN PD,"Jackson TN PD,Jackson TN PD (Flex)",Kennesaw State University
Cabarrus County NC SO,"Cabarrus County NC SO,Cabarrus County NC SO (Falcon Flex) ,Cabarrus County NC SO Condor",Kennesaw State University
Lithonia GA PD,Lithonia GA PD,Kennesaw State University
Riviera Beach FL PD,Riviera Beach FL PD,Kennesaw State University
Suffolk County NY SO,Suffolk County NY SO,Kennesaw State University
Norwich CT PD,Norwich CT PD,
Alachua FL PD,Alachua FL PD (FLEX),
Danielsville GA PD,Danielsville GA PD,"Kennesaw State University,Kennesaw State University Raven"
Larimer County CO SO,CO - Larimer County SO,
Cicero Town NY PD,Cicero Town NY PD,
Custer County CO SO,"Custer County CO SO,Custer County CO SO (LR)",Kennesaw State University
Chatsworth GA PD,Chatsworth GA PD,"Kennesaw State University,Kennesaw State University Raven"
Charleston IL PD,Charleston IL PD,Kennesaw State University
Rose Hill KS PD,Rose Hill KS PD,
Haralson County GA SO,"City of Waco (GA),Haralson County SO (GA)","Kennesaw State University,Kennesaw State University Raven"
McDowell County NC SO,McDowell County NC SO,Kennesaw State University
Madison County MS SO ,Madison County MS SO,Kennesaw State University
Trotwood OH PD,Trotwood OH PD,
Richmond KY PD,Richmond KY PD,Kennesaw State University
Prosper TX PD,Prosper TX PD,
Lynn Haven FL PD,Lynn Haven FL PD,
Galena Park ISD TX PD,Galena Park ISD TX PD,
Sarasota FL PD,Sarasota FL PD,Kennesaw State University
Wadley GA PD,"Wadley GA PD,Wadley GA PD (Condor)",
Oneida WI PD,Oneida WI PD,
Jefferson County WI SO,Jefferson County WI SO ,
Gainesville FL PD,Gainesville FL PD,Kennesaw State University
Canon City CO PD,Canon City CO PD,
Burleson TX PD,"Burleson TX PD (WingLPR),Burleson TX PD (Flex) ,Burleson TX PD",
Crowley TX PD,Crowley TX PD,
Loveland OH PD,Loveland OH PD,
Arlington TX PD,Arlington TX PD,
Boardman Township OH PD,Boardman PD OH,
Morgan County AL SO,Morgan County AL SO,Kennesaw State University
Sumner County TN SO,Sumner County TN SO,Kennesaw State University
Mount Morris Township PD MI,Mount Morris Township PD MI,Kennesaw State University
South Miami FL PD,South Miami PD (FL),
Eureka MO PD,Eureka MO PD,Kennesaw State University
Lilburn GA PD,"Lilburn GA PD - Redspeed,Lilburn CID,Lilburn GA PD","Kennesaw State University,Kennesaw State University Raven"
Thomasville GA PD,"Thomasville GA PD Raven ,Thomasville GA PD","Kennesaw State University,Kennesaw State University Raven"
Shelby County IN SO,Shelby County IN SO,
Hutto TX PD,Hutto TX PD ,
El Dorado AR PD,El Dorado AR PD,Kennesaw State University
Marshall WI PD,Marshall WI PD,
Florence County SC SO,"Florence County SC Sheriff's Office,Florence County SC SO (Flex)",Kennesaw State University
Flowery Branch GA PD,Flowery Branch GA PD,"Kennesaw State University,Kennesaw State University Raven"
Missouri Department of Conservation,Department of Conservation (MO),Kennesaw State University
Hackleburg AL PD,Hackleburg AL PD,Kennesaw State University
Montevallo AL PD,Montevallo AL PD,Kennesaw State University
Quogue Village NY PD,Quogue Village NY PD,
Nolensville TN PD,Nolensville TN PD,
Nichols Hills OK PD,Nichols Hills OK PD ,
Vidalia GA PD,"Vidalia GA PD,Vidalia GA PD (Redspeed)","Kennesaw State University,Kennesaw State University Raven"
Loudon TN PD,Loudon TN PD,"Kennesaw State University,Kennesaw State University Raven"
Erie County NY SO,Erie County NY SO,
Temple GA PD,Temple GA PD ,"Kennesaw State University,Kennesaw State University Raven"
Florence AL PD,Florence AL PD,Kennesaw State University
Miami Township OH PD (Clermont),Miami Township PD - OH (Clermont CO),
Peach County GA SO ,"Peach County GA SO (FLEX) ,Peach County GA SO ","Kennesaw State University,Kennesaw State University Raven"
Hillsdale MO PD,Hillsdale MO PD,
Tyrone GA PD,Tyrone GA PD,"Kennesaw State University,Kennesaw State University Raven"
Rome WI PD,"Rome WI PD Flex,Rome WI PD",
Speedway IN PD,Speedway IN PD,Kennesaw State University
Town of Connelly Springs NC,Town of Connelly Springs NC,
Loris SC PD,Loris SC PD,Kennesaw State University
Stafford County KS SO ,Stafford County KS SO ,
Owen County IN SO,Owen County IN SO,
Junction City KS PD,Junction City KS PD,Kennesaw State University
Hanover Park IL PD ,Hanover Park IL PD ,Kennesaw State University
Morgan County TN SO,Morgan County TN SO,Kennesaw State University
Neshoba County MS SO,Neshoba County MS SO,Kennesaw State University
Bartlett TN PD,Bartlett TN PD,Kennesaw State University
Bryant AR PD,Bryant AR PD,Kennesaw State University
McIntosh County GA SO  ,"McIntosh County (GA) (Condors),McIntosh County GA SO ",Kennesaw State University
Deer Park TX PD,Deer Park TX PD ,
Colquitt County GA SO,"Colquitt County GA SO,Colquitt County GA SO (Flex)",Kennesaw State University
Fulton County IN SO ,Fulton County IN SO,
Town of Rutherford College (NC),Town of Rutherford College (NC),Kennesaw State University
South Central OH Major Crimes Unit,South Central OH Major Crimes Unit,
Pokagon Tribal MI PD,Pokagon Tribal MI PD,
Kittitas County WA SO,Kittitas County WA SO,
Greencastle IN PD,Greencastle IN PD,
Henderson KY PD,Henderson KY PD,Kennesaw State University
Altoona WI PD,Altoona WI PD,
Snowflake-Taylor AZ PD,Snowflake-Taylor AZ PD,
Pembroke NC PD,Pembroke NC PD,Kennesaw State University
Anderson SC PD,"Anderson SC PD (Flex),Anderson SC PD",Kennesaw State University
Davie County NC SO,Davie County NC SO,Kennesaw State University
Bloomingdale GA PD,"Bloomingdale GA PD,Bloomingdale GA PD - Parks ",Kennesaw State University
Watkinsville GA PD,Watkinsville GA PD,"Kennesaw State University,Kennesaw State University Raven"
Centerville OH PD,Centerville OH PD,
Macomb IL PD,Macomb IL PD,Kennesaw State University
Montgomery County TN SO,"Montgomery County TN (Flex),Montgomery County TN SO",Kennesaw State University
Meriwether County GA SO,"Meriwether County GA SO (FLEX) ,Meriwether County GA SO",Kennesaw State University
Grayslake IL PD ,Grayslake IL PD ,
Barrow County GA SO,"Barrow County GA SO (Falcon),Barrow County GA SO - Wing Suite,Barrow County SO GA (Flex),Barrow County GA SO (Condor)","Kennesaw State University,Kennesaw State University Raven"
Gray County TX SO ,Gray County TX SO ,
La Grange MO PD,La Grange MO PD,
Saline County AR SO,Saline County AR SO,Kennesaw State University
Middlebury IN PD,Middlebury IN PD,
Daytona Beach Shores FL PD,Daytona Beach Shores FL PD,Kennesaw State University
Platte County MO SO,Platte County MO SO,
Darlington County SC SO,Darlington County SC SO,Kennesaw State University
Rocky Mount NC PD,"Rocky Mount NC PD (Falcon LR),Rocky Mount NC PD",Kennesaw State University
Holland TX PD ,Holland TX PD ,Kennesaw State University
Villa Park IL PD,"Villa Park IL PD (flex),Villa Park IL PD",Kennesaw State University
Whitewater WI PD,Whitewater WI PD,Kennesaw State University
Grant County IN SO,Grant County IN SO,Kennesaw State University
Clearwater FL PD,Clearwater FL PD,Kennesaw State University
Harriman TN PD,Harriman TN PD,Kennesaw State University
Chatham County GA PD,"Chatham County GA PD,Chatham County PD (GA) Flex","Kennesaw State University,Kennesaw State University Raven"
Schley County SO GA ,Schley County SO GA ,Kennesaw State University
Harrison AR PD,Harrison AR PD,
Beachwood OH PD,Beachwood PD OH,
Towns County GA SO ,Towns County GA SO ,"Kennesaw State University,Kennesaw State University Raven"
Ohio State Fire Marshal,Ohio State Fire Marshal (Flex),Kennesaw State University
Loganville GA PD,Loganville GA PD,"Kennesaw State University,Kennesaw State University Raven"
Douglas County WA SO,Douglas County WA SO,
Gainesville GA PD,"Gainesville GA PD,Gainesville PD (GA) Flex","Kennesaw State University,Kennesaw State University Raven"
Garfield County CO SO,Garfield County CO SO,
Moraine OH PD,"Moraine OH PD,Moraine OH PD (CONDOR)",
Southgate KY PD,Southgate KY PD,
Parke County IN SO,Parke County IN SO,Kennesaw State University
Cook County GA SO,Cook County GA SO ,Kennesaw State University
Brookville NY PD,Brookville NY PD,
Houston County GA SO,Houston County GA SO,"Kennesaw State University,Kennesaw State University Raven"
Santa Rosa County FL SO,Santa Rosa County FL SO,Kennesaw State University
Inc Village of Lake Success NY,Inc Village of Lake Success NY,
Vernon CT PD,Vernon CT PD,
Fayette County GA SO,Fayette County GA SO,"Kennesaw State University,Kennesaw State University Raven"
Pike County GA SO,Pike County GA SO,
Elizabethton TN PD,Elizabethton TN PD,Kennesaw State University
Tipton County TN SO,Tipton County TN SO,Kennesaw State University
Manchester MO PD,Manchester MO PD,Kennesaw State University
Paris TX PD,Paris TX PD,Kennesaw State University
Chambers County TX SO,Chambers County TX SO ,
Catawba County NC SO,Catawba County NC SO,Kennesaw State University
Westport CT PD,"Westport CT PD (Condor),Westport CT PD,Westport CT PD (WING)",
New Canaan CT PD,"New Canaan CT PD,New Canaan CT PD (Flex)",Kennesaw State University
Evendale OH PD,"Evendale OH PD,Evendale OH PD (Flex)","Kennesaw State University,Kennesaw State University Raven"
Edinburgh IN PD,Edinburgh IN PD,
Falcon Flex Demo,Independence KY PD (Flex),
Springdale OH PD,Springdale OH PD,Kennesaw State University
St. Francois County MO SO,St. Francois County MO SO,Kennesaw State University
Westworth Village TX PD,Westworth Village TX PD ,Kennesaw State University
Grand Island NE PD,"Grand Island NE PD (flex),Grand Island NE PD",
DFW Airport PD TX,DFW Airport PD TX,
Wabash County IN SO,"Wabash County IN SO (Flex),Wabash County IN SO",Kennesaw State University
Ellinwood KS PD,Ellinwood KS PD,
Polk County FL SO,"Polk County FL SO,Polk County FL SO (LR),Polk County FL SO - Axon",Kennesaw State University
Edinburg TX PD,Edinburg TX PD,
Adrian MI PD,Adrian MI PD,Kennesaw State University
TX - Irion County SO,Irion County SO (TX),
Muskego WI PD,Muskego WI PD,
Duluth GA PD,"Duluth GA PD - RedSpeed,Duluth GA PD","Kennesaw State University,Kennesaw State University Raven"
Franklin Township PA PD,Franklin Township PA PD,Kennesaw State University
Johns Creek GA PD,Johns Creek GA PD,"Kennesaw State University,Kennesaw State University Raven"
Richmond Hill GA PD,Richmond Hill GA PD,Kennesaw State University
University of TX (UTA)- Arlington PD,"University of Texas at Arlington TX PD,University Texas Arlington - FlockOS Live",
Bullitt County KY SO,Bullitt County KY SO,
West Bend WI PD,West Bend WI PD,
Marshall County OK SO ,Marshall County OK SO ,
Gadsden County FL SO,"Gadsden County FL SO (Flex),Gadsden County FL SO ",Kennesaw State University
Davie FL PD,Davie FL PD,
CO - Rangely PD,CO - Rangely PD,Kennesaw State University
Coffeyville KS PD,Coffeyville KS PD,Kennesaw State University
Lexington NC PD ,Lexington NC PD ,Kennesaw State University
Lovejoy GA PD,Lovejoy GA PD ,"Kennesaw State University,Kennesaw State University Raven"
Union County KY SO,Union County KY SO,Kennesaw State University
Simsbury CT PD,Town of Simsbury CT PD,
Independence KS PD,Independence KS PD,Kennesaw State University
Taylor MI PD,"Taylor MI PD (CONDOR),Taylor MI PD",Kennesaw State University
Indiana Department of Corrections,Indiana Department of Correction,Kennesaw State University
Cooke County TX SO ,"Cooke County TX SO - LPR,Cooke County TX SO - Flex LPR",
Crawford County WI SO,Crawford County WI SO,
Avery County NC SO,"Avery County NC SO,Avery County NC SO Flex",Kennesaw State University
Bremen GA PD,"Bremen GA PD,Bremen GA PD (Condor)","Kennesaw State University,Kennesaw State University Raven"
Sikeston MO DPS,Sikeston MO PD,Kennesaw State University
Crowell TX PD,Crowell PD TX ,Kennesaw State University
TX - Nolanville PD ,Nolanville PD TX,
Hendersonville TN PD,Hendersonville TN PD,Kennesaw State University
Irmo SC PD,Irmo SC PD,Kennesaw State University
Margate FL PD,Margate FL PD ,
Fraser MI DPS,Fraser MI DPS,
Keller TX PD ,Keller TX PD ,
Arcola TX PD ,Arcola TX PD ,
Bloomfield NM PD,Bloomfield NM PD,
Smithfield NC PD,Smithfield PD (NC),Kennesaw State University
Glades County FL SO,"Glades County FL SO,Glades County FL SO (Flex)",
Plant City FL PD,Plant City FL PD,
Winfield AL PD,Winfield AL PD,
Colleton County SO (SC),Colleton County SO (SC),Kennesaw State University
Lasalle IL PD ,Lasalle IL PD ,
Jefferson City MO PD,Jefferson City MO PD,
Rogers AR PD,Rogers AR PD,Kennesaw State University
Alma GA PD,Alma GA PD (CONDOR),
Butler Township OH PD,Butler Township OH PD,Kennesaw State University
Virden IL PD,Virden IL PD,Kennesaw State University
Athens County OH SO,Athens County SO - OH,
Fairfield Township OH PD,Fairfield Township OH PD,Kennesaw State University
Tolleson AZ PD,AZ - Tolleson PD,
Calera AL PD,Calera AL PD,Kennesaw State University
Avoca PA PD,Avoca PA PD,
Reno NV PD,Reno NV PD,
Madison MS PD,"Madison MS PD,Madison MS PD- Flex Demo ",Kennesaw State University
Jack County TX SO,Jack County TX SO ,Kennesaw State University
Greenville SC PD,"GVL Mobile,Greenville SC PD",Kennesaw State University
Shelby County TN SO,"Shelby County TN SO,Lakeland TN,Town of Arlington (TN)",Kennesaw State University
Fulton MS PD,Fulton MS PD,
Parkville MO PD,Parkville MO PD,
Crestview FL PD,Crestview FL PD ,Kennesaw State University
Cumberland Metro IN PD,Cumberland Metro IN PD,Kennesaw State University
Reardan WA PD,Reardan WA PD,
Cocoa FL PD,Cocoa FL PD,Kennesaw State University
Newton MS PD,Newton MS PD,
Tilton IL PD,Tilton IL PD,
Covington LA PD,Covington LA PD,Kennesaw State University
Braselton GA PD,Braselton GA PD,"Kennesaw State University,Kennesaw State University Raven"
Newnan GA PD,"Newnan GA PD - Gateway Video,Newnan GA PD","Kennesaw State University,Kennesaw State University Raven"
Dubois County IN SO,Dubois County SO IN,
Transylvania County NC SO,Transylvania County NC SO,Kennesaw State University
Jasper GA PD,Jasper GA PD,"Kennesaw State University,Kennesaw State University Raven"
Farmington MO PD,Farmington MO PD,
Miami-Dade FL SO,"Miami-Dade FL SO (Flex),Miami Dade FL SO Flex Network,Miami-Dade FL SO,Miami-Dade FL SO - NPF LPR Study",Kennesaw State University
Oxford GA PD,Oxford GA PD,"Kennesaw State University,Kennesaw State University Raven"
Elmore OH PD,Elmore OH PD,
OK - Jones PD,Jones PD (OK),
Union County GA SO,Union County GA SO,Kennesaw State University
Franklin GA PD,Franklin GA PD,Kennesaw State University
Bolingbrook IL PD,Bolingbrook IL PD,
Broward County FL SO,"City of Deerfield Beach,Broward County FL SO,City of Tamarac (FL)",Kennesaw State University
Doerun GA PD,Doerun GA PD,Kennesaw State University
Ellettsville IN PD,Ellettsville IN PD,
Sugarcreek Township OH PD,Sugarcreek Township OH PD,
WakeMed Campus PD and Public Safety (NC),WakeMed Campus PD & Public Safety (NC),Kennesaw State University
High Springs FL PD,"High Springs FL PD,High Springs FL PD Flex,High Springs FL PD - Redspeed",
SUNY Old Westbury NY PD,Suny Old Westbury NY PD,
Avondale Estates GA PD,Avondale Estates GA PD,"Kennesaw State University,Kennesaw State University Raven"
Phenix City AL PD,Phenix City AL PD,Kennesaw State University
Hempstead Village NY PD,Hempstead Village NY PD,Kennesaw State University
Madison Heights MI PD,"Madison Heights MI PD,Madison Heights MI PD Condors",
Florida State University Campus PD FL,Florida State University Campus PD FL,Kennesaw State University
IN - Jasonville PD,Jasonville PD IN,
Clarkston GA PD,Clarkston GA PD,"Kennesaw State University,Kennesaw State University Raven"
Macon County AL SO,Macon County SO AL,Kennesaw State University
Coweta County GA SO,"Coweta County GA SO,Coweta County GA SO - GSD","Kennesaw State University,Kennesaw State University Raven"
Union County MS SO,Union County MS SO,Kennesaw State University
Perkins Township OH PD,Perkins Twp OH PD,
Powder Springs GA PD,Powder Springs GA PD,"Kennesaw State University,Kennesaw State University Raven"
Shelby County IL SO,Shelby County IL SO,Kennesaw State University
Turner County GA SO,"Turner County GA SO (FLEX) ,Turner County GA SO",Kennesaw State University
Calhoun County MI SO,"Calhoun County MI SO (FLEX),Calhoun County MI SO",
Lynbrook Village NY PD,Lynbrook Village NY PD,
Greenfield IN PD,Greenfield IN PD,Kennesaw State University
Markle IN PD,Markle IN PD,Kennesaw State University
Olive Branch MS PD,Olive Branch MS PD,Kennesaw State University
Rensselaer NY PD,Rensselaer NY PD,
Cohoes NY PD,Cohoes City NY PD,
La Paz County AZ SO,La Paz County AZ SO,Kennesaw State University
Oglethorpe County GA SO,Oglethorpe County GA SO,Kennesaw State University
Bradley County AR SO ,Bradley County AR SO ,Kennesaw State University
Ashville AL PD,Ashville AL PD,Kennesaw State University
Polk County GA PD,"Polk County GA PD,Polk County GA PD (Flex LPR) ","Kennesaw State University,Kennesaw State University Raven"
Polk County NC SO,Polk County NC SO,Kennesaw State University
Dahlonega GA PD,Dahlonega GA PD,"Kennesaw State University,Kennesaw State University Raven"
Jones County SO - GA,"Jones County GA SO Flex,Jones County GA SO (Trailer #1 ),Jones County GA SO (Condor),Jones County GA SO",Kennesaw State University
Walters State Community College TN Campus PD,Walters State Community College TN Campus PD,Kennesaw State University
Springport Twp MI PD,Springport Twp MI PD,
Vandalia OH PD,Vandalia OH PD,Kennesaw State University
Kill Devil Hills NC PD,Kill Devil Hills NC PD,Kennesaw State University
Dublin OH PD,"Dublin OH PD,Dublin OH PD (FLEX)",Kennesaw State University
Lake Mary FL PD,Lake Mary FL PD,Kennesaw State University
Biltmore Forest NC PD,"Biltmore Forest NC PD,Biltmore Forest NC PD (Condor)",Kennesaw State University
Sherwood AR PD,Sherwood AR PD,Kennesaw State University
Defiance County OH SO,Defiance County OH SO,Kennesaw State University
Houston County GA District Attorney's Office,"Houston County, Georgia","Kennesaw State University,Kennesaw State University Raven"
Hazel Park MI PD,"Ashley Capital- Canton (MI),Hazel Park MI PD",Kennesaw State University
Mount Sterling KY PD,Mount Sterling KY PD,
Clay County IN SO,Clay County IN SO,
Franklin IN PD,"Franklin IN PD (Flex),Franklin IN PD",Kennesaw State University
Mint Hill NC PD,Mint Hill NC PD,Kennesaw State University
Rock Hill SC PD,Rock Hill SC PD,Kennesaw State University
Effingham County GA SO,Effingham County SO (GA),Kennesaw State University
Ralls County MO SO,Ralls County MO SO,
OH- Springfield Township PD (Hamilton Co) ,Springfield Township OH (Hamilton Co) PD,Kennesaw State University
Hilton Head Island SC,Hilton Head Island SC,Kennesaw State University
Sweetwater TN PD,Sweetwater TN PD,
Muncie IN PD,Muncie IN PD,Kennesaw State University
Hendricks County IN SO,Hendricks County IN SO,
Akron OH PD,Akron OH PD,
Manchester TN PD,Manchester TN PD,Kennesaw State University
Alvin ISD TX PD,Alvin ISD TX PD,
Butler Township PA PD,Butler Township PA PD,Kennesaw State University
Zachary LA PD,Zachary PD (LA),
Sumter County SC SO,"SC - Sumter Co Sheriff's Office,SC - Sumter Co Sheriff's Office (Flex)",Kennesaw State University
Okeechobee County FL SO,Okeechobee County FL SO,Kennesaw State University
Hogansville GA PD,Hogansville GA PD,Kennesaw State University
Palestine TX PD,Palestine TX PD,
Madisonville KY PD,"Madisonville KY PD,Madisonville KY PD (Flex)",Kennesaw State University
AL - Sylacauga PD,Sylacauga PD (AL),Kennesaw State University
Troup County GA SO,Troup County GA SO,Kennesaw State University
Hamilton Township OH PD,Hamilton Township OH PD,Kennesaw State University
Webster County GA SO,Webster County GA SO,Kennesaw State University
Dadeville AL PD,Dadeville AL PD,Kennesaw State University
Zionsville IN PD,Zionsville IN PD,Kennesaw State University
Polk County TX SO,Polk County TX SO ,
Surry County NC SO,"Surry County SO (NC) (Flex),Surry County SO (NC)",Kennesaw State University
Waycross GA PD,Waycross GA PD,"Kennesaw State University,Kennesaw State University Raven"
Thornton CO PD,Thornton CO PD,Kennesaw State University
 Germantown OH PD,Germantown OH PD,Kennesaw State University
MO - Sparta PD,Sparta PD (MO),
Sunset Hills MO PD,Sunset Hills MO PD,Kennesaw State University
OH - Willard PD,Willard PD OH,
Auburn WA PD,Auburn WA PD,Kennesaw State University
Seminole County GA SO,Seminole County GA SO,"Kennesaw State University,Kennesaw State University Raven"
Windsor Locks CT PD,Windsor Locks CT PD,
Two Rivers WI PD,Two Rivers WI PD,
Pontotoc MS PD,Pontotoc MS PD,Kennesaw State University
Bargersville IN PD,Bargersville IN PD,
Park City KS PD,Park City KS PD,
Holmes County SO OH,Holmes County SO OH,Kennesaw State University
Putnam County GA SO,Putnam County GA SO,Kennesaw State University
OH - Jefferson County Drug Task Force,Jefferson County Drug Task Force OH,
Emerson GA PD,Emerson GA PD,"Kennesaw State University,Kennesaw State University Raven"
Scotia Village NY PD,Scotia Village NY PD,
Cheatham County TN SO,Cheatham County TN SO,Kennesaw State University
Franklin WI PD,"Franklin WI PD (Flex),Franklin WI PD",
Cottonwood AZ PD,Cottonwood AZ PD,
Bibb County SO GA,"Bibb County GA SO (LR),Bibb County GA SO ","Kennesaw State University,Kennesaw State University Raven"
Solon OH PD,Solon OH PD,
Lapel IN PD,Lapel IN PD,
University of North Georgia PD (GA),"University of North Georgia PD Flex,University of North Georgia ","Kennesaw State University,Kennesaw State University Raven"
Fairfield County SC SO,"Fairfield County SC SO,Fairfield County SC SO (Flex)",Kennesaw State University
Hanover IN PD,Hanover IN PD,
Texarkana TX PD,Texarkana TX PD,
Pocahontas AR PD,Pocahontas AR PD,
Adairsville GA PD,Adairsville GA PD,"Kennesaw State University,Kennesaw State University Raven"
Brookfield WI PD,Brookfield WI PD,
Walled Lake MI PD,Walled Lake MI PD,
Trenton IL PD,Trenton IL PD,
Middleton WI PD,Middleton WI PD,
Collegedale TN PD,Collegedale TN PD,"Kennesaw State University,Kennesaw State University Raven"
Perrysburg OH PD,Perrysburg OH PD,
Winnebago County IL SO,Winnebago County IL SO ,
Fairmont NC PD,Fairmont NC PD,Kennesaw State University
York County SC SO,York County SC SO,Kennesaw State University
Kettering OH PD ,Kettering OH PD,
Greene County OH SO,Greene County OH SO,Kennesaw State University
Windsor CO PD,Windsor CO PD,Kennesaw State University
Cairo GA PD ,"Cairo GA PD ,Cairo GA PD (Condor)",Kennesaw State University
Panama City FL PD,Panama City FL PD,Kennesaw State University
Dougherty County GA PD ,"Dougherty County GA PD (Condors),Dougherty County GA PD ","Kennesaw State University,Kennesaw State University Raven"
Brentwood MO PD,Brentwood MO PD,Kennesaw State University
Lansing IL PD,"Lansing IL PD ,Lansing IL PD (Flex)",
Greenville County SC SO,Greenville County SC SO,Kennesaw State University
Williamson County TN SO,Williamson County TN SO,Kennesaw State University
Sullivan County IN SO,Sullivan County IN SO,Kennesaw State University
Baker County FL SO,Baker County FL SO,Kennesaw State University
Fort Wayne IN PD ,"Fort Wayne IN PD (Flex),Fort Wayne PD (IN)",Kennesaw State University
Tangipahoa Parish LA SO,Tangipahoa Parish LA SO,Kennesaw State University
Ottawa County MI SO,Ottawa County MI SO,
Ada County ID SO,Ada County ID SO,Kennesaw State University
Lancaster TX PD ,Lancaster TX PD ,
Putnam County TN SO ,Putnam County TN SO ,Kennesaw State University
Benton County WA SO,Benton County WA SO,Kennesaw State University
Mitchell County NC SO,"Mitchell County NC SO,Mitchell County NC SO Falcon Flex",Kennesaw State University
Boone County IL SO,"Boone Co. IL SO (Flex),Boone Co. IL SO",Kennesaw State University
Bethany Beach DE PD,Bethany Beach DE PD,
Vanderburgh County IN SO ,Vanderburgh County IN SO ,Kennesaw State University
Dearborn Heights MI PD,Dearborn Heights MI PD,
Sylvester GA PD,"Sylvester GA PD,Sylvester PD Condor",Kennesaw State University
Madison County AL SO,Madison County SO Falcon (AL),Kennesaw State University
Bardstown PD KY,Bardstown PD KY,Kennesaw State University
Hamilton GA,Hamilton GA - Redspeed,Kennesaw State University
Milledgeville GA PD,Milledgeville GA PD,"Kennesaw State University,Kennesaw State University Raven"
Greenwood IN PD,Greenwood IN PD,Kennesaw State University
OH - Middletown PD ,Middletown OH PD,Kennesaw State University
Etowah County AL SO,Etowah County AL SO,
Cullman County AL SO,Cullman County SO (AL),Kennesaw State University
McIntyre GA PD,"McIntyre GA PD,McIntyre GA PD (Condor)",
Sharonville OH PD,Sharonville OH PD,Kennesaw State University
Giles County TN SO,Giles County TN SO,Kennesaw State University
Joplin MO PD,Joplin MO PD,Kennesaw State University
Panama City Beach FL PD,Panama City Beach FL PD,Kennesaw State University
West Point GA PD,West Point PD (GA),"Kennesaw State University,Kennesaw State University Raven"
Hoover AL PD,Hoover PD (AL),Kennesaw State University
Elwood IN PD,Elwood IN PD (LPR),Kennesaw State University
Lake City FL PD,"Lake City FL PD,Lake City FL PD Raven",Kennesaw State University
Marlborough Town NY PD,Marlborough Town NY PD,
Spring Hill TN PD,Spring Hill TN PD,Kennesaw State University
Sidney OH PD,Sidney OH PD,
OH - South Bloomfield PD,South Bloomfield PD OH,Kennesaw State University
Odessa MO PD,Odessa MO PD,
Niagara County NY SO,Niagara County NY SO,
Surfside Beach SC PD,Surfside Beach SC PD,Kennesaw State University
Bowling Green KY PD,Bowling Green KY PD,Kennesaw State University
Bessemer AL PD,Bessemer AL PD,Kennesaw State University
Delaware County IN SO,Delaware County IN SO,
Carthage MS PD,Carthage MS PD,Kennesaw State University
Sangamon County IL SO,Sangamon County IL SO ,Kennesaw State University
Hall County GA SO,"Hall County GA SO Demo Condors,Hall County GA SO - Wing LVI,Hall County GA SO,Hall County GA SO (Flex),Hall CO GA SO - Wing LVI","Kennesaw State University,Kennesaw State University Raven"
Beech Grove IN PD,Beech Grove IN PD,Kennesaw State University
Ankeny IA PD,Ankeny IA PD,Kennesaw State University
Matthews NC PD,Matthews NC PD,Kennesaw State University
CVG Airport KY PD,CVG Airport KY PD,Kennesaw State University
Kernersville NC PD,Kernersville NC PD,Kennesaw State University
Pottawatomie County KS SO,Pottawatomie County KS SO,Kennesaw State University
Town of Campbell WI PD,Town of Campbell WI PD,
Homer Village NY PD,"Homer Village NY PD (Flex),Homer Village NY PD",Kennesaw State University
Martin County FL SO,Martin County FL SO,
Johnsburg IL PD,Johnsburg IL PD,
Warner Robins GA PD,"Warner Robins PD (GA) - Flex,Warner Robins GA PD,Warner Robins GA PD - Wing (Redspeed)","Kennesaw State University,Kennesaw State University Raven"
New Castle IN PD,New Castle IN PD,
Morgan County IN SO,Morgan County IN SO,
Portage WI PD,Portage WI PD,
Dyersburg TN PD,Dyersburg TN PD,Kennesaw State University
Pell City AL PD,Pell City AL PD,Kennesaw State University
Liberty County GA SO,Liberty County GA SO ,Kennesaw State University
Griffin GA PD,"Griffin GA PD - Falcon,Griffin GA PD - Flex","Kennesaw State University,Kennesaw State University Raven"
Village of Marlborough MO PD,Marlborough MO PD,
Wheeler County NE SO ,Wheeler County NE SO,Kennesaw State University
Columbia County NY SO,Columbia County NY SO,
Cambridge City IN PD,Cambridge City IN PD,Kennesaw State University
Marion Health PD (IN),Marion Health PD (IN),Kennesaw State University
Pratt County KS SO,Pratt County KS SO,Kennesaw State University
Aransas Pass TX PD,Aransas Pass TX PD,
Cumberland WI PD,Cumberland WI PD,
SUNY-Onondaga Community College Campus NY PD,SUNY-Onondaga Community College Campus NY PD,
Norwood OH PD,Norwood OH PD,Kennesaw State University
Alpharetta GA PD,"Alpharetta GA PD - RedSpeed,Alpharetta GA PD","Kennesaw State University,Kennesaw State University Raven"
Gulf Breeze FL PD,Gulf Breeze FL PD,Kennesaw State University
Albion MI DPS,Albion MI DPS,Kennesaw State University
Irondale AL PD,Irondale AL PD,Kennesaw State University
Oconee County GA SO,Oconee County GA SO,"Kennesaw State University,Kennesaw State University Raven"
University of Tennessee TN PD,University of TN Knoxville,"Kennesaw State University,Kennesaw State University Raven"
Locust Grove GA PD,"Locust Grove GA PD,Locust Grove GA PD - Wing","Kennesaw State University,Kennesaw State University Raven"
Dallas GA PD,"Dallas GA PD (Condor),Dallas GA PD","Kennesaw State University,Kennesaw State University Raven"
Opelika AL PD,Opelika AL PD,
Orting WA PD,Orting WA PD,Kennesaw State University
Douglas County GA SO,Douglas County GA SO,"Kennesaw State University,Kennesaw State University Raven"
South Central MO Drug Task Force,South Central MO Drug Task Force,Kennesaw State University
West Seneca NY PD,"West Seneca NY PD,West Seneca NY PD (Flex)",Kennesaw State University
Page AZ PD,Page AZ PD,
Lenoir City TN PD,Lenoir City TN PD,Kennesaw State University
Vienna IL PD,Vienna IL PD,Kennesaw State University
Washington County IN SO,Washington County IN SO,
Loudon County TN SO,Loudon County TN SO,Kennesaw State University
Braintree MA PD,Braintree MA PD,Kennesaw State University
Paducah KY PD,Paducah PD KY,Kennesaw State University
Ferguson MO PD,Ferguson MO PD,Kennesaw State University
Sumpter Twp MI PD,Sumpter Twp MI PD,
OH - Butler County SO,Butler County OH SO,"Kennesaw State University,Kennesaw State University Raven"
Aubrey TX PD,"Providence Village (TX),Aubrey TX PD,Aubrey TX PD (Falcon Flex) ",
Hartselle AL PD,Hartselle AL PD,Kennesaw State University
West Greenwich RI PD,West Greenwich RI PD,
Amberley Village OH PD,Amberley Village OH PD - LPR,"Kennesaw State University,Kennesaw State University Raven"
Dallas County AR SO  ,Dallas County AR SO ,
Ogle County IL SO,"Ogle County IL SO (Flex),Ogle County IL SO",Kennesaw State University
Robstown TX PD,Robstown TX PD,
Cottage Grove WI PD,Cottage Grove WI PD,
Bessemer City NC PD,Bessemer City NC PD,
Springfield OH PD,Springfield OH PD,Kennesaw State University
Moultrie GA PD,"Moultrie GA PD - Raven,Moultrie GA PD ,Moultrie GA PD (Condors)",Kennesaw State University
Plainfield IL PD,Plainfield IL PD,
Willoughby OH PD,Willoughby OH PD,
Knox County TN SO,Knox County TN SO,Kennesaw State University
Goshen IN PD,Goshen IN PD,
Caldwell County NC SO,Caldwell County SO (NC),Kennesaw State University
Grant County WI SO,Grant County WI SO ,
IA - Storm Lake PD,Storm Lake PD (IA),Kennesaw State University
St. Edward's University (TX),St. Edward's University (TX),"Kennesaw State University,Kennesaw State University Raven"
Castle Hills TX PD,Castle Hills TX PD,
El Paso IL PD,El Paso IL PD ,
Venice FL PD,Venice FL PD ,
Gallatin TN PD,Gallatin TN PD,Kennesaw State University
Fort Pierce FL PD,Fort Pierce FL PD,Kennesaw State University
AR - Alma PD,Alma PD (AR),Kennesaw State University
Grovetown GA PD,Grovetown Dept of Public Safety GA,"Kennesaw State University,Kennesaw State University Raven"
Georgetown County SC SO,Georgetown County SC SO,Kennesaw State University
Conover NC PD,Conover NC PD,
Guntersville AL PD,Guntersville AL PD,Kennesaw State University
Berlin CT PD,Berlin CT PD,
Walker County GA SO,"Walker County GA SO,Fort Worth HOA Demo","Kennesaw State University,Kennesaw State University Raven"
Saratoga Springs NY PD,Saratoga Springs NY PD,
West Lafayette IN PD,West Lafayette IN PD,Kennesaw State University
Mount Pleasant SC PD,"Mount Pleasant SC PD,Mount Pleasant SC PD (Flex)",Kennesaw State University
Washington County SO - GA ,Washington County GA SO,"Kennesaw State University,Kennesaw State University Raven"
Smyrna GA PD,"Smyrna GA PD (Flex),Smyrna GA PD","Kennesaw State University,Kennesaw State University Raven"
Iroquois IL SO ,Iroquois IL SO,
Indian River Shores FL PD,Indian River Shores FL PD,Kennesaw State University
Franklin OH PD,Franklin OH PD,
Bryan County GA SO,Bryan County GA SO,"Kennesaw State University,Kennesaw State University Raven"
Laporte County IN SO ,Indiana HIDTA (LaPorte County SO),
Miramar FL PD,Miramar FL PD,
Raleigh NC PD,Raleigh NC PD,Kennesaw State University
Murray County GA SO,Murray County GA SO,"Kennesaw State University,Kennesaw State University Raven"
Dearborn County IN SO,Dearborn County IN SO,Kennesaw State University
Midland County TX SO ,Midland County DA (TX) ,
Georgia Dept. of Corrections Intelligence Unit (GA),GA - Georgia Department of Corrections - Alscan,"Kennesaw State University,Kennesaw State University Raven"
Parma OH PD,Parma OH PD,
Quincy MA PD ,Quincy MA PD,
Richmond County NC SO,Richmond County NC SO,
Butner NC PD,Butner NC PD,Kennesaw State University
Mount Vernon IN PD,Mount Vernon IN PD,Kennesaw State University
Rutledge TN PD,Rutledge TN PD,
Southern Pines NC PD,Southern Pines NC PD,Kennesaw State University
Wood Dale IL PD,Wood Dale IL PD,
Berrien County MI SO,Berrien County MI SO,
Orangeburg Department of Public Safety SC,Orangeburg Department of Public Safety SC,Kennesaw State University
Blue Springs MO PD,"Blue Springs MO PD - Flex,Blue Springs MO PD - LPR",
AL - Gadsden PD,Gadsden PD (AL),Kennesaw State University
Highland IN PD,Highland IN PD,
East Ellijay GA PD ,East Ellijay GA PD ,"Kennesaw State University,Kennesaw State University Raven"
Omega GA PD ,Omega GA PD ,Kennesaw State University
Scott City MO PD,Scott City MO PD,Kennesaw State University
Morehouse College GA PD,Morehouse College GA PD,"Kennesaw State University,Kennesaw State University Raven"
Red River TX SO ,Red River TX SO ,
Allentown PA PD,Allentown PA PD,
Blakely GA PD,"Blakely GA PD (Flex),Blakely GA PD",Kennesaw State University
Elm Grove WI PD,Elm Grove WI PD,
Ashland KY PD,Ashland KY PD,
Stamping Ground KY PD,Stamping Ground KY PD,Kennesaw State University
Neptune Beach FL PD,Neptune Beach FL PD,Kennesaw State University
Beacon Falls CT PD,Beacon Falls CT PD,
Lafayette County MS SO,"Lafayette County MS SO (Flex),Lafayette County MS SO",Kennesaw State University
Maggie Valley NC PD,Maggie Valley NC PD,Kennesaw State University
Hays County TX SO,Hays County TX SO,
Seymour IN PD ,Seymour IN PD,Kennesaw State University
Hamblen County TN SO,Hamblen County TN SO,Kennesaw State University
Prescott AZ PD,Prescott AZ PD,Kennesaw State University
East Providence RI PD,East Providence RI PD,
Elgin SC PD,Elgin SC PD,
Maplewood MO PD,Maplewood MO PD,Kennesaw State University
Menasha WI PD,Menasha WI PD,
West Bloomfield Twp MI PD,West Bloomfield Twp MI PD,
Rossford OH PD,Rossford OH PD,
Ferdinand IN PD,Ferdinand IN PD,
Lawrence District Attorney PA,Lawrence District Attorney PA (Flex),
Helen GA PD,Helen GA PD ,Kennesaw State University
Warren MI PD,Warren MI PD,Kennesaw State University
Winder GA PD,"Winder GA PD (FLEX) ,Winder GA PD","Kennesaw State University,Kennesaw State University Raven"
Bowdon GA PD,"Bowdon GA PD (CONDOR),Bowdon GA PD",
Bay St. Louis MS PD,Bay St. Louis PD (MS),Kennesaw State University
Metro Police Authority of Genesee County MI,Metro Police Authority of Genesee County,Kennesaw State University
Curry Co NM SO,Curry Co NM SO,
Paulding County GA SO,Paulding County GA SO,"Kennesaw State University,Kennesaw State University Raven"
Miamisburg OH PD ,Miamisburg OH PD,
Wayne IL PD,Wayne IL PD ,
Castroville TX PD ,Castroville TX PD ,
Mayfield KY PD,Mayfield KY PD,Kennesaw State University
Searcy AR PD ,Searcy AR PD ,Kennesaw State University
Carolina Beach NC PD ,Carolina Beach NC PD,Kennesaw State University
Lee County AL SO,Lee County AL SO,Kennesaw State University
AR - Harrisburg PD,Harrisburg PD (AR),Kennesaw State University
Chambers County AL SO,Chambers County AL SO,Kennesaw State University
Shelby Township MI PD,Shelby Township MI PD,
Delphi IN PD,Delphi IN PD,Kennesaw State University
Escambia County FL SO,Escambia County FL SO ,Kennesaw State University
Buckeye AZ PD,Buckeye AZ PD (Flex),
Hart County GA SO,Hart County GA SO,"Kennesaw State University,Kennesaw State University Raven"
Broadview Heights OH PD,Broadview Heights OH PD,
West Fargo ND PD,West Fargo ND PD ,
Livingston County IL SO,Livingston County IL SO,
Sarpy County NE SO,Sarpy County NE SO,Kennesaw State University
Menomonee Falls WI PD,Menomonee Falls WI PD,Kennesaw State University
Russellville AL PD,Russellville AL PD,Kennesaw State University
Kingston Springs TN PD,Kingston Springs TN PD,Kennesaw State University
Gulf County FL SO,Gulf County FL SO,Kennesaw State University
Joliet Junior College IL PD ,Joliet Junior College IL PD ,
Franklin Springs GA PD ,Franklin Springs GA PD ,"Kennesaw State University,Kennesaw State University Raven"
Ector County TX SO,Ector County TX SO,
Geddes Town NY PD,Geddes Town NY PD,
Marion AR PD,Marion AR PD,
Dunwoody GA PD,"Dunwoody GA Parks,Dunwoody GA PD,Dunwoody GA PD - Car Crash Pilot,Dunwoody GA PD Flex","Kennesaw State University,Kennesaw State University Raven"
Manor TX PD,Manor TX PD,
Scottsboro AL PD,Scottsboro AL PD,Kennesaw State University
Milan TN PD,Milan TN PD,Kennesaw State University
Hobart IN PD ,Hobart IN PD ,
Kaukauna WI PD,Kaukauna WI PD,
Bowling Green Warren County Drug Task Force KY,Bowling Green Warren County Drug Task Force KY,Kennesaw State University
Lorain County OH SO,Lorain County OH SO,
Onalaska TX PD ,Onalaska TX PD ,
Dayton TN PD,"Dayton TN PD (Condor),Dayton TN PD",Kennesaw State University
Brighton CO PD,"Brighton CO PD Falcon Flex,Brighton CO PD",Kennesaw State University
Moffat County SO CO,Moffat County SO CO,
Vestal Town NY PD,Vestal Town NY PD,
Sour Lake TX PD,Sour Lake TX PD,
Wyandot County OH SO,Wyandot County OH SO,Kennesaw State University
Rockford IL PD,Rockford IL PD,
Paradise Valley AZ PD,Paradise Valley AZ PD,Kennesaw State University
Garden City MI PD,Garden City MI PD ,
Cheney WA PD,Cheney WA PD,
Texarkana AR PD,Texarkana AR PD,
Town of Hochatown OK ,Town of Hochatown OK ,
Shelby County KY SO,Shelby County KY SO,Kennesaw State University
Berea OH PD,Berea OH PD,
Toledo OH PD,"Toledo OH PD,Toledo OH PD (Flex)",
Nelson County KY SO,Nelson County KY SO,Kennesaw State University
Lima OH PD,Lima OH PD,
Mount Holly NC PD,Mt Holly NC PD,Kennesaw State University
West Milton OH PD,West Milton OH PD,
Duquesne MO PD,Duquesne MO PD,Kennesaw State University
Crawford Town NY PD,Crawford Town NY PD,Kennesaw State University
St. John MO PD,St. John MO PD,
Yakima County WA SO,"Yakima County WA SO,Yakima County WA SO (Flex)",
Stephenson County IL SO,Stephenson Co. IL SO,
Northville Twp MI PD,Northville Twp MI PD,
Jacksonville IL PD,Jacksonville IL PD,
Waterford Township MI PD,Waterford Township MI PD,
Hickory NC PD,Hickory PD (NC),
Fishkill Town NY PD,Fishkill Town NY PD,Kennesaw State University
Wilkes County NC SO,"Wilkes County NC SO Flex,Wilkes County NC SO",Kennesaw State University
Galveston TX PD,Galveston TX PD (LPR),
Kansas Highway Patrol,Kansas Highway Patrol ,
Rocky River OH PD,Rocky River OH PD,
Hinckley IL PD,Hinckley IL PD,Kennesaw State University
Catawba Nation Tribal SC PD ,Catawba Nation Tribal SC PD ,
Emory University Campus PD GA,"Emory University Campus PD GA (Condor),Emory University Campus PD GA","Kennesaw State University,Kennesaw State University Raven"
Ohio Department of Rehabilitation and Correction - Office of the Chief Inspector,Ohio Department of Corrections (OH),
Hoschton GA PD,Hoschton GA PD ,"Kennesaw State University,Kennesaw State University Raven"
Holland MI PD,Holland MI PD,
Warr Acres OK PD,Warr Acres OK PD,
Monroe County MI SO ,Monroe County MI SO,
Burr Ridge IL PD,Burr Ridge IL PD,
Liberty IN PD,Liberty IN PD,
Iberville Parish LA SO,Iberville LA SO,Kennesaw State University
Fulton County Schools PD (GA),"Fulton County Schools GA North Campuses,Fulton County Schools GA South Campuses",Kennesaw State University
KS - Seward County SO,Seward County SO (KS),
Lexington SC PD,Lexington SC PD,Kennesaw State University
Watervliet NY PD,Watervliet NY PD,
Lake City GA PD,"Lake City GA PD (Wing) ,Lake City GA PD","Kennesaw State University,Kennesaw State University Raven"
Shelbyville KY PD,Shelbyville KY PD,Kennesaw State University
University of Wisconsin - Oshkosh PD,University of Wisconsin - Oshkosh PD,
TX - Seymour PD,Seymour TX PD (LPR),
Coffee County GA SO,Coffee County GA SO,Kennesaw State University
Town of Moreland GA,Town of Moreland GA,
D'Iberville MS PD,D'Iberville MS PD,
Bienville Parish LA SO ,Bienville Parish LA SO,Kennesaw State University
West Tawakoni TX PD ,West Tawakoni TX PD,
Wrens GA PD,Wrens GA PD - RedSpeed,
Martins Ferry OH PD,Martins Ferry OH PD,
Midlothian IL PD,"Midlothian IL PD (Flex),Midlothian IL PD",
Henderson TN PD,Henderson TN PD,
Hamtramck MI PD,Hamtramck MI PD,
Watauga County NC SO,Watauga County NC SO,Kennesaw State University
AL - Andalusia PD,Andalusia PD (AL),Kennesaw State University
Fayetteville GA PD,Fayetteville GA PD,"Kennesaw State University,Kennesaw State University Raven"
Jasper County GA SO,Jasper County GA SO,Kennesaw State University
Orange County FL SO,Orange County FL SO,
Davidson County NC SO,Davidson County NC SO,Kennesaw State University
Washington County WI SO,Village of Richfield,Kennesaw State University
Edgecombe County NC SO,Edgecombe County NC SO,Kennesaw State University
Tallmadge OH PD,Tallmadge OH PD (FLEX),
Buchanan County MO SO,Buchanan County MO SO,
Gaston County NC PD,Gaston County NC PD,Kennesaw State University
Wilmore KY PD,Wilmore KY PD,"Kennesaw State University,Kennesaw State University Raven"
Reagan County TX SO ,Reagan County TX SO ,
Youngstown OH PD,Youngstown OH PD,
Jasper County IN SO,Jasper County IN SO,
Harris County Const TX Pct 4,Heatherloch MUD TX,
Warson Woods MO PD ,Warson Woods MO PD,Kennesaw State University
Wooster OH PD,Wooster OH PD,
Hugo OK PD,Hugo OK PD,
West Hartford CT PD,West Hartford CT PD,
Jonesborough PD TN,Jonesborough PD TN,Kennesaw State University
Wichita County KS SO,Wichita County KS SO,
Canton MA PD,Canton MA PD,
Monroe County WI SO,Monroe County WI SO,
Pineville NC PD,Pineville NC PD,Kennesaw State University
Plover WI PD,Plover WI PD,
Oakwood GA PD,"Oakwood GA PD Flex,Oakwood GA PD","Kennesaw State University,Kennesaw State University Raven"
Anna TX PD,"Anna TX PD,Anna TX PD - Falcon Flex",Kennesaw State University
Dunn County WI SO,"Dunn County WI SO,Dunn County WI SO (FLEX)",
Marble Falls TX PD,"Marble Falls TX PD (Condor),Marble Falls TX PD",
Kenosha WI PD,Kenosha WI PD,Kennesaw State University
Lithopolis OH PD,Lithopolis OH PD,Kennesaw State University
Hurst TX PD,Hurst TX PD,
Parker AZ PD,Parker AZ PD,
Georgia Gwinnett College PD,Georgia Gwinnett College PD,Kennesaw State University
Hardin County KY SO,Hardin County KY SO,Kennesaw State University
Lafayette TN PD,Lafayette TN PD,Kennesaw State University
Holmes County FL SO,Holmes County FL SO,Kennesaw State University
Englewood OH PD,Englewood OH PD,
Peoria IL PD,Peoria IL PD,Kennesaw State University
Morehead KY PD,Morehead KY PD,Kennesaw State University
Portage IN PD,Portage IN PD,
Tomball TX PD,Tomball TX PD,
Plainfield IN PD,Plainfield IN PD,Kennesaw State University
Taunton MA PD,Taunton MA PD,
Cleveland Heights OH PD,Cleveland Heights OH PD,
Marta PD GA,Marta PD (GA),"Kennesaw State University,Kennesaw State University Raven"
Cherokee County AL SO,Cherokee County AL SO,Kennesaw State University
Niles OH PD,Niles OH PD,
Raytown MO PD,Raytown MO PD,Kennesaw State University
Forest Preserve District Will County PD (IL),Forest Preserve District Will County PD,
Ellaville GA PD,"Ellaville GA PD - Video,Ellaville GA PD",Kennesaw State University
Justice IL PD,Justice IL PD,Kennesaw State University
Milton IN PD,Milton IN PD,Kennesaw State University
Tinley Park IL PD,"Tinley Park IL PD,Tinley Park IL PD Flex",
St. Joseph Department of Public Safety MI,Saint Joseph MI DPS,
Casa Grande AZ PD,Casa Grande AZ PD - LPR,Kennesaw State University
Jackson GA PD,Jackson GA PD,"Kennesaw State University,Kennesaw State University Raven"
City of West TX PD,City of West PD TX ,
Iredell County NC SO,Iredell County NC SO,Kennesaw State University
NE - Cozad PD,Cozad PD (NE),
Jackson County GA SO,Jackson County GA SO,Kennesaw State University
Robeson County NC SO,Robeson County NC SO,Kennesaw State University
Cactus TX PD ,Cactus TX PD ,
Huffman ISD TX PD,Huffman TX ISD PD ,
Elizabeth CO PD,Elizabeth CO PD,
Sisseton SD PD,Sisseton SD PD,
Lumpkin County SO GA,Lumpkin County SO (GA),"Kennesaw State University,Kennesaw State University Raven"
Robinson IL PD,Robinson IL PD,Kennesaw State University
Riverton IL PD ,Riverton IL PD ,Kennesaw State University
Middle Georgia State University Campus PD,Middle Georgia State University Campus PD,Kennesaw State University
Ardmore AL PD,Ardmore AL PD,Kennesaw State University
Denton County TX SO,Denton County TX SO ,
The Colony TX PD,The Colony TX PD,
Hazelwood MO PD,"Hazelwood MO PD,Hazelwood MO PD (Flex)",Kennesaw State University
Maricopa County AZ SO,Maricopa County AZ SO,
Riley County KS PD,Riley County KS PD,
Belpre OH PD,Belpre OH PD,
Marshall County Drug Task Force WV,Marshall County Drug Task Force WV,
Fall River MA PD,Fall River MA PD,
Springfield TN PD ,Springfield TN PD ,Kennesaw State University
Leesburg AL PD,Leesburg AL PD,Kennesaw State University
Cedar Lake IN PD,Cedar Lake IN PD,
North Ridgeville OH PD,North Ridgeville OH PD,Kennesaw State University
Groesbeck TX PD ,Groesbeck TX PD ,
Copiah County MS SO,Copiah County SO Flex Cams (MS),
Pinecrest FL PD,Pinecrest FL PD,Kennesaw State University
Putnam CT PD,Putnam CT PD,
Luling TX PD,Luling TX PD,
Ben Hill County GA SO,Ben Hill County SO (GA),"Kennesaw State University,Kennesaw State University Raven"
Greenport Town NY PD,"Greenport Town NY PD,Greenport Town NY PD (Flex)",
Huntington IN PD,Huntington IN PD,Kennesaw State University
Hueytown AL PD,Hueytown AL PD,Kennesaw State University
Chesterton IN PD ,Chesterton IN PD,Kennesaw State University
Caledonia WI PD,Caledonia WI PD,
Fulton County GA SO,Fulton County GA SO (Deactivated),
Jefferson County TN SO,Jefferson County TN SO,Kennesaw State University
Morrow GA PD ,"City of Morrow (GA),Morrow GA PD - Redspeed","Kennesaw State University,Kennesaw State University Raven"
Spartanburg SC PD,"Spartanburg SC PD,Spartanburg SC PD (Flex)",Kennesaw State University
City of Oak Ridge North TX PD,Oak Ridge North TX PD (LPR),
Kingsland GA PD,Kingsland GA PD ,Kennesaw State University
Dillard GA PD,Dillard GA PD,"Kennesaw State University,Kennesaw State University Raven"
Ward AR PD,Ward AR PD,
Colorado State Parks,Colorado State Parks,
Acworth GA PD,"Acworth GA PD - Wing LPR,Acworth GA PD,Acworth GA PD (Flex)","Kennesaw State University,Kennesaw State University Raven"
Twin Falls ID PD,Twin Falls ID PD,
Mount Pleasant WI PD,Mount Pleasant WI PD,
Ottawa County OH SO,Ottawa County OH SO,
Trenton OH PD,Trenton OH PD,Kennesaw State University
Prescott Valley AZ PD,Prescott Valley AZ PD,
Jasper AL PD,Jasper AL PD,
Florence SC PD,Florence SC PD,Kennesaw State University
Johnson County TX SO,"Johnson County TX SO (WingLPR),Johnson County TX SO (Flex)",Kennesaw State University
Tarrant AL PD,Tarrant AL PD,
Port Clinton OH PD,Port Clinton OH PD,
Garner NC PD,Garner NC PD,
Reynolds GA PD,Reynolds GA PD,"Kennesaw State University,Kennesaw State University Raven"
Pine Bluff AR PD,"Pine Bluff AR PD,Pine Bluff AR PD (Condor)",Kennesaw State University
Waterville OH PD,Waterville OH PD,Kennesaw State University
Columbia County WI SO,Columbia County WI SO,Kennesaw State University
Mercer County OH SO,Mercer County OH SO,Kennesaw State University
Newton County MS SO,Newton County MS SO,Kennesaw State University
Riverside PD - OH,Riverside OH PD,
Rockingham NC PD,Rockingham PD (NC),Kennesaw State University
Reno TX PD,Reno TX PD,
Hudson WI PD,Hudson WI PD,
Clay County MO SO,Clay County MO SO,
Brook Park OH PD,Brook Park OH PD,
St. Ann MO PD,St. Ann MO PD,Kennesaw State University
New Madrid County MO SO,New Madrid County MO SO,Kennesaw State University
Franklin County IL SO,Franklin County IL SO,Kennesaw State University
Lubbock County TX SO ,Lubbock County TX SO ,
Fulshear TX PD,Fulshear TX PD,
Antigo WI PD,Antigo WI PD,
St. John Parish LA SO,St. John Parish LA SO,Kennesaw State University
Highland Park MI PD,"Highland Park MI PD (FLEX),Highland Park MI PD",
Brighton AL PD,Brighton AL PD,
Charlton MA PD,Charlton MA PD,
Meadows Place TX PD,Meadows Place TX PD,
Gatlinburg TN PD ,Gatlinburg TN PD,Kennesaw State University
Lakewood WA PD,Lakewood WA PD,Kennesaw State University
McKinney TX PD,"McKinney TX PD,McKinney TX PD - LPR Ubicquia",Kennesaw State University
Ocilla GA PD,Ocilla GA PD,Kennesaw State University
Crossville TN PD,Crossville TN PD,Kennesaw State University
Sealy TX PD ,Sealy TX PD ,
St. Johns County FL SO,"St. Johns County FL SO (LR),St. Johns County FL SO",Kennesaw State University
Monona WI PD,Monona WI PD,Kennesaw State University
Avon IN PD,Avon IN PD,Kennesaw State University
Beverly MA PD,Beverly MA PD,
Athens-Clarke County GA PD,"Athens-Clarke County GA Department of Solid Waste ,Athens Clarke County GA PD","Kennesaw State University,Kennesaw State University Raven"
Trussville AL PD,Trussville AL PD,Kennesaw State University
Cobb County GA SO,Cobb County GA SO,"Kennesaw State University,Kennesaw State University Raven"
Port Huron MI PD,Port Huron MI PD,
Lee County GA SO,Lee County GA SO,"Kennesaw State University,Kennesaw State University Raven"
Westmont IL PD,Westmont IL PD,
DuPage County IL SO,Dupage County IL SO,Kennesaw State University
Elmira City NY PD,Elmira City NY PD,
Anthony TX PD,Anthony TX PD ,
Lincoln County NC SO,Lincoln County NC SO,Kennesaw State University
Colbert County AL SO,Colbert County AL SO,Kennesaw State University
Tiverton RI PD,Tiverton RI PD,
Louisville OH PD,Louisville OH PD,
Columbus County NC SO,Columbus County NC SO,Kennesaw State University
Palatka FL PD,Palatka FL PD,
Carmel IN PD,"Carmel IN PD - Wing LPR,Carmel IN PD",Kennesaw State University
Nekoosa WI PD,Nekoosa WI PD,
Woodstock IL PD,Woodstock IL PD,
Warren OH PD,Warren OH PD,
Prattville AL PD,Prattville AL PD,Kennesaw State University
Rockdale County GA SO,"Rockdale County GA SO (Condor),Rockdale County GA SO","Kennesaw State University,Kennesaw State University Raven"
Rusk CO TX SO,"Rusk County SO (TX) LPR,Rusk County SO (TX) Flex LPR",
Camilla GA PD ,"Camilla GA PD ,Camilla GA PD (Live Video) ,Camilla GA PD (Raven)",Kennesaw State University
Tallahassee FL PD,Tallahassee FL PD,Kennesaw State University
Novi MI PD,Novi MI PD,
Columbus GA PD,"Columbus PD Falcon Flex (GA),Columbus GA PD","Kennesaw State University,Kennesaw State University Raven"
Liberty MO PD,Liberty MO PD,
Durango CO PD,Durango CO PD,Kennesaw State University
Gardendale AL PD,Gardendale AL PD,Kennesaw State University
Shepherdsville KY PD,Shepherdsville KY PD,Kennesaw State University
Somerset MA PD,Somerset MA PD,Kennesaw State University
Louisville Metro KY PD,Louisville Metro KY PD,Kennesaw State University
Cloud County KS SO,Cloud County KS SO,
Eastpointe MI PD,Eastpointe MI PD,Kennesaw State University
Lake Geneva WI PD,"Lake Geneva WI PD Condors,Lake Geneva WI PD",Kennesaw State University
Columbus Regional Airport Authority OH PD,Columbus Regional Airport Authority OH PD,
Garden City GA PD,"Garden City GA PD,Garden City GA PD (Live Video) ",Kennesaw State University
Glen Cove NY PD,Glen Cove NY PD,Kennesaw State University
Cleveland OH Division of Police ,Cleveland OH Division of Police,
Texas Medical Center PD,Texas Medical Center PD ,
Iowa Department of Corrections,Iowa DOC - Des Moines,
Hebron IN PD,Hebron IN PD,
Darien IL PD,Darien IL PD,
Piperton TN PD,Piperton TN PD,Kennesaw State University
Chatham-Savannah Counter Narcotics Team,CNT Flex,Kennesaw State University
Kenosha County WI SO,Kenosha County WI SO,
Sylvania Township OH PD,Sylvania Township OH PD,
Westminster CO PD,Westminster CO PD,
Lodi WI PD,Lodi WI PD,
Napoleon Twp MI PD,Napoleon Twp MI PD,
Oregon OH PD,Oregon Oh PD,
Laurel DE PD,Laurel DE PD,
Braidwood IL PD,Braidwood IL PD,
Royal Oak MI PD,Royal Oak MI PD,
Seguin TX PD,Seguin TX PD,Kennesaw State University
Union City IN PD,Union City IN PD,
Kimberling City MO PD,Kimberling City MO PD,
Muskegon MI PD,Muskegon MI PD,
Huntersville PD NC,Huntersville PD NC,Kennesaw State University
Murphysboro IL PD ,Murphysboro IL PD ,
Richmond County GA SO,Richmond County GA SO,Kennesaw State University
Sevierville TN PD,Sevierville TN PD,Kennesaw State University
Henry County OH SO,Henry County OH SO,
Melbourne FL PD,Melbourne FL PD,Kennesaw State University
Cartersville GA PD,Cartersville GA PD,"Kennesaw State University,Kennesaw State University Raven"
Millis MA PD,Millis MA PD,
Wadsworth OH PD,Wadsworth OH PD,
Jefferson County FL SO,"Jefferson County FL SO (Flex),Jefferson County FL SO",Kennesaw State University
Lincoln County SO NE,Lincoln County SO NE,Kennesaw State University
Terrell TX PD ,Terrell TX PD (LPR),
Bourbonnais IL PD,Bourbonnais IL PD ,
Lee's Summit MO PD,Lee's Summit MO PD,
Pelham AL PD,Pelham AL PD,Kennesaw State University
Walworth County WI SO,Walworth County WI SO,
University of Kentucky,KY - University of KY,Kennesaw State University
Palos Hills IL PD,Palos Hills IL PD,
Moody AL PD,Moody AL PD,Kennesaw State University
Vonore TN PD,Vonore TN PD ,
Concord NC PD,Concord NC PD,Kennesaw State University
New Hanover County NC SO,New Hanover County NC SO,Kennesaw State University
Cornell University NY PD,Cornell University NY PD,Kennesaw State University
Apopka FL PD,Apopka FL PD ,
Cooper County MO SO,Cooper County MO SO,
North Manchester IN PD ,North Manchester IN PD ,Kennesaw State University
Swainsboro GA PD,Swainsboro GA PD LPR,Kennesaw State University
Trousdale County TN SO,Trousdale County TN SO,Kennesaw State University
Bloomfield Twp MI PD,Bloomfield Twp MI PD,
Whitfield County GA SO,Whitfield County GA SO,"Kennesaw State University,Kennesaw State University Raven"
Texas Financial Crimes Intelligence Center,TX Financial Crimes Intelligence Center (Flex),Kennesaw State University
Whitestown IN PD,Whitestown IN PD,Kennesaw State University
Cass County MI SO,Cass County MI SO,
Hamburg Town NY PD,"Hamburg Town NY PD (Flex),Hamburg Town NY PD",
Lyons IL PD,Lyons IL PD,
Parma Heights OH PD,Parma Heights OH PD,
Chester County SC SO,Chester County SC SO,Kennesaw State University
Crystal Springs MS PD,Crystal Springs MS PD,
Buffalo State University NY PD,Buffalo State University NY PD,
Live Oak TX PD ,Live Oak TX PD ,
University of Illinois- Springfield,University of Illinois- Springfield,Kennesaw State University
Itasca IL PD,Itasca IL PD ,
McHenry County Conservation District IL PD,McHenry County IL SO,
Sparks Police Department - NV ,Sparks NV PD,
Genesee County MI SO,Genesee County MI SO,
Sheboygan WI PD,Sheboygan WI PD,Kennesaw State University
Remerton GA PD,Remerton GA PD,Kennesaw State University
Woodbury GA PD,Woodbury GA PD,Kennesaw State University
Calhoun County SC SO,Calhoun County SC SO,Kennesaw State University
Dunn NC PD,Dunn NC PD,Kennesaw State University
Hanceville AL PD,Hanceville AL PD,
Grand Junction CO PD,Grand Junction CO PD,
MS - Wayne County SO,Wayne County SO (MS),Kennesaw State University
Fort Stockton TX PD,Fort Stockton TX PD ,
Mason PD - OH,Mason OH PD,Kennesaw State University
Snead AL PD,Snead AL PD,Kennesaw State University
Mequon WI PD,Mequon WI PD,Kennesaw State University
Georgia Bureau of Investigation (GBI),Georgia Bureau of Investigation,"Kennesaw State University,Kennesaw State University Raven"
Largo FL PD,Largo FL PD,
Pittsburg KS PD,Pittsburg KS PD ,
LaSalle Co. IL SO - New,LaSalle Co. IL SO,
Jacksonville AR PD,Jacksonville AR PD,
Lawrence County TN SO,Lawrence County TN SO,Kennesaw State University
Saint Croix Falls WI PD,Saint Croix Falls WI PD,
Hope Mills NC PD ,Hope Mills NC PD ,Kennesaw State University
Forrest County MS SO,Forrest County MS SO,Kennesaw State University
Stone County MO SO,Stone County MO SO,
Grandville PD MI,Grandville MI PD,
Amarillo TX PD,Amarillo PD TX ,Kennesaw State University
Wamego KS PD,Wamego KS PD,
OH - Mt. Healthy PD ,Mt. Healthy OH PD,
Madeira OH PD,Madeira OH PD,"Kennesaw State University,Kennesaw State University Raven"
Claiborne County TN SO,Claiborne County TN SO,Kennesaw State University
Maiden NC PD,Maiden NC PD,
Harvey IL PD,Harvey IL PD,
New Castle County DE PD,New Castle County DE PD,Kennesaw State University
University of North Carolina Charlotte (NC),University of North Carolina Charlotte (NC),Kennesaw State University
Erie County OH SO,Erie County OH SO,
Dothan AL PD,Dothan AL PD,Kennesaw State University
White Pine TN PD,White Pine TN PD,Kennesaw State University
Chippewa PA PD,Chippewa Twp PA PD,
Clark County OH SO,Clark County OH SO,Kennesaw State University
Franklin County GA SO,Franklin County GA SO,"Kennesaw State University,Kennesaw State University Raven"
Mabank TX PD ,Mabank TX PD ,
Grandview MO PD,Grandview MO PD,Kennesaw State University
Monroe OH PD,Monroe OH PD,"Kennesaw State University,Kennesaw State University Raven"
SEMO Drug Task Force MO,SEMO MO Drug Task Force ,Kennesaw State University
Cumming GA PD,Cumming GA PD,"Kennesaw State University,Kennesaw State University Raven"
Frontenac KS PD,Frontenac KS PD ,
Greenwood Independent School District TX ,Greenwood Independent School District TX ,
Winterville NC PD,Winterville NC PD,Kennesaw State University
Gulfport MS PD,Gulfport MS PD ,Kennesaw State University
Gladstone MO PD,Gladstone MO PD,
Warren County KY SO,Warren County KY SO,Kennesaw State University
Carlyle IL PD,Carlyle IL PD,
Jackson AL PD,Jackson AL PD,
Albertville AL PD,Albertville AL PD,
Lufkin TX PD,Lufkin PD TX,Kennesaw State University
Dickson TN PD,Dickson TN PD,Kennesaw State University
Las Vegas Metro NV PD,Las Vegas Metro PD - NV (LPR Cams),
Gahanna OH PD,Gahanna OH PD,Kennesaw State University
Jasper County Sheriff IA ,Jasper County Sheriff IA,
AL - Daphne PD,Daphne PD (AL),Kennesaw State University
Jesup GA PD,Jesup PD (GA),Kennesaw State University
Clinton TN PD,Clinton TN PD,"Kennesaw State University,Kennesaw State University Raven"
Greer SC PD,Greer SC PD,Kennesaw State University
Guernsey County OH SO,Guernsey County OH SO,Kennesaw State University
Boone County AR SO,Boone County AR SO,
Spring Valley IL PD,Spring Valley IL PD,
Wilkes County GA SO,Wilkes County GA SO ,Kennesaw State University
Mauldin SC PD,Mauldin SC PD ,Kennesaw State University
University of West Georgia GA PD,University of West Georgia (GA),"Kennesaw State University,Kennesaw State University Raven"
Burke County NC SO,Burke County NC SO,Kennesaw State University
New Haven IN PD,New Haven PD IN,Kennesaw State University
East Baton Rouge LA SO,East Baton Rouge Parish LA SO,
Grundy County IL SO,Grundy County IL SO,
Jefferson County MO SO,Jefferson County MO SO,Kennesaw State University
Maumee OH PD,Maumee OH PD,
Grand Rapids MI PD,Grand Rapids MI PD ,
Vigo County IN SO,Vigo County IN SO,Kennesaw State University
St. Joseph County SO IN,St. Joseph County SO IN,
Sterling Heights MI PD,Sterling Heights MI PD,Kennesaw State University
University of Iowa PD (IA),University of Iowa Campus PD,Kennesaw State University
Orleans County NY SO,Orleans County NY SO,
Juneau County WI SO,Juneau County WI SO,
Dodge County GA SO,Dodge County GA SO,"Kennesaw State University,Kennesaw State University Raven"
Halifax County NC SO,Halifax County NC SO,Kennesaw State University
Vestavia Hills AL PD,Vestavia Hills AL PD,Kennesaw State University
Crawfordsville IN PD,Crawfordsville IN PD,Kennesaw State University
Newberry County SC SO ,Newberry County SC SO ,Kennesaw State University
Lackawanna City NY PD,Lackawanna City NY PD,
Sauk Prairie WI PD,Sauk Prairie WI PD,Kennesaw State University
El Reno OK PD,El Reno OK PD ,
Sedalia MO PD,Sedalia MO PD - Falcon,
Fremont OH PD,Fremont OH PD,
Oxford PD - OH,Oxford OH PD,"Kennesaw State University,Kennesaw State University Raven"
Mackinaw IL PD,Mackinaw IL PD,
Winneconne WI PD,Winneconne WI PD ,
Benton County AR SO,Benton County AR SO,
Town of West Blocton AL PD,Town of West Blocton AL PD,Kennesaw State University
Richmond Heights MO PD,Richmond Heights MO PD,Kennesaw State University
Town of Lisbon Troopers CT,Town of Lisbon Troopers CT,
Overland MO PD,Overland MO PD,Kennesaw State University
Boone NC PD,Boone NC PD,
Toronto OH PD,Toronto OH PD,Kennesaw State University
Valley Center KS DPS,Valley Center KS DPS,
Parsons KS PD,Parsons KS PD,
Harris County Const TX Pct 1 ,Harris County TX MUD No. 119 ,
Hume PD IL ,Hume PD IL ,
Mauston WI PD ,Mauston WI PD ,
Valparaiso IN PD,Valparaiso PD IN,
Fort Mill SC PD,Fort Mill SC PD,Kennesaw State University
Genoa Township OH PD ,Genoa Township OH PD,
Huntsville AL PD,Huntsville AL PD,Kennesaw State University
CSX Railroad PD,CSX Railroad TN PD,Kennesaw State University
Chesterfield Twp MI PD,Chesterfield MI PD,
Edmond OK PD,Edmond OK PD,
Dandridge TN PD,Dandridge TN PD,Kennesaw State University
Grants Pass OR PD,Grants Pass OR PD,
Anderson County SC SO,Anderson County SC SO,Kennesaw State University
Belton MO PD,Belton MO PD,
Simpsonville SC PD,Simpsonville SC PD,Kennesaw State University
Franklin MA PD,Franklin MA PD,
Mason County IL SO,Mason County IL SO,
Caldwell CO TX SO ,Caldwell County TX SO ,Kennesaw State University
Slidell LA PD,Slidell LA PD,Kennesaw State University
Barber County KS SO,Barber County KS SO,
Quincy IL PD,Quincy IL PD,Kennesaw State University
Scott County KY SO,Scott Co KY SO,
Georgetown SC PD,Georgetown SC PD,Kennesaw State University
Green Lake County WI SO,Green Lake County WI SO (LPR),
Leon County FL SO,Leon County FL SO,Kennesaw State University
Little Rock AR PD,Little Rock AR PD,Kennesaw State University
Twinsburg OH PD,Twinsburg OH PD,
Hickory Hills IL PD,Hickory Hills IL PD,
Sardis City AL PD,Sardis City AL PD,Kennesaw State University
Hardin County TN SO,Hardin County TN SO,Kennesaw State University
Edmundson MO PD,Edmundson MO PD,
Wyandotte MI PD,Wyandotte MI PD,Kennesaw State University
Horry County SC PD,Horry County SC PD,
Grand Haven MI DPS,Grand Haven MI DPS,Kennesaw State University
Dale County AL SO,Dale County AL SO,Kennesaw State University
Town & Country MO PD,Town & Country MO PD,
City of Sierra Vista AZ,Sierra Vista AZ PD,
Mooresville IN PD,Mooresville IN PD,
Lavonia GA PD,Lavonia GA PD,"Kennesaw State University,Kennesaw State University Raven"
Angier NC PD,Angier NC PD,Kennesaw State University
OH - Hamilton PD,Hamilton OH PD,Kennesaw State University
Moundridge KS PD,Moundridge PD (KS) Falcon Cameras,
MS - Raymond PD,Raymond PD (MS),Kennesaw State University
Pascagoula MS PD,Pascagoula MS PD,Kennesaw State University
Higginsville MO PD,Higginsville MO PD,
Malvern AR PD,Malvern AR PD ,
Fulton County GA PD,Fulton County GA PD,"Kennesaw State University,Kennesaw State University Raven"
Peru IL PD,Peru IL PD,
Mar Mac IA PD,Mar-Mac IA PD ,
Maryville TN PD,Maryville TN PD,
Calumet County WI SO,Calumet County WI SO,
Springfield MO PD,Springfield MO PD,Kennesaw State University
South Fulton GA PD,South Fulton GA PD,"Kennesaw State University,Kennesaw State University Raven"
Fayette County TN SO,Fayette County TN SO,Kennesaw State University
Niagara Falls City NY PD,Niagara Falls City NY PD,Kennesaw State University
Selma NC PD,Selma NC PD ,Kennesaw State University
Conway SC PD,Conway SC PD,Kennesaw State University
Breese IL PD,Breese IL PD,
Asheville NC PD,Asheville NC PD ,Kennesaw State University
North Little Rock AR PD,North Little Rock AR PD,Kennesaw State University
Bossier City LA PD,Bossier City LA PD,
East Georgia State College Campus PD (GA),East Georgia State College Campus PD (GA),Kennesaw State University
Northbrook IL PD,Northbrook IL PD,
Jefferson County AR SO ,Jefferson County AR SO (Flex Cams) ,
Jeffersontown KY PD,Jeffersontown KY PD,Kennesaw State University
Clayton County GA SO,Clayton County GA SO,"Kennesaw State University,Kennesaw State University Raven"
Monroe NC PD,Monroe NC PD,Kennesaw State University
Osage Beach MO PD,Osage Beach MO PD,
Springfield GA PD,Springfield GA PD ,Kennesaw State University
Thomaston GA PD,Thomaston GA PD,Kennesaw State University
West Georgia Technical College (GA),West Georgia Technical College (GA),
Rockwood TN PD,Rockwood TN PD,Kennesaw State University
Heard County GA SO,Heard County GA SO,Kennesaw State University
Mountain City TN PD,Mountain City TN PD,Kennesaw State University
Medina County OH SO,Medina County OH SO,
Lindale TX PD,Lindale TX PD,
Coconut Creek FL PD,"Coconut Creek FL PD,Coconut Creek FL PD Flex",
Carroll County OH SO,Carroll County OH SO,Kennesaw State University
Upper Arlington OH PD,Upper Arlington OH PD,
Brooklet GA PD,Brooklet GA PD,"Kennesaw State University,Kennesaw State University Raven"
Milton MA PD ,Milton MA PD ,
Rincon GA PD,Rincon GA PD,Kennesaw State University
Angleton PD TX,Angleton PD TX ,
Easley SC PD,Easley SC PD,Kennesaw State University
Southern Illinois University IL PD ,Southern Illinois University IL PD ,Kennesaw State University
Chaffee County CO SO,Chaffee County CO SO,Kennesaw State University
Cullman AL PD,Cullman AL PD,Kennesaw State University
Mineral County NV SO,Mineral County NV SO,
Lowndes County GA SO,Lowndes County GA SO ,Kennesaw State University
Huron OH PD,Huron OH PD,
Bradley IL PD,Bradley IL PD,
Reeds Spring MO PD,Reeds Spring MO PD,
Liberty County FL SO,Liberty County FL SO,
Kosciusko MS PD,Kosciusko MS PD,Kennesaw State University
River Grove IL PD ,River Grove IL PD ,
Ash Grove MO PD,Ash Grove MO PD ,
West Chicago IL PD,West Chicago IL PD ,
Dublin GA PD,Dublin GA PD,"Kennesaw State University,Kennesaw State University Raven"
Lea County NM SO,Lea County NM SO,Kennesaw State University
Tulsa County OK SO ,Tulsa County OK SO,Kennesaw State University
Adams County WA SO,Adams County WA SO (Flex),
Monticello IL PD ,Monticello PD IL,
Logansport IN PD,Logansport IN PD,Kennesaw State University
Euharlee GA PD,"Euharlee GA PD (Condor),Euharlee GA PD","Kennesaw State University,Kennesaw State University Raven"
Lafayette County MO SO,Lafayette County MO SO,
Echols County GA SO,Echols County GA SO,Kennesaw State University
Union MO PD,Union PD (MO),
Pocatello ID PD,Pocatello ID PD,
Northport AL PD,Northport AL PD,Kennesaw State University
Watertown WI PD,Watertown WI PD,
Hiawassee GA PD,Hiawassee GA PD,Kennesaw State University
Brookings SD PD,Brookings SD PD,Kennesaw State University
Laurens County SC SO,Laurens County SC SO,Kennesaw State University
Morton Grove IL PD,Morton Grove IL PD,
Arnold MO PD,Arnold MO PD,Kennesaw State University
Whitehall OH PD,Whitehall OH PD,Kennesaw State University
Columbiana AL PD,Columbiana AL PD,Kennesaw State University
Foley AL PD,Foley AL PD,Kennesaw State University
Dolton IL PD,Dolton IL PD,
Brent AL PD,Brent AL PD,Kennesaw State University
Evansville IN PD,Evansville IN PD,Kennesaw State University
Jefferson GA PD,Jefferson GA PD,"Kennesaw State University,Kennesaw State University Raven"
Tuscaloosa AL PD,Tuscaloosa AL PD,Kennesaw State University
Reedsburg WI PD,Reedsburg WI PD,
Clark County WI SO,Clark County WI SO,
Tifton GA PD,Tifton Police Department ,Kennesaw State University
Lookout Mountain TN PD,Lookout Mountain TN PD ,Kennesaw State University
Cheektowaga Town NY PD,Cheektowaga Town NY PD,
Georgetown IN PD,Georgetown IN PD,Kennesaw State University
Erwin NC PD,Erwin NC PD,Kennesaw State University
Jefferson County OH SO,Jefferson County OH SO,Kennesaw State University
Summit County OH SO,Summit County OH SO ,
Gardner KS PD,Gardner KS PD,
Andover KS PD,Andover KS PD,
West Chester OH PD,West Chester OH PD,"Kennesaw State University,Kennesaw State University Raven"
Tippecanoe County IN SO,Tippecanoe County IN SO,Kennesaw State University
Black Mountain NC PD,Black Mountain NC PD,Kennesaw State University
Alexandria IN PD,Alexandria IN PD,Kennesaw State University
Van Buren AR PD,Van Buren AR PD,
Brevard County FL SO ,Brevard County FL SO ,Kennesaw State University
Florida Atlantic University FL PD,Florida Atlantic University (FL),
Spencer County IN SO,Spencer County IN SO,Kennesaw State University
Greenbrier TN PD,Greenbrier TN PD,Kennesaw State University
Twiggs County GA SO ,Twiggs County GA SO ,Kennesaw State University
Hopkinsville KY PD,Hopkinsville KY PD,
Irving TX PD,Irving TX PD,
Jasper IN PD,Jasper IN PD,Kennesaw State University
Ladd IL PD,Ladd IL PD,
Batavia NY PD,Batavia NY PD,
Wood County WI SO,"Wood County WI SO (FLEX),Wood County WI SO",
Waukon IA PD,Waukon IA PD,
Westland MI PD,Westland MI PD,
Howard County IN SO,IN - Howard County SO,Kennesaw State University
University of Louisville KY PD,University of Louisville KY PD,Kennesaw State University
Kittitas WA PD,Kittitas WA PD,
Holly Hill FL PD,Holly Hill FL PD,Kennesaw State University
Berea KY PD,Berea KY PD,Kennesaw State University
Marinette WI PD,Marinette WI PD,
Robertson County TN SO,Robertson County SO TN,Kennesaw State University
McCracken County KY SO,McCracken County KY SO,Kennesaw State University
Eufaula AL PD,Eufaula AL PD,Kennesaw State University
West Palm Beach FL PD,West Palm Beach FL PD,Kennesaw State University
Indian Hills KY PD,Indian Hills KY PD,
Scottsbluff NE PD,Scottsbluff NE PD,
Summerset SD PD,Summerset SD PD,Kennesaw State University
Avon CT PD,Avon CT PD,
Gary IN PD,Gary IN PD,
Oxford AL PD,Oxford AL PD,Kennesaw State University
Wauwatosa WI PD,Wauwatosa WI PD,
Onondaga County NY SO ,Onondaga County NY SO,Kennesaw State University
Allen Park PD MI,Allen Park PD MI,
Thomasville AL PD,Thomasville AL PD,Kennesaw State University
Auglaize County OH SO,Auglaize County OH SO,Kennesaw State University
Somerton AZ PD,Somerton AZ PD,
Covington TN PD,Covington TN PD,Kennesaw State University
Charleston MO DPS,Charleston MO DPS,Kennesaw State University
Buncombe County NC SO,Buncombe County NC SO,Kennesaw State University
Warren AR PD ,Warren AR PD ,Kennesaw State University
Trumann AR PD,Trumann AR PD,
Belvidere IL PD,Belvidere IL PD,
Mount Vernon OH PD,Mount Vernon OH PD,Kennesaw State University
Greene County GA SO,Greene County GA SO,"Kennesaw State University,Kennesaw State University Raven"
Park Hills MO PD,Park Hills MO PD,Kennesaw State University
Highland Heights KY PD,Highland Heights KY PD,Kennesaw State University
Marion NC PD,Marion NC PD,Kennesaw State University
Clinton Township OH PD,Clinton Township OH PD,
Cypress Fairbanks ISD (TX) PD,CyFair ISD PD (TX),
Pasco County FL SO,Pasco County FL SO,
Pulaski County GA SO ,Pulaski County GA SO ,Kennesaw State University
Jefferson City TN PD,Jefferson City TN PD,
Cocke County TN SO,Cocke County TN SO,Kennesaw State University
Palmyra MO PD,Palmyra MO PD,
"Public Service Authority, Santee Cooper Law Enforcement Division (SC)","Public Service Authority, Santee Cooper Law Enforcement Division (SC)",
Brantley County GA SO,Brantley County GA SO,Kennesaw State University
Fargo ND PD,Fargo ND PD,
Mountain Brook AL PD,Mountain Brook AL PD,Kennesaw State University
Crystal City MO PD,Crystal City MO PD,Kennesaw State University
Windcrest TX PD,Windcrest PD TX ,
Lake Park GA PD,Lake Park GA PD,Kennesaw State University
Kohler WI PD,Kohler WI PD,
Barry County SO MO,Barry County MO SO,
Danville KY PD,Danville KY PD,"Kennesaw State University,Kennesaw State University Raven"
Tift County GA SO,Tift County GA SO,"Kennesaw State University,Kennesaw State University Raven"
Clay County TX SO ,Clay County TX SO ,
Double Springs AL PD,Double Springs AL PD,
Richmond TX PD,Richmond TX PD,
Wright City MO PD,Wright City MO PD,
Monmouth IL PD,Monmouth IL PD,
Byron GA PD ,Byron GA PD ,"Kennesaw State University,Kennesaw State University Raven"
Royston GA PD,Royston GA PD,Kennesaw State University
Lawrence IN PD,Lawrence IN PD,
Othello WA PD,Othello WA PD,Kennesaw State University
Centralia IL PD,Centralia IL PD ,Kennesaw State University
Williamson Co. IL SO,Williamson Co. IL SO,Kennesaw State University
Ashland WI PD,Ashland WI PD,
Marinette County SO (WI),Marinette County SO (WI),
Oglethorpe GA PD,Oglethorpe GA PD ,Kennesaw State University
Town of Groton CT PD,Groton CT PD,Kennesaw State University
St. Charles County MO PD,St. Charles County MO PD,Kennesaw State University
Ocean Springs MS PD,Ocean Springs MS PD,Kennesaw State University
White County IN SO,White County IN SO,
Johnston County NC SO,Johnston County NC SO,Kennesaw State University
Harvey County KS SO,Harvey County KS SO ,Kennesaw State University
McCaysville GA PD,McCaysville GA PD,"Kennesaw State University,Kennesaw State University Raven"
Tupelo Regional Airport,Tupelo Regional Airport PD (MS),Kennesaw State University
Allen TX PD,Allen TX PD ,
Seneca SC PD,Seneca SC PD,Kennesaw State University
Mitchell County GA SO,Mitchell County GA SO,Kennesaw State University
Calloway County KY SO,Calloway County KY SO,Kennesaw State University
Clay County FL SO,Clay County FL SO (Condor),
Chaves County NM SO,Chaves County NM SO,
Milan MI PD,Milan MI PD,
Willow Springs IL PD,Willow Springs IL PD,
Plymouth WI PD,Plymouth WI PD,
Crown Point IN PD,Crown Point IN PD,
St. Matthews KY PD,Saint Matthews KY PD,Kennesaw State University
AL - Wallace State Community College,Wallace State Community College (AL),
Waxhaw NC PD,Waxhaw NC PD,Kennesaw State University
Pierce County GA SO,Pierce County GA SO,Kennesaw State University
Sullivan County TN SO,Sullivan County TN SO,Kennesaw State University
Mineral Area Drug Task Force MO,Mineral Area Drug Task Force MO,Kennesaw State University
Grand Blanc Twp MI PD,Grand Blanc Twp MI PD,
Florida City FL PD,Florida City FL PD,
Buford City Schools GA,"Buford, GA - City Schools",
Bartholomew County IN SO,Bartholomew Co. IN SO,
Tuscaloosa County AL SO,Tuscaloosa County AL SO,Kennesaw State University
Lac Courte Oreilles Tribal Police WI,Lac Courte Oreilles Tribal Police WI,
Sauk County WI SO,Sauk County WI SO ,
Forest City NC PD,Forest City NC PD,Kennesaw State University
Memphis Intl Airport,TN - Memphis Intl Airport,Kennesaw State University
Miami County OH SO,Miami County OH SO,"Kennesaw State University,Kennesaw State University Raven"
Locust Grove OK PD,Locust Grove OK PD,Kennesaw State University
Nicholasville KY PD,Nicholasville KY PD,Kennesaw State University
St. Charles City MO PD,St. Charles City MO PD,Kennesaw State University
Sparta GA PD,Sparta GA PD,Kennesaw State University
Chadbourn NC PD,Chadbourn NC PD,Kennesaw State University
OH - Oakwood PD,Oakwood PD OH,Kennesaw State University
Kingsport TN PD,Kingsport TN PD,Kennesaw State University
Bluffton SC PD ,Bluffton SC PD ,Kennesaw State University
Jefferson Parish LA SO,Jefferson Parish LA SO,
Austell GA PD,Austell GA PD,"Kennesaw State University,Kennesaw State University Raven"
Burke County GA SO,Burke County GA SO,
Hampton GA PD,Hampton GA PD,
Cherokee County GA DA,,"Kennesaw State University,Kennesaw State University Raven"
Tampa FL PD,,Kennesaw State University
NYS Crime Analysis Center Network,,Kennesaw State University
Johnson County IN SO,,Kennesaw State University
New York State Police NY,,Kennesaw State University
Walterboro SC PD,,Kennesaw State University
Brownsburg IN PD,,Kennesaw State University
Abbeville SC PD,,Kennesaw State University
Nashville Intl Airport TN PD,,Kennesaw State University
TN ROCIC,,Kennesaw State University
Montgomery County VA SO,,Kennesaw State University
Palm Beach Gardens FL PD,,Kennesaw State University
Boynton Beach FL PD,,Kennesaw State University
Clintwood VA PD,,Kennesaw State University
Marianna FL PD,,Kennesaw State University
Zephyrhills FL PD,,Kennesaw State University
Byram MS PD,,Kennesaw State University
Vance County NC SO,,Kennesaw State University
Huntington County IN SO,,Kennesaw State University
Luray VA PD,,Kennesaw State University
Indian River County FL SO,,Kennesaw State University
Fort Lauderdale FL PD ,,Kennesaw State University
Puyallup WA PD,,Kennesaw State University
Anoka County MN SO,,Kennesaw State University
Smyth County VA SO,,Kennesaw State University
Sun Valley PD ID ,,Kennesaw State University
Newtown OH PD,,Kennesaw State University
Prince George County VA PD,,Kennesaw State University
Chicago IL PD,,Kennesaw State University
OH - U.S.23 Major Crimes Task Force,,Kennesaw State University
Juab County UT SO,,Kennesaw State University
Daytona Beach FL PD,,Kennesaw State University
Volusia County FL SO,,Kennesaw State University
South Carolina Law Enforcement Division - SLED,,Kennesaw State University
Washoe County NV SO,,Kennesaw State University
Hillsville VA PD,,Kennesaw State University
Caruthersville MO PD,,Kennesaw State University
Talbot County GA SO,,Kennesaw State University
Franklin County OH SO,,Kennesaw State University
Dillon SC PD,,Kennesaw State University
West Melbourne FL PD,,Kennesaw State University
IN - Rensselaer PD,,Kennesaw State University
Jackson MO PD,,Kennesaw State University
Bedford VA PD,,Kennesaw State University
Elgin TX PD,,Kennesaw State University
Poughkeepsie City NY PD,,Kennesaw State University
Town of Bean Station PD  TN,,Kennesaw State University
Wedowee AL PD,,Kennesaw State University
Jacksonville Beach FL PD,,Kennesaw State University
Elmhurst IL PD,,Kennesaw State University
Gibsonville NC PD,,Kennesaw State University
Briarwood AL Campus Police,,Kennesaw State University
Juno Beach FL PD,,Kennesaw State University
Fletcher NC PD,,Kennesaw State University
Tooele City PD UT,,Kennesaw State University
Hamilton County FL SO,,Kennesaw State University
Crainville IL PD ,,Kennesaw State University
North Palm Beach FL PD,,Kennesaw State University
Richmond VA PD,,Kennesaw State University
Madison County TN SO,,Kennesaw State University
Henry County VA SO,,Kennesaw State University
Travelers Rest SC PD,,Kennesaw State University
South Barrington IL PD,,Kennesaw State University
Wayne County TN SO,,Kennesaw State University
Hollywood FL PD,,Kennesaw State University
Miami FL PD,,Kennesaw State University
Adairville KY PD,,Kennesaw State University
Blacksburg SC PD ,,Kennesaw State University
New Kent County VA SO,,Kennesaw State University
Jupiter FL PD,,Kennesaw State University
Virginia Department of Wildlife Resources (DWR),,Kennesaw State University
Old Westbury Village NY PD,,Kennesaw State University
Pitt County NC SO,,Kennesaw State University
DeLand FL PD,,Kennesaw State University
Pemiscot County MO SO,,Kennesaw State University
Live Oak FL PD,,Kennesaw State University
Kendall County TX SO,,Kennesaw State University
Queen Creek AZ PD,,Kennesaw State University
Alvin TX PD,,Kennesaw State University
Atlantic Beach FL PD,,Kennesaw State University
Orleans Levee District PD,,Kennesaw State University
Washington County OH SO,,Kennesaw State University
Show Low AZ PD,,Kennesaw State University
Ocoee FL PD,,Kennesaw State University
Vermillion County IN SO,,Kennesaw State University
Spokane County WA SO,,Kennesaw State University
Dent County MO SO,,Kennesaw State University
Springfield FL PD,,Kennesaw State University
Wapakoneta OH PD,,Kennesaw State University
Lyman PD SC ,,Kennesaw State University
Sullivan  IL PD,,Kennesaw State University
Carrollton OH PD,,Kennesaw State University
Hardin County OH SO,,Kennesaw State University
Okaloosa County FL SO,,Kennesaw State University
Texas City TX PD,,Kennesaw State University
AL - Troy University - Insight ,,Kennesaw State University
Vandalia IL PD ,,Kennesaw State University
Florida Department of Law Enforcement (FDLE),,Kennesaw State University
East Tennessee State University TN Campus PD ,,Kennesaw State University
Prince William County VA PD,,Kennesaw State University
Greensboro GA PD ,,Kennesaw State University
Oneonta AL PD,,Kennesaw State University
18th Judicial District DA's Office- LA PD,,Kennesaw State University
Pennington Gap VA PD,,Kennesaw State University
Florida Highway Patrol,,Kennesaw State University
Normandy MO PD,,Kennesaw State University
Guilford County NC SO,,Kennesaw State University
Pike County IL SO ,,Kennesaw State University
Clinton CT PD,,Kennesaw State University
Holbrook MA PD,,Kennesaw State University
Summit IL PD,,Kennesaw State University
Kemper County MS SO,,Kennesaw State University
Lake Wales FL PD,,Kennesaw State University
Jacksonville AL PD,,Kennesaw State University
Eminence KY PD,,Kennesaw State University
Nassau County FL SO,,Kennesaw State University
Pembroke Pines FL PD,,Kennesaw State University
Crawford County IL SO ,,Kennesaw State University
Calumet Park IL PD,,Kennesaw State University
Grayson County VA SO,,Kennesaw State University
App State University NC PD,,Kennesaw State University
Palm Bay FL PD,,Kennesaw State University
Roanoke VA PD,,Kennesaw State University
Metro East Auto Theft (IL),,Kennesaw State University
Woodhaven MI PD,,Kennesaw State University
Danville IN PD,,Kennesaw State University
Stone County MS SO,,Kennesaw State University
Abilene KS PD,,Kennesaw State University
Greenville MS PD,,Kennesaw State University
Palm Beach FL PD,,Kennesaw State University
Waynesville NC PD,,Kennesaw State University
Greene County IN SO,,Kennesaw State University
Struthers OH PD,,Kennesaw State University
Creedmoor NC PD,,Kennesaw State University
CAC - Monroe NY,,Kennesaw State University
Wabash IN PD,,Kennesaw State University
Clermont County SO - OH ,,Kennesaw State University
Weber City VA PD,,Kennesaw State University
Moundville AL PD,,Kennesaw State University
Clovis NM PD,,Kennesaw State University
Westwego LA PD,,Kennesaw State University
University of Illinois at Urbana-Champaign IL PD,,Kennesaw State University
Wilmette IL PD ,,Kennesaw State University
Fairmont State University WV PD,,Kennesaw State University
Saline County IL SO,,Kennesaw State University
Elloree SC PD,,Kennesaw State University
Adel GA PD ,,Kennesaw State University
Shenandoah County VA SO,,Kennesaw State University
Georgia State Patrol GA PD,,"Kennesaw State University,Kennesaw State University Raven"
Eaton OH PD,,"Kennesaw State University,Kennesaw State University Raven"
Wyoming OH PD,,"Kennesaw State University,Kennesaw State University Raven"
Manchester GA PD,,"Kennesaw State University,Kennesaw State University Raven"
Clark Atlanta University GA PD,,"Kennesaw State University,Kennesaw State University Raven"
GA - MCS/OCU/Intelligence,,"Kennesaw State University,Kennesaw State University Raven"
Buford GA Department of Public Safety,,"Kennesaw State University,Kennesaw State University Raven"
Lauderdale County MS SO,,Kennesaw State University
Alexander County NC SO,,Kennesaw State University
Huntingburg IN PD,,Kennesaw State University
Colerain Township PD - OH ,,Kennesaw State University
Glynn County GA SO,,Kennesaw State University
Cynthiana KY PD,,Kennesaw State University
Camden AR PD,,Kennesaw State University
Crewe VA PD,,Kennesaw State University
Jackson Parish LA SO,,Kennesaw State University
TX - Vidor PD ,,Kennesaw State University
Glen Carbon IL PD,,Kennesaw State University
Roanoke Rapids NC PD,,Kennesaw State University
La Vergne TN PD,,Kennesaw State University
Morris IL PD,,Kennesaw State University
Houston County AL SO,,Kennesaw State University
Carter County TN SO,,Kennesaw State University
Obetz OH PD,,Kennesaw State University
Coffee County AL SO,,Kennesaw State University
Osceola AR PD,,Kennesaw State University
Greensville County VA SO,,Kennesaw State University
Bedford County TN SO,,Kennesaw State University
Emporia VA PD ,,Kennesaw State University
Campbell County VA SO,,Kennesaw State University
Ohio County SO WV,,Kennesaw State University
White County AR SO ,,Kennesaw State University
Fairmont WV PD,,Kennesaw State University
Wilton CT PD,,Kennesaw State University
Summit County CO SO,,Kennesaw State University
City of Washington PA PD ,,Kennesaw State University
Moulton AL PD,,Kennesaw State University
Maury County SO TN,,Kennesaw State University
ECU Health NC PD,,Kennesaw State University
Pinellas County FL SO,,Kennesaw State University
Hoke County NC SO,,Kennesaw State University
Beverly OH PD,,Kennesaw State University
Knox County IN SO,,Kennesaw State University
Orange Park FL PD,,Kennesaw State University
Culpeper VA PD ,,Kennesaw State University
Wilson County TN SO,,Kennesaw State University
Powhatan County VA SO,,Kennesaw State University
Kimmswick MO PD,,Kennesaw State University
Kenner LA PD,,Kennesaw State University
Osceola County FL SO,,Kennesaw State University
Woodruff SC PD ,,Kennesaw State University
Arthur IL PD,,Kennesaw State University
Bayfield County WI SO,,Kennesaw State University
Cape Girardeau County MO SO,,Kennesaw State University
Caroline County VA SO,,Kennesaw State University
Forsyth County NC SO,,Kennesaw State University
Sherman IL PD,,Kennesaw State University
Grainger County TN SO,,Kennesaw State University
Wise County VA SO,,Kennesaw State University
Massillon OH PD,,Kennesaw State University
Lenoir NC PD,,Kennesaw State University
Terrebonne Parish LA SO ,,Kennesaw State University
University of Tennessee Health Science Center Memphis TN PD,,Kennesaw State University
Ashland OH PD,,Kennesaw State University
Monongalia WV County SO,,Kennesaw State University
Florida Office of Agriculture Law Enforcement,,Kennesaw State University
Lawrenceville VA PD,,Kennesaw State University
Ouachita Parish LA SO,,Kennesaw State University
Laurel Park NC PD,,Kennesaw State University
Fredericksburg City VA PD,,Kennesaw State University
Old Fort NC PD ,,Kennesaw State University
Blount County Commission (AL),,Kennesaw State University
SC - Columbia Metropolitan Airport PD ,,Kennesaw State University
Phelps County NE SO,,Kennesaw State University
Bellevue KY PD,,Kennesaw State University
Mont Belvieu TX PD ,,Kennesaw State University
Wilson's Mills NC PD,,Kennesaw State University
Dodge City KS PD,,Kennesaw State University
Russellville AR PD,,Kennesaw State University
Buffalo County WI SO,,Kennesaw State University
Fort Thomas KY PD,,Kennesaw State University
Houston Arson Bureau TX,,Kennesaw State University
Alachua County FL SO,,Kennesaw State University
Nash County NC SO,,Kennesaw State University
Cedar County IA SO,,Kennesaw State University
Neosho County KS SO,,Kennesaw State University
Seminole County FL SO,,Kennesaw State University
IN - Tipton County SO,,Kennesaw State University
FL - Belleair PD,,Kennesaw State University
Leitchfield KY PD,,Kennesaw State University
Colorado Springs CO PD,,Kennesaw State University
St Mary Parish LA SO,,Kennesaw State University
Franklin County NC SO,,Kennesaw State University
Banner Elk NC PD,,Kennesaw State University
New Richmond OH PD,,Kennesaw State University
Vero Beach FL PD,,Kennesaw State University
Kentucky State KY PD,,Kennesaw State University
Arlington PD (WA),,Kennesaw State University
Indiana HIDTA ,,Kennesaw State University
OH - Sabina PD ,,Kennesaw State University
Vienna VA PD,,Kennesaw State University
Pensacola FL PD,,Kennesaw State University
Mill Creek WA PD,,Kennesaw State University
Fayette County KY SO,,Kennesaw State University
Nags Head NC PD,,Kennesaw State University
Silver Lake PD IN,,Kennesaw State University
Harrison County SO MS,,Kennesaw State University
Santa Ana CA PD,,Kennesaw State University
Branchville SC PD,,Kennesaw State University
South Dakota Division of Criminal Investigation SD ,,Kennesaw State University
Austin County TX SO,,Kennesaw State University
Jefferson County GA SO,,Kennesaw State University
Rockingham County VA SO,,Kennesaw State University
Chattahoochee FL PD,,Kennesaw State University
Limestone County AL SO ,,Kennesaw State University
Ross Township PA PD,,Kennesaw State University
Wilson County NC SO,,Kennesaw State University
Spotsylvania County VA SO,,Kennesaw State University
Dover DE PD,,Kennesaw State University
Clover SC PD,,Kennesaw State University
Tuscarawas County OH SO,,Kennesaw State University
Somerset County NJ Prosecutors Office,,Kennesaw State University
New Orleans LA PD,,Kennesaw State University
West Virginia Fusion Center (WV),,Kennesaw State University
Louisiana State Police (LA),,Kennesaw State University
Centerville IN PD,,Kennesaw State University
Aviston IL PD,,Kennesaw State University
Shinnston WV PD,,Kennesaw State University
Reidsville NC PD,,Kennesaw State University
Freeport ME PD,,Kennesaw State University
Lake County FL SO,,Kennesaw State University
Cross City FL PD,,Kennesaw State University
Hampton AR PD,,Kennesaw State University
South Daytona FL PD,,Kennesaw State University
Winterville GA PD,,Kennesaw State University
Lowell MA PD,,Kennesaw State University
Allen County IN SO,,Kennesaw State University
Indian River County FL SO (2),,Kennesaw State University
Glastonbury CT PD,,Kennesaw State University
SC - Yemassee PD,,Kennesaw State University
Suffolk VA PD,,Kennesaw State University
Franklin County PA SO,,Kennesaw State University
Charleston County SC SO,,Kennesaw State University
Moore County NC SO,,Kennesaw State University
Auburn AL PD,,Kennesaw State University
Woodbury County IA SO,,Kennesaw State University
Alexandria LA PD,,Kennesaw State University
Pulaski VA PD,,Kennesaw State University
Energy IL PD,,Kennesaw State University
Newton NC PD ,,Kennesaw State University
Wakulla County FL SO,,Kennesaw State University
Wellford SC PD,,Kennesaw State University
Edisto Beach SC PD,,Kennesaw State University
Reeves CO TX SO,,Kennesaw State University
Skokie IL PD,,Kennesaw State University
Lee County IL SO,,Kennesaw State University
Metropolitan Washington DC PD,,Kennesaw State University
AR - Arkadelphia PD,,Kennesaw State University
Kaysville UT PD,,Kennesaw State University
Lonoke County AR SO,,Kennesaw State University
Dickenson County VA SO,,Kennesaw State University
TN - Pulaski PD,,Kennesaw State University
Mebane NC PD,,Kennesaw State University
Botetourt County VA SO,,Kennesaw State University
Vine Grove KY PD,,Kennesaw State University
Knightdale NC PD,,Kennesaw State University
Scarborough ME PD,,Kennesaw State University
Portland TN PD,,Kennesaw State University
Brookville OH PD,,Kennesaw State University
York ME PD,,Kennesaw State University
Salem IL PD,,Kennesaw State University
California Highway Patrol,,Kennesaw State University
Montgomery County IN SO,,Kennesaw State University
Washington Parish LA SO,,Kennesaw State University
Marshall TX PD,,Kennesaw State University
Caswell County NC SO,,Kennesaw State University
White County IL SO,,Kennesaw State University
Ohio Bureau of Criminal Investigation,,Kennesaw State University
Southern View IL PD,,Kennesaw State University
Champaign County IL SO,,Kennesaw State University
Lawrence County IL SO,,Kennesaw State University
Murfreesboro TN PD,,Kennesaw State University
Marion County IL SO,,Kennesaw State University
Roxboro NC PD,,Kennesaw State University
Henderson NC PD,,Kennesaw State University
Halifax County VA SO,,Kennesaw State University
Bloomington IL PD,,Kennesaw State University
Town of Jonesboro LA PD,,Kennesaw State University
St. Clair County AL SO,,Kennesaw State University
Jasper County SC SO,,Kennesaw State University
Harrisonburg VA PD,,Kennesaw State University
Middleburg Heights OH PD,,Kennesaw State University
Haysi VA PD,,Kennesaw State University
Vacaville CA PD,,Kennesaw State University
Carroll County VA SO,,Kennesaw State University
Clinton Township NJ PD,,Kennesaw State University
Lucas County OH SO,,Kennesaw State University
Chatham County NC SO,,Kennesaw State University
MS - Yazoo City PD,,Kennesaw State University
Ashland County OH SO,,Kennesaw State University
Bellefontaine PD - OH ,,Kennesaw State University
Clinton County SO - OH,,Kennesaw State University
Goshen TWP OH PD,,Kennesaw State University
Rutherfordton NC PD ,,Kennesaw State University
Taylorsville NC PD,,Kennesaw State University
Norfolk Southern RR IL PD,,Kennesaw State University
Clemson University SC PD,,Kennesaw State University
Indialantic FL PD,,Kennesaw State University
DO NOT USE ,,Kennesaw State University
North Carolina State Bureau of Investigation (NCSBI),,Kennesaw State University
Pendleton  SC PD,,Kennesaw State University
McDonough County IL SO,,Kennesaw State University
Pinellas Park FL PD,,Kennesaw State University
Central City KY PD,,Kennesaw State University
Elmore County AL SO,,Kennesaw State University
Paulding County OH SO,,Kennesaw State University
UMMC (University of Mississippi Medical Center) MS PD,,Kennesaw State University
Cole County MO SO,,Kennesaw State University
Wilmington OH PD,,Kennesaw State University
Goodyear AZ PD,,Kennesaw State University
Decatur IN PD,,Kennesaw State University
University of South Florida FL PD,,Kennesaw State University
Pennsylvania State PD,,Kennesaw State University
Niagara Frontier Transit Authority (NFTA) PD,,Kennesaw State University
Clay City IN PD,,Kennesaw State University
Shawnee KS PD,,Kennesaw State University
Seward County NE SO,,Kennesaw State University
Hernando County FL SO,,Kennesaw State University
Appling County GA SO,,Kennesaw State University
River Falls WI PD,,Kennesaw State University
Warrior AL PD,,Kennesaw State University
Scottsville VA PD,,Kennesaw State University
Nassau County NY PD,,Kennesaw State University
New Albany OH PD,,Kennesaw State University
Kenton County KY SO,,Kennesaw State University
Gilchrist County FL SO,,Kennesaw State University
Society SC PD,,Kennesaw State University
Mississippi Department of Public Safety,,Kennesaw State University
Kings Mountain NC PD,,Kennesaw State University
Rockport IN PD,,Kennesaw State University
Gretna LA PD,,Kennesaw State University
Williamsburg VA PD,,Kennesaw State University
Alabama Drug Enforcement Task Force Region G,,Kennesaw State University
Alabama Department of Revenue,,Kennesaw State University
Bourbon County KS SO,,Kennesaw State University
Brunswick County VA SO,,Kennesaw State University
El Cajon CA PD,,Kennesaw State University
Pottawattamie County IA SO ,,Kennesaw State University
Oakboro NC PD,,Kennesaw State University
Whiteville NC PD,,Kennesaw State University
Tennessee Bureau of Investigation,,Kennesaw State University
Madison AL PD,,Kennesaw State University
Bridgeton MO PD,,Kennesaw State University
Windsor- IL- PD,,Kennesaw State University
Batavia OH PD,,Kennesaw State University
Pawnee County KS SO,,Kennesaw State University
Wilkesboro NC PD,,Kennesaw State University
Harrisonville MO PD,,Kennesaw State University
University of Alabama - Birmingham Campus AL PD,,Kennesaw State University
Greene County MO SO,,Kennesaw State University
Nashville NC PD ,,Kennesaw State University
Hartford City IN PD,,Kennesaw State University
Glencoe AL PD,,Kennesaw State University
Tallassee AL PD,,Kennesaw State University
Barbour County AL SO,,Kennesaw State University
Ligonier IN PD,,Kennesaw State University
Oviedo FL PD,,Kennesaw State University
Owensboro KY PD,,Kennesaw State University
Fayetteville TN PD,,Kennesaw State University
Hartsville SC PD,,Kennesaw State University
Cleveland TN PD,,Kennesaw State University
Clarksville VA PD,,Kennesaw State University
Rossville IL PD,,Kennesaw State University
Mt. Juliet TN PD,,Kennesaw State University
Childersburg AL PD,,Kennesaw State University
Cornelia GA PD,,Kennesaw State University
Carterville IL PD,,Kennesaw State University
Cheraw SC PD,,Kennesaw State University
Thibodaux LA PD,,Kennesaw State University
LA - Morgan City PD,,Kennesaw State University
Chesterfield County VA PD,,Kennesaw State University
Tompkins County NY Sheriff's Office,,Kennesaw State University
Boaz AL PD,,Kennesaw State University
Steele AL PD,,Kennesaw State University
Sunset Beach NC PD,,Kennesaw State University
UNC Asheville NC PD,,Kennesaw State University
Nebraska State Patrol,,Kennesaw State University
Grove City OH PD,,Kennesaw State University
West Feliciana Parish LA SO,,Kennesaw State University
Wintersville OH PD,,Kennesaw State University
Fayette County IL SO ,,Kennesaw State University
Pulaski County AR SO,,Kennesaw State University
Cross Creek Township OH PD,,Kennesaw State University
Ocala FL PD ,,Kennesaw State University
National Center for Missing & Exploited Children [NCMEC],,Kennesaw State University
Woodstock VA PD,,Kennesaw State University
Butler GA PD,,Kennesaw State University
Jackson WI PD,,Kennesaw State University
Fort Collins CO PD,,Kennesaw State University
Glencoe IL PD,,Kennesaw State University
Lexington Medical Center SC PD,,Kennesaw State University
Fairfax County VA PD,,Kennesaw State University
Adams County IL SO,,Kennesaw State University
Newport KY PD,,Kennesaw State University
Vienna WV PD,,Kennesaw State University
Mountain Home AR PD,,Kennesaw State University
Grand Chute WI PD,,Kennesaw State University
Memphis TN PD,,Kennesaw State University
Richland County SO IL,,Kennesaw State University
Gasconade Co MO SO,,Kennesaw State University
Baton Rouge LA PD,,Kennesaw State University
Aurora OH PD ,,Kennesaw State University
St. Cloud FL PD,,Kennesaw State University
West Harrison IN PD,,Kennesaw State University
Front Royal VA PD,,Kennesaw State University
Millington TN PD,,Kennesaw State University
Frankfort KY PD,,Kennesaw State University
Atoka TN PD,,Kennesaw State University
Enon OH PD,,Kennesaw State University
Miner MO PD,,Kennesaw State University
North Wilkesboro NC PD,,Kennesaw State University
Carson County TX SO ,,Kennesaw State University
Radcliff KY PD,,Kennesaw State University
Franklin County VA SO,,Kennesaw State University
Lebanon KY PD,,Kennesaw State University
Van Wert OH PD,,Kennesaw State University
Charlestown PD IN,,Kennesaw State University
Dayton PD - OH,,Kennesaw State University
James City County VA PD,,Kennesaw State University
Springboro OH PD,,Kennesaw State University
Coffee County TN SO,,Kennesaw State University
Dorchester County SC SO,,Kennesaw State University
Berkeley MO PD,,Kennesaw State University
East Canton OH PD,,Kennesaw State University
Heflin AL PD,,Kennesaw State University
Washington County MO SO,,Kennesaw State University
Ohio State Highway Patrol,,Kennesaw State University
Homecroft IN PD,,Kennesaw State University
Burlington NC PD,,Kennesaw State University
Lamar County TX SO,,Kennesaw State University
St Pauls NC PD,,Kennesaw State University
Santa Claus IN PD,,Kennesaw State University
Virginia State Police,,Kennesaw State University
Wynne School District 9 AR PD,,Kennesaw State University
Benton AR PD,,Kennesaw State University
Raeford NC PD,,Kennesaw State University
Regional Vehicle Burglary Suppression Taskforce TX,,Kennesaw State University
Harnett County NC SO,,Kennesaw State University
Edgewater FL PD,,Kennesaw State University
Rantoul IL PD,,Kennesaw State University
Hamilton County OH SO,,Kennesaw State University
Shenandoah VA PD,,Kennesaw State University
Ohio Attorney General's Office - OOCIC,,Kennesaw State University
Redfield AR PD ,,Kennesaw State University
Chesapeake VA PD ,,Kennesaw State University
Douglas County NV SO,,Kennesaw State University
Thomasville NC PD,,Kennesaw State University
Ballard County KY SO,,Kennesaw State University
Hillsborough NC PD,,Kennesaw State University
Longboat Key FL PD,,Kennesaw State University
Auburn ME PD,,Kennesaw State University
Fayetteville NC PD,,Kennesaw State University
Crestwood MO PD,,Kennesaw State University
Lenoir County NC SO,,Kennesaw State University
UCPAO AR,,Kennesaw State University
Allen County KY SO,,Kennesaw State University
Marion County AL SO,,Kennesaw State University
Fairfield CA PD,,Kennesaw State University
Benton IL PD ,,Kennesaw State University
Scottsville KY PD,,Kennesaw State University
AL - Bear Creek PD,,Kennesaw State University
Greenwood County SC SO,,Kennesaw State University
Missouri State Highway Patrol,,Kennesaw State University
St. Louis County MO PD,,Kennesaw State University
Rhea County TN SO,,Kennesaw State University
Rutherford County NC SO,,Kennesaw State University
Aurora IL PD,,Kennesaw State University
Neshkoro WI PD,,Kennesaw State University
Medina Township OH PD,,Kennesaw State University
Macon County IL SO,,Kennesaw State University
Fort Walton Beach FL PD,,Kennesaw State University
Cedar Bluff VA PD,,Kennesaw State University
West City IL PD ,,Kennesaw State University
Savannah TN PD,,Kennesaw State University
Radford City VA PD,,Kennesaw State University
Champaign IL PD,,Kennesaw State University
Danville IL PD,,Kennesaw State University
Granbury TX PD,,Kennesaw State University
Saint Marys WV PD,,Kennesaw State University
Jeffersonville IN PD,,Kennesaw State University
Hutchinson KS PD,,Kennesaw State University
Normal IL PD ,,Kennesaw State University
Smithfield VA PD,,Kennesaw State University
Pleasants County WV SO,,Kennesaw State University
University of North Carolina Chapel Hill NC ,,Kennesaw State University
Van Buren County TN SO,,Kennesaw State University
Warren County TN SO,,Kennesaw State University
University of Memphis TN PD,,Kennesaw State University
Virginia Tech University VA PD,,Kennesaw State University
Lebanon OH PD,,Kennesaw State University
Plaquemines Parish LA SO,,Kennesaw State University
Altavista VA PD,,Kennesaw State University
Rowan University NJ PD,,Kennesaw State University
Urbana OH PD,,Kennesaw State University
Carbondale IL PD,,Kennesaw State University
Richfield OH PD,,Kennesaw State University
Wythe County VA SO,,Kennesaw State University